{"id":"A000374","title":"Representative","short_title":"Rep.","api_uri":"https://api.propublica.org/congress/v1/members/A000374.json","first_name":"Ralph","middle_name":null,"last_name":"Abraham","suffix":null,"date_of_birth":"1954-09-16","gender":"M","party":"R","leadership_role":null,"twitter_account":"RepAbraham","facebook_account":"CongressmanRalphAbraham","youtube_account":null,"govtrack_id":"412630","cspan_id":"76236","votesmart_id":"155414","icpsr_id":"21522","crp_id":"N00036633","google_entity_id":"/m/012dwd7_","fec_candidate_id":"H4LA05221","url":"https://abraham.house.gov","rss_url":"https://abraham.house.gov/rss.xml","contact_form":null,"in_office":true,"dw_nominate":0.497,"ideal_point":null,"seniority":"4","next_election":"2018","total_votes":841,"missed_votes":8,"total_present":0,"ocd_id":"ocd-division/country:us/state:la/cd:5","office":"417 Cannon House Office Building","phone":"202-225-8490","fax":"202-225-5639","state":"LA","district":"5","at_large":false,"geoid":"2205","missed_votes_pct":0.95,"votes_with_party_pct":97,"response":{"industries":{"@attributes":{"cand_name":"Ralph Abraham (R)","cid":"N00036633","cycle":"2018","origin":"Center for Responsive Politics","source":"https://www.opensecrets.org/members-of-congress/industries?cid=N00036633&cycle=2018","last_updated":"03/26/2018"},"industry":[{"@attributes":{"industry_code":"A01","industry_name":"Crop Production & Basic Processing","indivs":"6400","pacs":"27000","total":"33400"}},{"@attributes":{"industry_code":"M01","industry_name":"Air Transport","indivs":"0","pacs":"23000","total":"23000"}},{"@attributes":{"industry_code":"Q03","industry_name":"Leadership PACs","indivs":"0","pacs":"20750","total":"20750"}},{"@attributes":{"industry_code":"C01","industry_name":"General Contractors","indivs":"19200","pacs":"1000","total":"20200"}},{"@attributes":{"industry_code":"A07","industry_name":"Agricultural Services/Products","indivs":"750","pacs":"19000","total":"19750"}},{"@attributes":{"industry_code":"H01","industry_name":"Health Professionals","indivs":"4600","pacs":"13500","total":"18100"}},{"@attributes":{"industry_code":"P03","industry_name":"Transportation Unions","indivs":"0","pacs":"15500","total":"15500"}},{"@attributes":{"industry_code":"D01","industry_name":"Defense Aerospace","indivs":"0","pacs":"14000","total":"14000"}},{"@attributes":{"industry_code":"H02","industry_name":"Hospitals/Nursing Homes","indivs":"10850","pacs":"2700","total":"13550"}},{"@attributes":{"industry_code":"W06","industry_name":"Retired","indivs":"12450","pacs":"0","total":"12450"}}]}}}