{"id":"A000367","title":"Representative","short_title":"Rep.","api_uri":"https://api.propublica.org/congress/v1/members/A000367.json","first_name":"Justin","middle_name":null,"last_name":"Amash","suffix":null,"date_of_birth":"1980-04-18","gender":"M","party":"R","leadership_role":null,"twitter_account":null,"facebook_account":"repjustinamash","youtube_account":"repjustinamash","govtrack_id":"412438","cspan_id":"1033767","votesmart_id":"105566","icpsr_id":"21143","crp_id":"N00031938","google_entity_id":"/m/0c00p_n","fec_candidate_id":"H0MI03126","url":"https://amash.house.gov","rss_url":"https://amash.house.gov/rss.xml","contact_form":null,"in_office":true,"dw_nominate":0.658,"ideal_point":null,"seniority":"8","next_election":"2018","total_votes":841,"missed_votes":1,"total_present":0,"ocd_id":"ocd-division/country:us/state:mi/cd:3","office":"114 Cannon House Office Building","phone":"202-225-3831","fax":"202-225-5144","state":"MI","district":"3","at_large":false,"geoid":"2603","missed_votes_pct":0.12,"votes_with_party_pct":72.38}