{"id":"A000370","title":"Representative","short_title":"Rep.","api_uri":"https://api.propublica.org/congress/v1/members/A000370.json","first_name":"Alma","middle_name":null,"last_name":"Adams","suffix":null,"date_of_birth":"1946-05-27","gender":"F","party":"D","leadership_role":null,"twitter_account":"RepAdams","facebook_account":"CongresswomanAdams","youtube_account":null,"govtrack_id":"412607","cspan_id":"76386","votesmart_id":"5935","icpsr_id":"21545","crp_id":"N00035451","google_entity_id":"/m/02b45d","fec_candidate_id":"H4NC12100","url":"https://adams.house.gov","rss_url":"https://adams.house.gov/rss.xml","contact_form":null,"in_office":true,"dw_nominate":-0.465,"ideal_point":null,"seniority":"6","next_election":"2018","total_votes":841,"missed_votes":20,"total_present":0,"ocd_id":"ocd-division/country:us/state:nc/cd:12","office":"222 Cannon House Office Building","phone":"202-225-1510","fax":"202-225-1512","state":"NC","district":"12","at_large":false,"geoid":"3712","missed_votes_pct":2.38,"votes_with_party_pct":95.74,"response":{"industries":{"@attributes":{"cand_name":"Alma Adams (D)","cid":"N00035451","cycle":"2016","origin":"Center for Responsive Politics","source":"https://www.opensecrets.org/members-of-congress/industries?cid=N00035451&cycle=2016","last_updated":"11/27/2017"},"industry":[{"@attributes":{"industry_code":"Q03","industry_name":"Leadership PACs","indivs":"0","pacs":"70500","total":"70500"}},{"@attributes":{"industry_code":"P02","industry_name":"Industrial Unions","indivs":"0","pacs":"67000","total":"67000"}},{"@attributes":{"industry_code":"P04","industry_name":"Public Sector Unions","indivs":"0","pacs":"57000","total":"57000"}},{"@attributes":{"industry_code":"Q16","industry_name":"Candidate Committees","indivs":"0","pacs":"44500","total":"44500"}},{"@attributes":{"industry_code":"H01","industry_name":"Health Professionals","indivs":"26400","pacs":"11500","total":"37900"}},{"@attributes":{"industry_code":"Q08","industry_name":"Women's Issues","indivs":"26265","pacs":"6000","total":"32265"}},{"@attributes":{"industry_code":"F09","industry_name":"Insurance","indivs":"1000","pacs":"29500","total":"30500"}},{"@attributes":{"industry_code":"P01","industry_name":"Building Trade Unions","indivs":"0","pacs":"30000","total":"30000"}},{"@attributes":{"industry_code":"F07","industry_name":"Securities & Investment","indivs":"4300","pacs":"22000","total":"26300"}},{"@attributes":{"industry_code":"K01","industry_name":"Lawyers/Law Firms","indivs":"16665","pacs":"9500","total":"26165"}}]}}}