{"id":"A000372","title":"Representative","short_title":"Rep.","api_uri":"https://api.propublica.org/congress/v1/members/A000372.json","first_name":"Rick","middle_name":null,"last_name":"Allen","suffix":null,"date_of_birth":"1951-11-07","gender":"M","party":"R","leadership_role":null,"twitter_account":"reprickallen","facebook_account":"CongressmanRickAllen","youtube_account":null,"govtrack_id":"412625","cspan_id":"62545","votesmart_id":"136062","icpsr_id":"21516","crp_id":"N00033720","google_entity_id":"/m/0127y9dk","fec_candidate_id":"H2GA12121","url":"https://allen.house.gov","rss_url":null,"contact_form":null,"in_office":true,"dw_nominate":0.626,"ideal_point":null,"seniority":"4","next_election":"2018","total_votes":841,"missed_votes":5,"total_present":0,"ocd_id":"ocd-division/country:us/state:ga/cd:12","office":"426 Cannon House Office Building","phone":"202-225-2823","fax":"202-225-3377","state":"GA","district":"12","at_large":false,"geoid":"1312","missed_votes_pct":0.59,"votes_with_party_pct":97.73,"response":{"industries":{"@attributes":{"cand_name":"Richard W Allen (R)","cid":"N00033720","cycle":"2016","origin":"Center for Responsive Politics","source":"https://www.opensecrets.org/members-of-congress/industries?cid=N00033720&cycle=2016","last_updated":"11/27/2017"},"industry":[{"@attributes":{"industry_code":"W06","industry_name":"Retired","indivs":"97700","pacs":"0","total":"97700"}},{"@attributes":{"industry_code":"H01","industry_name":"Health Professionals","indivs":"46450","pacs":"21000","total":"67450"}},{"@attributes":{"industry_code":"A01","industry_name":"Crop Production & Basic Processing","indivs":"18022","pacs":"45000","total":"63022"}},{"@attributes":{"industry_code":"F10","industry_name":"Real Estate","indivs":"47425","pacs":"11500","total":"58925"}},{"@attributes":{"industry_code":"F07","industry_name":"Securities & Investment","indivs":"17650","pacs":"28000","total":"45650"}},{"@attributes":{"industry_code":"Q03","industry_name":"Leadership PACs","indivs":"1429","pacs":"38900","total":"40329"}},{"@attributes":{"industry_code":"C01","industry_name":"General Contractors","indivs":"21000","pacs":"17500","total":"38500"}},{"@attributes":{"industry_code":"F09","industry_name":"Insurance","indivs":"5350","pacs":"24500","total":"29850"}},{"@attributes":{"industry_code":"N01","industry_name":"Food & Beverage","indivs":"6350","pacs":"22500","total":"28850"}},{"@attributes":{"industry_code":"A07","industry_name":"Agricultural Services/Products","indivs":"4250","pacs":"21500","total":"25750"}}]}}}