{"id":"A000370","title":"Representative","short_title":"Rep.","api_uri":"https://api.propublica.org/congress/v1/members/A000370.json","first_name":"Alma","middle_name":null,"last_name":"Adams","suffix":null,"date_of_birth":"1946-05-27","gender":"F","party":"D","leadership_role":null,"twitter_account":"RepAdams","facebook_account":"CongresswomanAdams","youtube_account":null,"govtrack_id":"412607","cspan_id":"76386","votesmart_id":"5935","icpsr_id":"21545","crp_id":"N00035451","google_entity_id":"/m/02b45d","fec_candidate_id":"H4NC12100","url":"https://adams.house.gov","rss_url":"https://adams.house.gov/rss.xml","contact_form":null,"in_office":true,"dw_nominate":-0.465,"ideal_point":null,"seniority":"6","next_election":"2018","total_votes":841,"missed_votes":20,"total_present":0,"ocd_id":"ocd-division/country:us/state:nc/cd:12","office":"222 Cannon House Office Building","phone":"202-225-1510","fax":"202-225-1512","state":"NC","district":"12","at_large":false,"geoid":"3712","missed_votes_pct":2.38,"votes_with_party_pct":95.74}