{"id":"A000374","title":"Representative","short_title":"Rep.","api_uri":"https://api.propublica.org/congress/v1/members/A000374.json","first_name":"Ralph","middle_name":null,"last_name":"Abraham","suffix":null,"date_of_birth":"1954-09-16","gender":"M","party":"R","leadership_role":null,"twitter_account":"RepAbraham","facebook_account":"CongressmanRalphAbraham","youtube_account":null,"govtrack_id":"412630","cspan_id":"76236","votesmart_id":"155414","icpsr_id":"21522","crp_id":"N00036633","google_entity_id":"/m/012dwd7_","fec_candidate_id":"H4LA05221","url":"https://abraham.house.gov","rss_url":"https://abraham.house.gov/rss.xml","contact_form":null,"in_office":true,"dw_nominate":0.497,"ideal_point":null,"seniority":"4","next_election":"2018","total_votes":841,"missed_votes":8,"total_present":0,"ocd_id":"ocd-division/country:us/state:la/cd:5","office":"417 Cannon House Office Building","phone":"202-225-8490","fax":"202-225-5639","state":"LA","district":"5","at_large":false,"geoid":"2205","missed_votes_pct":0.95,"votes_with_party_pct":97}