{"id":"A000375","title":"Representative","short_title":"Rep.","api_uri":"https://api.propublica.org/congress/v1/members/A000375.json","first_name":"Jodey","middle_name":null,"last_name":"Arrington","suffix":null,"date_of_birth":"1972-03-09","gender":"M","party":"R","leadership_role":null,"twitter_account":"RepArrington","facebook_account":"JodeyArrington","youtube_account":null,"govtrack_id":"412726","cspan_id":"1016482","votesmart_id":"155685","icpsr_id":"21700","crp_id":"N00038285","google_entity_id":"/m/0g9_f_1","fec_candidate_id":"H6TX19099","url":"https://arrington.house.gov","rss_url":"https://arrington.house.gov/rss.xml","contact_form":null,"in_office":true,"dw_nominate":0.555,"ideal_point":null,"seniority":"2","next_election":"2018","total_votes":841,"missed_votes":7,"total_present":0,"ocd_id":"ocd-division/country:us/state:tx/cd:19","office":"1029 Longworth House Office Building","phone":"202-225-4005","fax":null,"state":"TX","district":"19","at_large":false,"geoid":"4819","missed_votes_pct":0.83,"votes_with_party_pct":98.44}