{"id":"A000055","title":"Representative","short_title":"Rep.","api_uri":"https://api.propublica.org/congress/v1/members/A000055.json","first_name":"Robert","middle_name":"B.","last_name":"Aderholt","suffix":null,"date_of_birth":"1965-07-22","gender":"M","party":"R","leadership_role":null,"twitter_account":"Robert_Aderholt","facebook_account":"RobertAderholt","youtube_account":"RobertAderholt","govtrack_id":"400004","cspan_id":"45516","votesmart_id":"441","icpsr_id":"29701","crp_id":"N00003028","google_entity_id":"/m/024p03","fec_candidate_id":"H6AL04098","url":"https://aderholt.house.gov","rss_url":"https://aderholt.house.gov/rss.xml","contact_form":null,"in_office":true,"dw_nominate":0.36,"ideal_point":null,"seniority":"22","next_election":"2018","total_votes":841,"missed_votes":29,"total_present":0,"ocd_id":"ocd-division/country:us/state:al/cd:4","office":"235 Cannon House Office Building","phone":"202-225-4876","fax":"202-225-5587","state":"AL","district":"4","at_large":false,"geoid":"0104","missed_votes_pct":3.45,"votes_with_party_pct":96.67,"response":{"industries":{"@attributes":{"cand_name":"Robert B. Aderholt (R)","cid":"N00003028","cycle":"2012","origin":"Center for Responsive Politics","source":"https://www.opensecrets.org/members-of-congress/industries?cid=N00003028&cycle=2012","last_updated":"03/25/2013"},"industry":[{"@attributes":{"industry_code":"D03","industry_name":"Misc Defense","indivs":"23500","pacs":"38500","total":"62000"}},{"@attributes":{"industry_code":"K01","industry_name":"Lawyers/Law Firms","indivs":"23746","pacs":"35500","total":"59246"}},{"@attributes":{"industry_code":"D01","industry_name":"Defense Aerospace","indivs":"3000","pacs":"51500","total":"54500"}},{"@attributes":{"industry_code":"B12","industry_name":"Computers/Internet","indivs":"12250","pacs":"35000","total":"47250"}},{"@attributes":{"industry_code":"D02","industry_name":"Defense Electronics","indivs":"1000","pacs":"39000","total":"40000"}},{"@attributes":{"industry_code":"H01","industry_name":"Health Professionals","indivs":"23635","pacs":"10500","total":"34135"}},{"@attributes":{"industry_code":"C05","industry_name":"Building Materials & Equipment","indivs":"13500","pacs":"17500","total":"31000"}},{"@attributes":{"industry_code":"M05","industry_name":"Sea Transport","indivs":"29500","pacs":"1000","total":"30500"}},{"@attributes":{"industry_code":"H04","industry_name":"Pharmaceuticals/Health Products","indivs":"0","pacs":"30000","total":"30000"}},{"@attributes":{"industry_code":"F11","industry_name":"Accountants","indivs":"12896","pacs":"17000","total":"29896"}}]}}}