{"id":"A000055","title":"Representative","short_title":"Rep.","api_uri":"https://api.propublica.org/congress/v1/members/A000055.json","first_name":"Robert","middle_name":"B.","last_name":"Aderholt","suffix":null,"date_of_birth":"1965-07-22","gender":"M","party":"R","leadership_role":null,"twitter_account":"Robert_Aderholt","facebook_account":"RobertAderholt","youtube_account":"RobertAderholt","govtrack_id":"400004","cspan_id":"45516","votesmart_id":"441","icpsr_id":"29701","crp_id":"N00003028","google_entity_id":"/m/024p03","fec_candidate_id":"H6AL04098","url":"https://aderholt.house.gov","rss_url":"https://aderholt.house.gov/rss.xml","contact_form":null,"in_office":true,"dw_nominate":0.36,"ideal_point":null,"seniority":"22","next_election":"2018","total_votes":841,"missed_votes":29,"total_present":0,"ocd_id":"ocd-division/country:us/state:al/cd:4","office":"235 Cannon House Office Building","phone":"202-225-4876","fax":"202-225-5587","state":"AL","district":"4","at_large":false,"geoid":"0104","missed_votes_pct":3.45,"votes_with_party_pct":96.67,"response":{"industries":{"@attributes":{"cand_name":"Robert B Aderholt (R)","cid":"N00003028","cycle":"2014","origin":"Center for Responsive Politics","source":"https://www.opensecrets.org/members-of-congress/industries?cid=N00003028&cycle=2014","last_updated":"02/27/2017"},"industry":[{"@attributes":{"industry_code":"A01","industry_name":"Crop Production & Basic Processing","indivs":"0","pacs":"57500","total":"57500"}},{"@attributes":{"industry_code":"A07","industry_name":"Agricultural Services/Products","indivs":"2500","pacs":"50500","total":"53000"}},{"@attributes":{"industry_code":"D01","industry_name":"Defense Aerospace","indivs":"6398","pacs":"43500","total":"49898"}},{"@attributes":{"industry_code":"F03","industry_name":"Commercial Banks","indivs":"6000","pacs":"38000","total":"44000"}},{"@attributes":{"industry_code":"K01","industry_name":"Lawyers/Law Firms","indivs":"13948","pacs":"28000","total":"41948"}},{"@attributes":{"industry_code":"D03","industry_name":"Misc Defense","indivs":"28747","pacs":"12000","total":"40747"}},{"@attributes":{"industry_code":"D02","industry_name":"Defense Electronics","indivs":"1000","pacs":"39000","total":"40000"}},{"@attributes":{"industry_code":"A09","industry_name":"Food Processing & Sales","indivs":"1498","pacs":"38000","total":"39498"}},{"@attributes":{"industry_code":"K02","industry_name":"Lobbyists","indivs":"36417","pacs":"2119","total":"38536"}},{"@attributes":{"industry_code":"H04","industry_name":"Pharmaceuticals/Health Products","indivs":"0","pacs":"34000","total":"34000"}}]}}}