{"id":"A000372","title":"Representative","short_title":"Rep.","api_uri":"https://api.propublica.org/congress/v1/members/A000372.json","first_name":"Rick","middle_name":null,"last_name":"Allen","suffix":null,"date_of_birth":"1951-11-07","gender":"M","party":"R","leadership_role":null,"twitter_account":"reprickallen","facebook_account":"CongressmanRickAllen","youtube_account":null,"govtrack_id":"412625","cspan_id":"62545","votesmart_id":"136062","icpsr_id":"21516","crp_id":"N00033720","google_entity_id":"/m/0127y9dk","fec_candidate_id":"H2GA12121","url":"https://allen.house.gov","rss_url":null,"contact_form":null,"in_office":true,"dw_nominate":0.626,"ideal_point":null,"seniority":"4","next_election":"2018","total_votes":841,"missed_votes":5,"total_present":0,"ocd_id":"ocd-division/country:us/state:ga/cd:12","office":"426 Cannon House Office Building","phone":"202-225-2823","fax":"202-225-3377","state":"GA","district":"12","at_large":false,"geoid":"1312","missed_votes_pct":0.59,"votes_with_party_pct":97.73}