{"id":"A000371","title":"Representative","short_title":"Rep.","api_uri":"https://api.propublica.org/congress/v1/members/A000371.json","first_name":"Pete","middle_name":null,"last_name":"Aguilar","suffix":null,"date_of_birth":"1979-06-19","gender":"M","party":"D","leadership_role":null,"twitter_account":"reppeteaguilar","facebook_account":"reppeteaguilar","youtube_account":null,"govtrack_id":"412615","cspan_id":"79994","votesmart_id":"70114","icpsr_id":"21506","crp_id":"N00033997","google_entity_id":"/m/0jwv0xf","fec_candidate_id":"H2CA31125","url":"https://aguilar.house.gov","rss_url":"https://aguilar.house.gov/rss.xml","contact_form":null,"in_office":true,"dw_nominate":-0.284,"ideal_point":null,"seniority":"4","next_election":"2018","total_votes":841,"missed_votes":9,"total_present":0,"ocd_id":"ocd-division/country:us/state:ca/cd:31","office":"1223 Longworth House Office Building","phone":"202-225-3201","fax":"202-226-6962","state":"CA","district":"31","at_large":false,"geoid":"0631","missed_votes_pct":1.07,"votes_with_party_pct":92.07,"response":{"industries":{"@attributes":{"cand_name":"Pete Aguilar (D)","cid":"N00033997","cycle":"2016","origin":"Center for Responsive Politics","source":"https://www.opensecrets.org/members-of-congress/industries?cid=N00033997&cycle=2016","last_updated":"11/27/2017"},"industry":[{"@attributes":{"industry_code":"Q02","industry_name":"Democratic/Liberal","indivs":"164325","pacs":"12000","total":"176325"}},{"@attributes":{"industry_code":"Q03","industry_name":"Leadership PACs","indivs":"0","pacs":"175500","total":"175500"}},{"@attributes":{"industry_code":"K01","industry_name":"Lawyers/Law Firms","indivs":"113007","pacs":"23500","total":"136507"}},{"@attributes":{"industry_code":"F10","industry_name":"Real Estate","indivs":"98908","pacs":"24000","total":"122908"}},{"@attributes":{"industry_code":"W06","industry_name":"Retired","indivs":"82105","pacs":"0","total":"82105"}},{"@attributes":{"industry_code":"H01","industry_name":"Health Professionals","indivs":"44655","pacs":"30100","total":"74755"}},{"@attributes":{"industry_code":"Q16","industry_name":"Candidate Committees","indivs":"0","pacs":"64000","total":"64000"}},{"@attributes":{"industry_code":"P04","industry_name":"Public Sector Unions","indivs":"50","pacs":"63500","total":"63550"}},{"@attributes":{"industry_code":"F07","industry_name":"Securities & Investment","indivs":"29850","pacs":"33500","total":"63350"}},{"@attributes":{"industry_code":"N07","industry_name":"Casinos/Gambling","indivs":"50600","pacs":"5000","total":"55600"}}]}}}