{"id":"A000372","title":"Representative","short_title":"Rep.","api_uri":"https://api.propublica.org/congress/v1/members/A000372.json","first_name":"Rick","middle_name":null,"last_name":"Allen","suffix":null,"date_of_birth":"1951-11-07","gender":"M","party":"R","leadership_role":null,"twitter_account":"reprickallen","facebook_account":"CongressmanRickAllen","youtube_account":null,"govtrack_id":"412625","cspan_id":"62545","votesmart_id":"136062","icpsr_id":"21516","crp_id":"N00033720","google_entity_id":"/m/0127y9dk","fec_candidate_id":"H2GA12121","url":"https://allen.house.gov","rss_url":null,"contact_form":null,"in_office":true,"dw_nominate":0.626,"ideal_point":null,"seniority":"4","next_election":"2018","total_votes":841,"missed_votes":5,"total_present":0,"ocd_id":"ocd-division/country:us/state:ga/cd:12","office":"426 Cannon House Office Building","phone":"202-225-2823","fax":"202-225-3377","state":"GA","district":"12","at_large":false,"geoid":"1312","missed_votes_pct":0.59,"votes_with_party_pct":97.73,"response":{"industries":{"@attributes":{"cand_name":"Richard W Allen (R)","cid":"N00033720","cycle":"2014","origin":"Center for Responsive Politics","source":"https://www.opensecrets.org/members-of-congress/industries?cid=N00033720&cycle=2014","last_updated":"02/27/2017"},"industry":[{"@attributes":{"industry_code":"W06","industry_name":"Retired","indivs":"117450","pacs":"0","total":"117450"}},{"@attributes":{"industry_code":"Q03","industry_name":"Leadership PACs","indivs":"0","pacs":"103000","total":"103000"}},{"@attributes":{"industry_code":"H01","industry_name":"Health Professionals","indivs":"88000","pacs":"1000","total":"89000"}},{"@attributes":{"industry_code":"F10","industry_name":"Real Estate","indivs":"80675","pacs":"0","total":"80675"}},{"@attributes":{"industry_code":"C01","industry_name":"General Contractors","indivs":"55250","pacs":"17500","total":"72750"}},{"@attributes":{"industry_code":"E01","industry_name":"Oil & Gas","indivs":"31750","pacs":"2500","total":"34250"}},{"@attributes":{"industry_code":"Q16","industry_name":"Candidate Committees","indivs":"0","pacs":"33500","total":"33500"}},{"@attributes":{"industry_code":"K01","industry_name":"Lawyers/Law Firms","indivs":"27950","pacs":"1000","total":"28950"}},{"@attributes":{"industry_code":"M02","industry_name":"Automotive","indivs":"22700","pacs":"4500","total":"27200"}},{"@attributes":{"industry_code":"F07","industry_name":"Securities & Investment","indivs":"26950","pacs":"0","total":"26950"}}]}}}