{"id":"A000369","title":"Representative","short_title":"Rep.","api_uri":"https://api.propublica.org/congress/v1/members/A000369.json","first_name":"Mark","middle_name":null,"last_name":"Amodei","suffix":null,"date_of_birth":"1958-06-12","gender":"M","party":"R","leadership_role":null,"twitter_account":"MarkAmodeiNV2","facebook_account":"MarkAmodeiNV2","youtube_account":"markamodeinv2","govtrack_id":"412500","cspan_id":"62817","votesmart_id":"12537","icpsr_id":"21196","crp_id":"N00031177","google_entity_id":"/m/03bzdkn","fec_candidate_id":"H2NV02395","url":"https://amodei.house.gov","rss_url":"https://amodei.house.gov/rss/news-releases.xml","contact_form":null,"in_office":true,"dw_nominate":0.378,"ideal_point":null,"seniority":"8","next_election":"2018","total_votes":841,"missed_votes":25,"total_present":1,"ocd_id":"ocd-division/country:us/state:nv/cd:2","office":"332 Cannon House Office Building","phone":"202-225-6155","fax":"202-225-5679","state":"NV","district":"2","at_large":false,"geoid":"3202","missed_votes_pct":2.97,"votes_with_party_pct":95.96,"response":{"industries":{"@attributes":{"cand_name":"Mark Amodei (R)","cid":"N00031177","cycle":"2014","origin":"Center for Responsive Politics","source":"https://www.opensecrets.org/members-of-congress/industries?cid=N00031177&cycle=2014","last_updated":"02/27/2017"},"industry":[{"@attributes":{"industry_code":"N07","industry_name":"Casinos/Gambling","indivs":"18950","pacs":"27500","total":"46450"}},{"@attributes":{"industry_code":"W06","industry_name":"Retired","indivs":"31550","pacs":"0","total":"31550"}},{"@attributes":{"industry_code":"H01","industry_name":"Health Professionals","indivs":"4000","pacs":"26500","total":"30500"}},{"@attributes":{"industry_code":"K01","industry_name":"Lawyers/Law Firms","indivs":"22750","pacs":"7000","total":"29750"}},{"@attributes":{"industry_code":"E04","industry_name":"Mining","indivs":"1500","pacs":"25000","total":"26500"}},{"@attributes":{"industry_code":"F10","industry_name":"Real Estate","indivs":"19550","pacs":"5000","total":"24550"}},{"@attributes":{"industry_code":"K02","industry_name":"Lobbyists","indivs":"22500","pacs":"2000","total":"24500"}},{"@attributes":{"industry_code":"N02","industry_name":"Beer, Wine & Liquor","indivs":"2600","pacs":"16500","total":"19100"}},{"@attributes":{"industry_code":"C01","industry_name":"General Contractors","indivs":"13750","pacs":"5000","total":"18750"}},{"@attributes":{"industry_code":"M02","industry_name":"Automotive","indivs":"7950","pacs":"10000","total":"17950"}}]}}}