{"id":"A000371","title":"Representative","short_title":"Rep.","api_uri":"https://api.propublica.org/congress/v1/members/A000371.json","first_name":"Pete","middle_name":null,"last_name":"Aguilar","suffix":null,"date_of_birth":"1979-06-19","gender":"M","party":"D","leadership_role":null,"twitter_account":"reppeteaguilar","facebook_account":"reppeteaguilar","youtube_account":null,"govtrack_id":"412615","cspan_id":"79994","votesmart_id":"70114","icpsr_id":"21506","crp_id":"N00033997","google_entity_id":"/m/0jwv0xf","fec_candidate_id":"H2CA31125","url":"https://aguilar.house.gov","rss_url":"https://aguilar.house.gov/rss.xml","contact_form":null,"in_office":true,"dw_nominate":-0.284,"ideal_point":null,"seniority":"4","next_election":"2018","total_votes":841,"missed_votes":9,"total_present":0,"ocd_id":"ocd-division/country:us/state:ca/cd:31","office":"1223 Longworth House Office Building","phone":"202-225-3201","fax":"202-226-6962","state":"CA","district":"31","at_large":false,"geoid":"0631","missed_votes_pct":1.07,"votes_with_party_pct":92.07}