{"id":"A000055","title":"Representative","short_title":"Rep.","api_uri":"https://api.propublica.org/congress/v1/members/A000055.json","first_name":"Robert","middle_name":"B.","last_name":"Aderholt","suffix":null,"date_of_birth":"1965-07-22","gender":"M","party":"R","leadership_role":null,"twitter_account":"Robert_Aderholt","facebook_account":"RobertAderholt","youtube_account":"RobertAderholt","govtrack_id":"400004","cspan_id":"45516","votesmart_id":"441","icpsr_id":"29701","crp_id":"N00003028","google_entity_id":"/m/024p03","fec_candidate_id":"H6AL04098","url":"https://aderholt.house.gov","rss_url":"https://aderholt.house.gov/rss.xml","contact_form":null,"in_office":true,"dw_nominate":0.36,"ideal_point":null,"seniority":"22","next_election":"2018","total_votes":841,"missed_votes":29,"total_present":0,"ocd_id":"ocd-division/country:us/state:al/cd:4","office":"235 Cannon House Office Building","phone":"202-225-4876","fax":"202-225-5587","state":"AL","district":"4","at_large":false,"geoid":"0104","missed_votes_pct":3.45,"votes_with_party_pct":96.67,"response":{"industries":{"@attributes":{"cand_name":"Robert B Aderholt (R)","cid":"N00003028","cycle":"2018","origin":"Center for Responsive Politics","source":"https://www.opensecrets.org/members-of-congress/industries?cid=N00003028&cycle=2018","last_updated":"03/26/2018"},"industry":[{"@attributes":{"industry_code":"D01","industry_name":"Defense Aerospace","indivs":"5452","pacs":"39500","total":"44952"}},{"@attributes":{"industry_code":"A01","industry_name":"Crop Production & Basic Processing","indivs":"5200","pacs":"34500","total":"39700"}},{"@attributes":{"industry_code":"D02","industry_name":"Defense Electronics","indivs":"0","pacs":"36200","total":"36200"}},{"@attributes":{"industry_code":"K01","industry_name":"Lawyers/Law Firms","indivs":"12464","pacs":"23200","total":"35664"}},{"@attributes":{"industry_code":"A09","industry_name":"Food Processing & Sales","indivs":"500","pacs":"30500","total":"31000"}},{"@attributes":{"industry_code":"A02","industry_name":"Tobacco","indivs":"2500","pacs":"25000","total":"27500"}},{"@attributes":{"industry_code":"K02","industry_name":"Lobbyists","indivs":"26527","pacs":"0","total":"26527"}},{"@attributes":{"industry_code":"C05","industry_name":"Building Materials & Equipment","indivs":"20025","pacs":"6500","total":"26525"}},{"@attributes":{"industry_code":"E08","industry_name":"Electric Utilities","indivs":"1000","pacs":"25500","total":"26500"}},{"@attributes":{"industry_code":"D03","industry_name":"Misc Defense","indivs":"18900","pacs":"6700","total":"25600"}}]}}}