{"id":"A000055","title":"Representative","short_title":"Rep.","api_uri":"https://api.propublica.org/congress/v1/members/A000055.json","first_name":"Robert","middle_name":"B.","last_name":"Aderholt","suffix":null,"date_of_birth":"1965-07-22","gender":"M","party":"R","leadership_role":null,"twitter_account":"Robert_Aderholt","facebook_account":"RobertAderholt","youtube_account":"RobertAderholt","govtrack_id":"400004","cspan_id":"45516","votesmart_id":"441","icpsr_id":"29701","crp_id":"N00003028","google_entity_id":"/m/024p03","fec_candidate_id":"H6AL04098","url":"https://aderholt.house.gov","rss_url":"https://aderholt.house.gov/rss.xml","contact_form":null,"in_office":true,"dw_nominate":0.36,"ideal_point":null,"seniority":"22","next_election":"2018","total_votes":841,"missed_votes":29,"total_present":0,"ocd_id":"ocd-division/country:us/state:al/cd:4","office":"235 Cannon House Office Building","phone":"202-225-4876","fax":"202-225-5587","state":"AL","district":"4","at_large":false,"geoid":"0104","missed_votes_pct":3.45,"votes_with_party_pct":96.67,"response":{"industries":{"@attributes":{"cand_name":"Robert B Aderholt (R)","cid":"N00003028","cycle":"2016","origin":"Center for Responsive Politics","source":"https://www.opensecrets.org/members-of-congress/industries?cid=N00003028&cycle=2016","last_updated":"11/27/2017"},"industry":[{"@attributes":{"industry_code":"A01","industry_name":"Crop Production & Basic Processing","indivs":"14053","pacs":"81500","total":"95553"}},{"@attributes":{"industry_code":"A07","industry_name":"Agricultural Services/Products","indivs":"3950","pacs":"90000","total":"93950"}},{"@attributes":{"industry_code":"K01","industry_name":"Lawyers/Law Firms","indivs":"25402","pacs":"44000","total":"69402"}},{"@attributes":{"industry_code":"D03","industry_name":"Misc Defense","indivs":"31200","pacs":"27177","total":"58377"}},{"@attributes":{"industry_code":"D02","industry_name":"Defense Electronics","indivs":"500","pacs":"56700","total":"57200"}},{"@attributes":{"industry_code":"D01","industry_name":"Defense Aerospace","indivs":"3651","pacs":"45000","total":"48651"}},{"@attributes":{"industry_code":"A09","industry_name":"Food Processing & Sales","indivs":"2601","pacs":"41500","total":"44101"}},{"@attributes":{"industry_code":"H01","industry_name":"Health Professionals","indivs":"28904","pacs":"14932","total":"43836"}},{"@attributes":{"industry_code":"C05","industry_name":"Building Materials & Equipment","indivs":"31500","pacs":"12000","total":"43500"}},{"@attributes":{"industry_code":"F09","industry_name":"Insurance","indivs":"1401","pacs":"35950","total":"37351"}}]}}}