{"id":"A000367","title":"Representative","short_title":"Rep.","api_uri":"https://api.propublica.org/congress/v1/members/A000367.json","first_name":"Justin","middle_name":null,"last_name":"Amash","suffix":null,"date_of_birth":"1980-04-18","gender":"M","party":"R","leadership_role":null,"twitter_account":null,"facebook_account":"repjustinamash","youtube_account":"repjustinamash","govtrack_id":"412438","cspan_id":"1033767","votesmart_id":"105566","icpsr_id":"21143","crp_id":"N00031938","google_entity_id":"/m/0c00p_n","fec_candidate_id":"H0MI03126","url":"https://amash.house.gov","rss_url":"https://amash.house.gov/rss.xml","contact_form":null,"in_office":true,"dw_nominate":0.658,"ideal_point":null,"seniority":"8","next_election":"2018","total_votes":841,"missed_votes":1,"total_present":0,"ocd_id":"ocd-division/country:us/state:mi/cd:3","office":"114 Cannon House Office Building","phone":"202-225-3831","fax":"202-225-5144","state":"MI","district":"3","at_large":false,"geoid":"2603","missed_votes_pct":0.12,"votes_with_party_pct":72.38,"response":{"industries":{"@attributes":{"cand_name":"Justin Amash (R)","cid":"N00031938","cycle":"2012","origin":"Center for Responsive Politics","source":"https://www.opensecrets.org/members-of-congress/industries?cid=N00031938&cycle=2012","last_updated":"03/25/2013"},"industry":[{"@attributes":{"industry_code":"N15","industry_name":"Misc Manufacturing & Distributing","indivs":"83800","pacs":"4000","total":"87800"}},{"@attributes":{"industry_code":"W06","industry_name":"Retired","indivs":"76300","pacs":"0","total":"76300"}},{"@attributes":{"industry_code":"H01","industry_name":"Health Professionals","indivs":"61900","pacs":"10000","total":"71900"}},{"@attributes":{"industry_code":"N03","industry_name":"Retail Sales","indivs":"43250","pacs":"1000","total":"44250"}},{"@attributes":{"industry_code":"K01","industry_name":"Lawyers/Law Firms","indivs":"39525","pacs":"3000","total":"42525"}},{"@attributes":{"industry_code":"F13","industry_name":"Misc Finance","indivs":"36300","pacs":"0","total":"36300"}},{"@attributes":{"industry_code":"Q03","industry_name":"Leadership PACs","indivs":"0","pacs":"35000","total":"35000"}},{"@attributes":{"industry_code":"F10","industry_name":"Real Estate","indivs":"21550","pacs":"9000","total":"30550"}},{"@attributes":{"industry_code":"F07","industry_name":"Securities & Investment","indivs":"25400","pacs":"3000","total":"28400"}},{"@attributes":{"industry_code":"M02","industry_name":"Automotive","indivs":"23000","pacs":"5000","total":"28000"}}]}}}