{"id":"A000055","title":"Representative","short_title":"Rep.","api_uri":"https://api.propublica.org/congress/v1/members/A000055.json","first_name":"Robert","middle_name":"B.","last_name":"Aderholt","suffix":null,"date_of_birth":"1965-07-22","gender":"M","party":"R","leadership_role":null,"twitter_account":"Robert_Aderholt","facebook_account":"RobertAderholt","youtube_account":"RobertAderholt","govtrack_id":"400004","cspan_id":"45516","votesmart_id":"441","icpsr_id":"29701","crp_id":"N00003028","google_entity_id":"/m/024p03","fec_candidate_id":"H6AL04098","url":"https://aderholt.house.gov","rss_url":"https://aderholt.house.gov/rss.xml","contact_form":null,"in_office":true,"dw_nominate":0.36,"ideal_point":null,"seniority":"22","next_election":"2018","total_votes":841,"missed_votes":29,"total_present":0,"ocd_id":"ocd-division/country:us/state:al/cd:4","office":"235 Cannon House Office Building","phone":"202-225-4876","fax":"202-225-5587","state":"AL","district":"4","at_large":false,"geoid":"0104","missed_votes_pct":3.45,"votes_with_party_pct":96.67}