{"id":"A000370","title":"Representative","short_title":"Rep.","api_uri":"https://api.propublica.org/congress/v1/members/A000370.json","first_name":"Alma","middle_name":null,"last_name":"Adams","suffix":null,"date_of_birth":"1946-05-27","gender":"F","party":"D","leadership_role":null,"twitter_account":"RepAdams","facebook_account":"CongresswomanAdams","youtube_account":null,"govtrack_id":"412607","cspan_id":"76386","votesmart_id":"5935","icpsr_id":"21545","crp_id":"N00035451","google_entity_id":"/m/02b45d","fec_candidate_id":"H4NC12100","url":"https://adams.house.gov","rss_url":"https://adams.house.gov/rss.xml","contact_form":null,"in_office":true,"dw_nominate":-0.465,"ideal_point":null,"seniority":"6","next_election":"2018","total_votes":841,"missed_votes":20,"total_present":0,"ocd_id":"ocd-division/country:us/state:nc/cd:12","office":"222 Cannon House Office Building","phone":"202-225-1510","fax":"202-225-1512","state":"NC","district":"12","at_large":false,"geoid":"3712","missed_votes_pct":2.38,"votes_with_party_pct":95.74,"response":{"industries":{"@attributes":{"cand_name":"Alma Adams (D)","cid":"N00035451","cycle":"2014","origin":"Center for Responsive Politics","source":"https://www.opensecrets.org/members-of-congress/industries?cid=N00035451&cycle=2014","last_updated":"02/27/2017"},"industry":[{"@attributes":{"industry_code":"H01","industry_name":"Health Professionals","indivs":"23900","pacs":"53500","total":"77400"}},{"@attributes":{"industry_code":"Q08","industry_name":"Women's Issues","indivs":"50445","pacs":"25501","total":"75946"}},{"@attributes":{"industry_code":"Q03","industry_name":"Leadership PACs","indivs":"0","pacs":"43500","total":"43500"}},{"@attributes":{"industry_code":"P04","industry_name":"Public Sector Unions","indivs":"1000","pacs":"33000","total":"34000"}},{"@attributes":{"industry_code":"W06","industry_name":"Retired","indivs":"30725","pacs":"0","total":"30725"}},{"@attributes":{"industry_code":"P02","industry_name":"Industrial Unions","indivs":"0","pacs":"25000","total":"25000"}},{"@attributes":{"industry_code":"W04","industry_name":"Education","indivs":"16150","pacs":"3000","total":"19150"}},{"@attributes":{"industry_code":"K01","industry_name":"Lawyers/Law Firms","indivs":"9186","pacs":"7500","total":"16686"}},{"@attributes":{"industry_code":"P01","industry_name":"Building Trade Unions","indivs":"0","pacs":"15000","total":"15000"}},{"@attributes":{"industry_code":"Q09","industry_name":"Human Rights","indivs":"400","pacs":"10750","total":"11150"}}]}}}