{"id":"A000367","title":"Representative","short_title":"Rep.","api_uri":"https://api.propublica.org/congress/v1/members/A000367.json","first_name":"Justin","middle_name":null,"last_name":"Amash","suffix":null,"date_of_birth":"1980-04-18","gender":"M","party":"R","leadership_role":null,"twitter_account":null,"facebook_account":"repjustinamash","youtube_account":"repjustinamash","govtrack_id":"412438","cspan_id":"1033767","votesmart_id":"105566","icpsr_id":"21143","crp_id":"N00031938","google_entity_id":"/m/0c00p_n","fec_candidate_id":"H0MI03126","url":"https://amash.house.gov","rss_url":"https://amash.house.gov/rss.xml","contact_form":null,"in_office":true,"dw_nominate":0.658,"ideal_point":null,"seniority":"8","next_election":"2018","total_votes":841,"missed_votes":1,"total_present":0,"ocd_id":"ocd-division/country:us/state:mi/cd:3","office":"114 Cannon House Office Building","phone":"202-225-3831","fax":"202-225-5144","state":"MI","district":"3","at_large":false,"geoid":"2603","missed_votes_pct":0.12,"votes_with_party_pct":72.38,"response":{"industries":{"@attributes":{"cand_name":"Justin Amash (R)","cid":"N00031938","cycle":"2018","origin":"Center for Responsive Politics","source":"https://www.opensecrets.org/members-of-congress/industries?cid=N00031938&cycle=2018","last_updated":"03/26/2018"},"industry":[{"@attributes":{"industry_code":"N15","industry_name":"Misc Manufacturing & Distributing","indivs":"37800","pacs":"0","total":"37800"}},{"@attributes":{"industry_code":"A09","industry_name":"Food Processing & Sales","indivs":"26600","pacs":"0","total":"26600"}},{"@attributes":{"industry_code":"W06","industry_name":"Retired","indivs":"25610","pacs":"0","total":"25610"}},{"@attributes":{"industry_code":"Q03","industry_name":"Leadership PACs","indivs":"18900","pacs":"6250","total":"25150"}},{"@attributes":{"industry_code":"H01","industry_name":"Health Professionals","indivs":"22800","pacs":"0","total":"22800"}},{"@attributes":{"industry_code":"F07","industry_name":"Securities & Investment","indivs":"22600","pacs":"0","total":"22600"}},{"@attributes":{"industry_code":"F10","industry_name":"Real Estate","indivs":"16700","pacs":"1000","total":"17700"}},{"@attributes":{"industry_code":"A01","industry_name":"Crop Production & Basic Processing","indivs":"16200","pacs":"0","total":"16200"}},{"@attributes":{"industry_code":"Q01","industry_name":"Republican/Conservative","indivs":"2050","pacs":"13501","total":"15551"}},{"@attributes":{"industry_code":"M02","industry_name":"Automotive","indivs":"13500","pacs":"0","total":"13500"}}]}}}