{"id":"A000369","title":"Representative","short_title":"Rep.","api_uri":"https://api.propublica.org/congress/v1/members/A000369.json","first_name":"Mark","middle_name":null,"last_name":"Amodei","suffix":null,"date_of_birth":"1958-06-12","gender":"M","party":"R","leadership_role":null,"twitter_account":"MarkAmodeiNV2","facebook_account":"MarkAmodeiNV2","youtube_account":"markamodeinv2","govtrack_id":"412500","cspan_id":"62817","votesmart_id":"12537","icpsr_id":"21196","crp_id":"N00031177","google_entity_id":"/m/03bzdkn","fec_candidate_id":"H2NV02395","url":"https://amodei.house.gov","rss_url":"https://amodei.house.gov/rss/news-releases.xml","contact_form":null,"in_office":true,"dw_nominate":0.378,"ideal_point":null,"seniority":"8","next_election":"2018","total_votes":841,"missed_votes":25,"total_present":1,"ocd_id":"ocd-division/country:us/state:nv/cd:2","office":"332 Cannon House Office Building","phone":"202-225-6155","fax":"202-225-5679","state":"NV","district":"2","at_large":false,"geoid":"3202","missed_votes_pct":2.97,"votes_with_party_pct":95.96}