{"id":"A000371","title":"Representative","short_title":"Rep.","api_uri":"https://api.propublica.org/congress/v1/members/A000371.json","first_name":"Pete","middle_name":null,"last_name":"Aguilar","suffix":null,"date_of_birth":"1979-06-19","gender":"M","party":"D","leadership_role":null,"twitter_account":"reppeteaguilar","facebook_account":"reppeteaguilar","youtube_account":null,"govtrack_id":"412615","cspan_id":"79994","votesmart_id":"70114","icpsr_id":"21506","crp_id":"N00033997","google_entity_id":"/m/0jwv0xf","fec_candidate_id":"H2CA31125","url":"https://aguilar.house.gov","rss_url":"https://aguilar.house.gov/rss.xml","contact_form":null,"in_office":true,"dw_nominate":-0.284,"ideal_point":null,"seniority":"4","next_election":"2018","total_votes":841,"missed_votes":9,"total_present":0,"ocd_id":"ocd-division/country:us/state:ca/cd:31","office":"1223 Longworth House Office Building","phone":"202-225-3201","fax":"202-226-6962","state":"CA","district":"31","at_large":false,"geoid":"0631","missed_votes_pct":1.07,"votes_with_party_pct":92.07,"response":{"industries":{"@attributes":{"cand_name":"Pete Aguilar (D)","cid":"N00033997","cycle":"2014","origin":"Center for Responsive Politics","source":"https://www.opensecrets.org/members-of-congress/industries?cid=N00033997&cycle=2014","last_updated":"02/27/2017"},"industry":[{"@attributes":{"industry_code":"Q03","industry_name":"Leadership PACs","indivs":"4100","pacs":"141200","total":"145300"}},{"@attributes":{"industry_code":"K01","industry_name":"Lawyers/Law Firms","indivs":"112019","pacs":"11250","total":"123269"}},{"@attributes":{"industry_code":"P04","industry_name":"Public Sector Unions","indivs":"700","pacs":"84500","total":"85200"}},{"@attributes":{"industry_code":"F10","industry_name":"Real Estate","indivs":"74496","pacs":"9000","total":"83496"}},{"@attributes":{"industry_code":"P01","industry_name":"Building Trade Unions","indivs":"0","pacs":"73000","total":"73000"}},{"@attributes":{"industry_code":"Q16","industry_name":"Candidate Committees","indivs":"0","pacs":"72500","total":"72500"}},{"@attributes":{"industry_code":"W06","industry_name":"Retired","indivs":"65928","pacs":"0","total":"65928"}},{"@attributes":{"industry_code":"F05","industry_name":"Credit Unions","indivs":"34050","pacs":"26000","total":"60050"}},{"@attributes":{"industry_code":"Q05","industry_name":"Pro-Israel","indivs":"54405","pacs":"5486","total":"59891"}},{"@attributes":{"industry_code":"Q02","industry_name":"Democratic/Liberal","indivs":"35511","pacs":"13400","total":"48911"}}]}}}