{"id":"B000574","title":"Representative","short_title":"Rep.","api_uri":"https://api.propublica.org/congress/v1/members/B000574.json","first_name":"Earl","middle_name":null,"last_name":"Blumenauer","suffix":null,"date_of_birth":"1948-08-16","gender":"M","party":"D","leadership_role":null,"twitter_account":"BlumenauerMedia","facebook_account":null,"youtube_account":"RepBlumenauer","govtrack_id":"400033","cspan_id":"43809","votesmart_id":"367","icpsr_id":"29588","crp_id":"N00007727","google_entity_id":"/m/033tw8","fec_candidate_id":"H6OR03064","url":"https://blumenauer.house.gov","rss_url":null,"contact_form":null,"in_office":true,"dw_nominate":-0.429,"ideal_point":null,"seniority":"24","next_election":"2018","total_votes":841,"missed_votes":37,"total_present":0,"ocd_id":"ocd-division/country:us/state:or/cd:3","office":"1111 Longworth House Office Building","phone":"202-225-4811","fax":"202-225-8941","state":"OR","district":"3","at_large":false,"geoid":"4103","missed_votes_pct":4.4,"votes_with_party_pct":92.91,"response":{"industries":{"@attributes":{"cand_name":"Earl Blumenauer (D)","cid":"N00007727","cycle":"2016","origin":"Center for Responsive Politics","source":"https://www.opensecrets.org/members-of-congress/industries?cid=N00007727&cycle=2016","last_updated":"11/27/2017"},"industry":[{"@attributes":{"industry_code":"H01","industry_name":"Health Professionals","indivs":"2500","pacs":"138900","total":"141400"}},{"@attributes":{"industry_code":"F09","industry_name":"Insurance","indivs":"9650","pacs":"86500","total":"96150"}},{"@attributes":{"industry_code":"C04","industry_name":"Construction Services","indivs":"18050","pacs":"67500","total":"85550"}},{"@attributes":{"industry_code":"M04","industry_name":"Railroads","indivs":"24375","pacs":"56000","total":"80375"}},{"@attributes":{"industry_code":"N15","industry_name":"Misc Manufacturing & Distributing","indivs":"30700","pacs":"49000","total":"79700"}},{"@attributes":{"industry_code":"F10","industry_name":"Real Estate","indivs":"33650","pacs":"23500","total":"57150"}},{"@attributes":{"industry_code":"K01","industry_name":"Lawyers/Law Firms","indivs":"25642","pacs":"26500","total":"52142"}},{"@attributes":{"industry_code":"H03","industry_name":"Health Services/HMOs","indivs":"9267","pacs":"34500","total":"43767"}},{"@attributes":{"industry_code":"Q10","industry_name":"Misc Issues","indivs":"18250","pacs":"24000","total":"42250"}},{"@attributes":{"industry_code":"K02","industry_name":"Lobbyists","indivs":"38527","pacs":"1500","total":"40027"}}]}}}