{"id":"B000575","title":"Senator, 3rd Class","short_title":"Sen.","api_uri":"https://api.propublica.org/congress/v1/members/B000575.json","first_name":"Roy","middle_name":null,"last_name":"Blunt","suffix":null,"date_of_birth":"1950-01-10","gender":"M","party":"R","leadership_role":null,"twitter_account":"RoyBlunt","facebook_account":"SenatorBlunt","youtube_account":"SenatorBlunt","govtrack_id":"400034","cspan_id":"45465","votesmart_id":"418","icpsr_id":"29735","crp_id":"N00005195","google_entity_id":"/m/034fn4","fec_candidate_id":"S0MO00183","url":"https://www.blunt.senate.gov/public","rss_url":"https://www.blunt.senate.gov/public/?a=RSS.Feed","contact_form":"https://www.blunt.senate.gov/public/index.cfm/contact-roy","in_office":true,"dw_nominate":0.431,"ideal_point":null,"seniority":"7","next_election":"2022","total_votes":388,"missed_votes":8,"total_present":0,"ocd_id":"ocd-division/country:us/state:mo","office":"260 Russell Senate Office Building","phone":"202-224-5721","fax":"202-224-8149","state":"MO","senate_class":"3","state_rank":"junior","lis_id":"S342","missed_votes_pct":2.06,"votes_with_party_pct":98.42,"response":{"industries":{"@attributes":{"cand_name":"Roy Blunt (R)","cid":"N00005195","cycle":"2018","origin":"Center for Responsive Politics","source":"https://www.opensecrets.org/members-of-congress/industries?cid=N00005195&cycle=2018","last_updated":"03/26/2018"},"industry":[{"@attributes":{"industry_code":"F07","industry_name":"Securities & Investment","indivs":"677007","pacs":"131700","total":"808707"}},{"@attributes":{"industry_code":"W06","industry_name":"Retired","indivs":"801173","pacs":"0","total":"801173"}},{"@attributes":{"industry_code":"F10","industry_name":"Real Estate","indivs":"616932","pacs":"91000","total":"707932"}},{"@attributes":{"industry_code":"Q03","industry_name":"Leadership PACs","indivs":"16200","pacs":"615565","total":"631765"}},{"@attributes":{"industry_code":"K01","industry_name":"Lawyers/Law Firms","indivs":"408283","pacs":"202238","total":"610521"}},{"@attributes":{"industry_code":"K02","industry_name":"Lobbyists","indivs":"506920","pacs":"7550","total":"514470"}},{"@attributes":{"industry_code":"H01","industry_name":"Health Professionals","indivs":"217475","pacs":"221500","total":"438975"}},{"@attributes":{"industry_code":"F09","industry_name":"Insurance","indivs":"132007","pacs":"276600","total":"408607"}},{"@attributes":{"industry_code":"H04","industry_name":"Pharmaceuticals/Health Products","indivs":"128334","pacs":"263550","total":"391884"}},{"@attributes":{"industry_code":"N15","industry_name":"Misc Manufacturing & Distributing","indivs":"260325","pacs":"105000","total":"365325"}}]}}}