{"id":"B000944","title":"Senator, 1st Class","short_title":"Sen.","api_uri":"https://api.propublica.org/congress/v1/members/B000944.json","first_name":"Sherrod","middle_name":null,"last_name":"Brown","suffix":null,"date_of_birth":"1952-11-09","gender":"M","party":"D","leadership_role":null,"twitter_account":"SenSherrodBrown","facebook_account":null,"youtube_account":"SherrodBrownOhio","govtrack_id":"400050","cspan_id":"5051","votesmart_id":"27018","icpsr_id":"29389","crp_id":"N00003535","google_entity_id":"/m/034s80","fec_candidate_id":"S6OH00163","url":"https://www.brown.senate.gov","rss_url":"https://www.brown.senate.gov/rss/feeds/?type=all&","contact_form":"http://www.brown.senate.gov/contact/","in_office":true,"dw_nominate":-0.438,"ideal_point":null,"seniority":"11","next_election":"2018","total_votes":388,"missed_votes":0,"total_present":1,"ocd_id":"ocd-division/country:us/state:oh","office":"713 Hart Senate Office Building","phone":"202-224-2315","fax":"202-228-6321","state":"OH","senate_class":"1","state_rank":"senior","lis_id":"S307","missed_votes_pct":0,"votes_with_party_pct":94.85}