{"id":"B000575","title":"Senator, 3rd Class","short_title":"Sen.","api_uri":"https://api.propublica.org/congress/v1/members/B000575.json","first_name":"Roy","middle_name":null,"last_name":"Blunt","suffix":null,"date_of_birth":"1950-01-10","gender":"M","party":"R","leadership_role":null,"twitter_account":"RoyBlunt","facebook_account":"SenatorBlunt","youtube_account":"SenatorBlunt","govtrack_id":"400034","cspan_id":"45465","votesmart_id":"418","icpsr_id":"29735","crp_id":"N00005195","google_entity_id":"/m/034fn4","fec_candidate_id":"S0MO00183","url":"https://www.blunt.senate.gov/public","rss_url":"https://www.blunt.senate.gov/public/?a=RSS.Feed","contact_form":"https://www.blunt.senate.gov/public/index.cfm/contact-roy","in_office":true,"dw_nominate":0.431,"ideal_point":null,"seniority":"7","next_election":"2022","total_votes":388,"missed_votes":8,"total_present":0,"ocd_id":"ocd-division/country:us/state:mo","office":"260 Russell Senate Office Building","phone":"202-224-5721","fax":"202-224-8149","state":"MO","senate_class":"3","state_rank":"junior","lis_id":"S342","missed_votes_pct":2.06,"votes_with_party_pct":98.42}