{"id":"B000755","title":"Representative","short_title":"Rep.","api_uri":"https://api.propublica.org/congress/v1/members/B000755.json","first_name":"Kevin","middle_name":null,"last_name":"Brady","suffix":null,"date_of_birth":"1955-04-11","gender":"M","party":"R","leadership_role":null,"twitter_account":"RepKevinBrady","facebook_account":"kevinbrady","youtube_account":"KBrady8","govtrack_id":"400046","cspan_id":"45749","votesmart_id":"361","icpsr_id":"29760","crp_id":"N00005883","google_entity_id":"/m/03tq00","fec_candidate_id":"H6TX08100","url":"https://kevinbrady.house.gov","rss_url":null,"contact_form":null,"in_office":true,"dw_nominate":0.518,"ideal_point":null,"seniority":"22","next_election":"2018","total_votes":841,"missed_votes":32,"total_present":0,"ocd_id":"ocd-division/country:us/state:tx/cd:8","office":"1011 Longworth House Office Building","phone":"202-225-4901","fax":"202-225-5524","state":"TX","district":"8","at_large":false,"geoid":"4808","missed_votes_pct":3.8,"votes_with_party_pct":98.15,"response":{"industries":{"@attributes":{"cand_name":"Kevin Brady (R)","cid":"N00005883","cycle":"2016","origin":"Center for Responsive Politics","source":"https://www.opensecrets.org/members-of-congress/industries?cid=N00005883&cycle=2016","last_updated":"11/27/2017"},"industry":[{"@attributes":{"industry_code":"E01","industry_name":"Oil & Gas","indivs":"164150","pacs":"246600","total":"410750"}},{"@attributes":{"industry_code":"H01","industry_name":"Health Professionals","indivs":"90950","pacs":"255750","total":"346700"}},{"@attributes":{"industry_code":"F09","industry_name":"Insurance","indivs":"51800","pacs":"254650","total":"306450"}},{"@attributes":{"industry_code":"H04","industry_name":"Pharmaceuticals/Health Products","indivs":"11700","pacs":"245850","total":"257550"}},{"@attributes":{"industry_code":"F07","industry_name":"Securities & Investment","indivs":"123800","pacs":"122000","total":"245800"}},{"@attributes":{"industry_code":"K01","industry_name":"Lawyers/Law Firms","indivs":"84843","pacs":"125000","total":"209843"}},{"@attributes":{"industry_code":"F10","industry_name":"Real Estate","indivs":"110300","pacs":"86000","total":"196300"}},{"@attributes":{"industry_code":"H02","industry_name":"Hospitals/Nursing Homes","indivs":"80700","pacs":"112500","total":"193200"}},{"@attributes":{"industry_code":"K02","industry_name":"Lobbyists","indivs":"156416","pacs":"3000","total":"159416"}},{"@attributes":{"industry_code":"H03","industry_name":"Health Services/HMOs","indivs":"47300","pacs":"110000","total":"157300"}}]}}}