{"id":"B000213","title":"Representative","short_title":"Rep.","api_uri":"https://api.propublica.org/congress/v1/members/B000213.json","first_name":"Joe","middle_name":"L.","last_name":"Barton","suffix":null,"date_of_birth":"1949-09-15","gender":"M","party":"R","leadership_role":"","twitter_account":"RepJoeBarton","facebook_account":"RepJoeBarton","youtube_account":"repjoebarton","govtrack_id":"400018","cspan_id":"5248","votesmart_id":"27082","icpsr_id":"15085","crp_id":"N00005656","google_entity_id":"/m/03rspq","fec_candidate_id":"H4TX06117","url":"https://joebarton.house.gov","rss_url":null,"contact_form":null,"in_office":true,"dw_nominate":0.528,"ideal_point":null,"seniority":"34","next_election":"2018","total_votes":841,"missed_votes":24,"total_present":0,"ocd_id":"ocd-division/country:us/state:tx/cd:6","office":"2107 Rayburn House Office Building","phone":"202-225-2002","fax":"202-225-3052","state":"TX","district":"6","at_large":false,"geoid":"4806","missed_votes_pct":2.85,"votes_with_party_pct":95.35,"response":{"industries":{"@attributes":{"cand_name":"Joe Barton (R)","cid":"N00005656","cycle":"2016","origin":"Center for Responsive Politics","source":"https://www.opensecrets.org/members-of-congress/industries?cid=N00005656&cycle=2016","last_updated":"11/27/2017"},"industry":[{"@attributes":{"industry_code":"E01","industry_name":"Oil & Gas","indivs":"78600","pacs":"130650","total":"209250"}},{"@attributes":{"industry_code":"E08","industry_name":"Electric Utilities","indivs":"8900","pacs":"86500","total":"95400"}},{"@attributes":{"industry_code":"H01","industry_name":"Health Professionals","indivs":"9280","pacs":"47250","total":"56530"}},{"@attributes":{"industry_code":"N15","industry_name":"Misc Manufacturing & Distributing","indivs":"40000","pacs":"13000","total":"53000"}},{"@attributes":{"industry_code":"H04","industry_name":"Pharmaceuticals/Health Products","indivs":"0","pacs":"40000","total":"40000"}},{"@attributes":{"industry_code":"F13","industry_name":"Misc Finance","indivs":"37950","pacs":"0","total":"37950"}},{"@attributes":{"industry_code":"M02","industry_name":"Automotive","indivs":"6600","pacs":"29000","total":"35600"}},{"@attributes":{"industry_code":"W06","industry_name":"Retired","indivs":"33940","pacs":"0","total":"33940"}},{"@attributes":{"industry_code":"B09","industry_name":"Telecom Services","indivs":"0","pacs":"33500","total":"33500"}},{"@attributes":{"industry_code":"K02","industry_name":"Lobbyists","indivs":"31450","pacs":"2000","total":"33450"}}]}}}