{"id":"B000213","title":"Representative","short_title":"Rep.","api_uri":"https://api.propublica.org/congress/v1/members/B000213.json","first_name":"Joe","middle_name":"L.","last_name":"Barton","suffix":null,"date_of_birth":"1949-09-15","gender":"M","party":"R","leadership_role":"","twitter_account":"RepJoeBarton","facebook_account":"RepJoeBarton","youtube_account":"repjoebarton","govtrack_id":"400018","cspan_id":"5248","votesmart_id":"27082","icpsr_id":"15085","crp_id":"N00005656","google_entity_id":"/m/03rspq","fec_candidate_id":"H4TX06117","url":"https://joebarton.house.gov","rss_url":null,"contact_form":null,"in_office":true,"dw_nominate":0.528,"ideal_point":null,"seniority":"34","next_election":"2018","total_votes":841,"missed_votes":24,"total_present":0,"ocd_id":"ocd-division/country:us/state:tx/cd:6","office":"2107 Rayburn House Office Building","phone":"202-225-2002","fax":"202-225-3052","state":"TX","district":"6","at_large":false,"geoid":"4806","missed_votes_pct":2.85,"votes_with_party_pct":95.35,"response":{"industries":{"@attributes":{"cand_name":"Joe Barton (R)","cid":"N00005656","cycle":"2012","origin":"Center for Responsive Politics","source":"https://www.opensecrets.org/members-of-congress/industries?cid=N00005656&cycle=2012","last_updated":"03/25/2013"},"industry":[{"@attributes":{"industry_code":"E01","industry_name":"Oil & Gas","indivs":"47650","pacs":"114500","total":"162150"}},{"@attributes":{"industry_code":"E08","industry_name":"Electric Utilities","indivs":"8450","pacs":"116500","total":"124950"}},{"@attributes":{"industry_code":"H01","industry_name":"Health Professionals","indivs":"27600","pacs":"58500","total":"86100"}},{"@attributes":{"industry_code":"H04","industry_name":"Pharmaceuticals/Health Products","indivs":"18700","pacs":"36000","total":"54700"}},{"@attributes":{"industry_code":"B02","industry_name":"TV/Movies/Music","indivs":"13000","pacs":"35500","total":"48500"}},{"@attributes":{"industry_code":"K01","industry_name":"Lawyers/Law Firms","indivs":"12050","pacs":"32750","total":"44800"}},{"@attributes":{"industry_code":"N15","industry_name":"Misc Manufacturing & Distributing","indivs":"34500","pacs":"4000","total":"38500"}},{"@attributes":{"industry_code":"F13","industry_name":"Misc Finance","indivs":"31750","pacs":"0","total":"31750"}},{"@attributes":{"industry_code":"E07","industry_name":"Misc Energy","indivs":"14000","pacs":"17000","total":"31000"}},{"@attributes":{"industry_code":"N13","industry_name":"Chemical & Related Manufacturing","indivs":"5500","pacs":"21500","total":"27000"}}]}}}