{"id":"B000944","title":"Senator, 1st Class","short_title":"Sen.","api_uri":"https://api.propublica.org/congress/v1/members/B000944.json","first_name":"Sherrod","middle_name":null,"last_name":"Brown","suffix":null,"date_of_birth":"1952-11-09","gender":"M","party":"D","leadership_role":null,"twitter_account":"SenSherrodBrown","facebook_account":null,"youtube_account":"SherrodBrownOhio","govtrack_id":"400050","cspan_id":"5051","votesmart_id":"27018","icpsr_id":"29389","crp_id":"N00003535","google_entity_id":"/m/034s80","fec_candidate_id":"S6OH00163","url":"https://www.brown.senate.gov","rss_url":"https://www.brown.senate.gov/rss/feeds/?type=all&","contact_form":"http://www.brown.senate.gov/contact/","in_office":true,"dw_nominate":-0.438,"ideal_point":null,"seniority":"11","next_election":"2018","total_votes":388,"missed_votes":0,"total_present":1,"ocd_id":"ocd-division/country:us/state:oh","office":"713 Hart Senate Office Building","phone":"202-224-2315","fax":"202-228-6321","state":"OH","senate_class":"1","state_rank":"senior","lis_id":"S307","missed_votes_pct":0,"votes_with_party_pct":94.85,"response":{"industries":{"@attributes":{"cand_name":"Sherrod Brown (D)","cid":"N00003535","cycle":"2014","origin":"Center for Responsive Politics","source":"https://www.opensecrets.org/members-of-congress/industries?cid=N00003535&cycle=2014","last_updated":"02/27/2017"},"industry":[{"@attributes":{"industry_code":"K01","industry_name":"Lawyers/Law Firms","indivs":"1789771","pacs":"199123","total":"1988894"}},{"@attributes":{"industry_code":"W06","industry_name":"Retired","indivs":"1264236","pacs":"0","total":"1264236"}},{"@attributes":{"industry_code":"H01","industry_name":"Health Professionals","indivs":"404777","pacs":"259300","total":"664077"}},{"@attributes":{"industry_code":"W04","industry_name":"Education","indivs":"607989","pacs":"4000","total":"611989"}},{"@attributes":{"industry_code":"F10","industry_name":"Real Estate","indivs":"506362","pacs":"61000","total":"567362"}},{"@attributes":{"industry_code":"K02","industry_name":"Lobbyists","indivs":"457581","pacs":"21350","total":"478931"}},{"@attributes":{"industry_code":"Q08","industry_name":"Women's Issues","indivs":"402684","pacs":"1500","total":"404184"}},{"@attributes":{"industry_code":"F09","industry_name":"Insurance","indivs":"164608","pacs":"228649","total":"393257"}},{"@attributes":{"industry_code":"H02","industry_name":"Hospitals/Nursing Homes","indivs":"336938","pacs":"46250","total":"383188"}},{"@attributes":{"industry_code":"Q03","industry_name":"Leadership PACs","indivs":"200","pacs":"379000","total":"379200"}}]}}}