{"id":"B000944","title":"Senator, 1st Class","short_title":"Sen.","api_uri":"https://api.propublica.org/congress/v1/members/B000944.json","first_name":"Sherrod","middle_name":null,"last_name":"Brown","suffix":null,"date_of_birth":"1952-11-09","gender":"M","party":"D","leadership_role":null,"twitter_account":"SenSherrodBrown","facebook_account":null,"youtube_account":"SherrodBrownOhio","govtrack_id":"400050","cspan_id":"5051","votesmart_id":"27018","icpsr_id":"29389","crp_id":"N00003535","google_entity_id":"/m/034s80","fec_candidate_id":"S6OH00163","url":"https://www.brown.senate.gov","rss_url":"https://www.brown.senate.gov/rss/feeds/?type=all&","contact_form":"http://www.brown.senate.gov/contact/","in_office":true,"dw_nominate":-0.438,"ideal_point":null,"seniority":"11","next_election":"2018","total_votes":388,"missed_votes":0,"total_present":1,"ocd_id":"ocd-division/country:us/state:oh","office":"713 Hart Senate Office Building","phone":"202-224-2315","fax":"202-228-6321","state":"OH","senate_class":"1","state_rank":"senior","lis_id":"S307","missed_votes_pct":0,"votes_with_party_pct":94.85,"response":{"industries":{"@attributes":{"cand_name":"Sherrod Brown (D)","cid":"N00003535","cycle":"2018","origin":"Center for Responsive Politics","source":"https://www.opensecrets.org/members-of-congress/industries?cid=N00003535&cycle=2018","last_updated":"03/26/2018"},"industry":[{"@attributes":{"industry_code":"K01","industry_name":"Lawyers/Law Firms","indivs":"1732033","pacs":"138575","total":"1870608"}},{"@attributes":{"industry_code":"Q02","industry_name":"Democratic/Liberal","indivs":"1155971","pacs":"11081","total":"1167052"}},{"@attributes":{"industry_code":"W06","industry_name":"Retired","indivs":"1052310","pacs":"0","total":"1052310"}},{"@attributes":{"industry_code":"W04","industry_name":"Education","indivs":"690324","pacs":"0","total":"690324"}},{"@attributes":{"industry_code":"F10","industry_name":"Real Estate","indivs":"557263","pacs":"75500","total":"632763"}},{"@attributes":{"industry_code":"H01","industry_name":"Health Professionals","indivs":"400923","pacs":"191600","total":"592523"}},{"@attributes":{"industry_code":"F09","industry_name":"Insurance","indivs":"216480","pacs":"320500","total":"536980"}},{"@attributes":{"industry_code":"F07","industry_name":"Securities & Investment","indivs":"352587","pacs":"171850","total":"524437"}},{"@attributes":{"industry_code":"N05","industry_name":"Business Services","indivs":"379031","pacs":"17750","total":"396781"}},{"@attributes":{"industry_code":"Q03","industry_name":"Leadership PACs","indivs":"0","pacs":"378900","total":"378900"}}]}}}