{"id":"B000755","title":"Representative","short_title":"Rep.","api_uri":"https://api.propublica.org/congress/v1/members/B000755.json","first_name":"Kevin","middle_name":null,"last_name":"Brady","suffix":null,"date_of_birth":"1955-04-11","gender":"M","party":"R","leadership_role":null,"twitter_account":"RepKevinBrady","facebook_account":"kevinbrady","youtube_account":"KBrady8","govtrack_id":"400046","cspan_id":"45749","votesmart_id":"361","icpsr_id":"29760","crp_id":"N00005883","google_entity_id":"/m/03tq00","fec_candidate_id":"H6TX08100","url":"https://kevinbrady.house.gov","rss_url":null,"contact_form":null,"in_office":true,"dw_nominate":0.518,"ideal_point":null,"seniority":"22","next_election":"2018","total_votes":841,"missed_votes":32,"total_present":0,"ocd_id":"ocd-division/country:us/state:tx/cd:8","office":"1011 Longworth House Office Building","phone":"202-225-4901","fax":"202-225-5524","state":"TX","district":"8","at_large":false,"geoid":"4808","missed_votes_pct":3.8,"votes_with_party_pct":98.15}