{"id":"B000490","title":"Representative","short_title":"Rep.","api_uri":"https://api.propublica.org/congress/v1/members/B000490.json","first_name":"Sanford","middle_name":"D.","last_name":"Bishop","suffix":"Jr.","date_of_birth":"1947-02-04","gender":"M","party":"D","leadership_role":null,"twitter_account":"SanfordBishop","facebook_account":"sanfordbishop","youtube_account":"RepSanfordBishop","govtrack_id":"400030","cspan_id":"26194","votesmart_id":"26817","icpsr_id":"29339","crp_id":"N00002674","google_entity_id":"/m/02554k","fec_candidate_id":"H2GA02031","url":"https://bishop.house.gov","rss_url":"https://bishop.house.gov/rss.xml","contact_form":null,"in_office":true,"dw_nominate":-0.281,"ideal_point":null,"seniority":"26","next_election":"2018","total_votes":841,"missed_votes":29,"total_present":0,"ocd_id":"ocd-division/country:us/state:ga/cd:2","office":"2407 Rayburn House Office Building","phone":"202-225-3631","fax":"202-225-2203","state":"GA","district":"2","at_large":false,"geoid":"1302","missed_votes_pct":3.45,"votes_with_party_pct":90.27}