{"id":"B000574","title":"Representative","short_title":"Rep.","api_uri":"https://api.propublica.org/congress/v1/members/B000574.json","first_name":"Earl","middle_name":null,"last_name":"Blumenauer","suffix":null,"date_of_birth":"1948-08-16","gender":"M","party":"D","leadership_role":null,"twitter_account":"BlumenauerMedia","facebook_account":null,"youtube_account":"RepBlumenauer","govtrack_id":"400033","cspan_id":"43809","votesmart_id":"367","icpsr_id":"29588","crp_id":"N00007727","google_entity_id":"/m/033tw8","fec_candidate_id":"H6OR03064","url":"https://blumenauer.house.gov","rss_url":null,"contact_form":null,"in_office":true,"dw_nominate":-0.429,"ideal_point":null,"seniority":"24","next_election":"2018","total_votes":841,"missed_votes":37,"total_present":0,"ocd_id":"ocd-division/country:us/state:or/cd:3","office":"1111 Longworth House Office Building","phone":"202-225-4811","fax":"202-225-8941","state":"OR","district":"3","at_large":false,"geoid":"4103","missed_votes_pct":4.4,"votes_with_party_pct":92.91}