{"id":"B000755","title":"Representative","short_title":"Rep.","api_uri":"https://api.propublica.org/congress/v1/members/B000755.json","first_name":"Kevin","middle_name":null,"last_name":"Brady","suffix":null,"date_of_birth":"1955-04-11","gender":"M","party":"R","leadership_role":null,"twitter_account":"RepKevinBrady","facebook_account":"kevinbrady","youtube_account":"KBrady8","govtrack_id":"400046","cspan_id":"45749","votesmart_id":"361","icpsr_id":"29760","crp_id":"N00005883","google_entity_id":"/m/03tq00","fec_candidate_id":"H6TX08100","url":"https://kevinbrady.house.gov","rss_url":null,"contact_form":null,"in_office":true,"dw_nominate":0.518,"ideal_point":null,"seniority":"22","next_election":"2018","total_votes":841,"missed_votes":32,"total_present":0,"ocd_id":"ocd-division/country:us/state:tx/cd:8","office":"1011 Longworth House Office Building","phone":"202-225-4901","fax":"202-225-5524","state":"TX","district":"8","at_large":false,"geoid":"4808","missed_votes_pct":3.8,"votes_with_party_pct":98.15,"response":{"industries":{"@attributes":{"cand_name":"Kevin Brady (R)","cid":"N00005883","cycle":"2014","origin":"Center for Responsive Politics","source":"https://www.opensecrets.org/members-of-congress/industries?cid=N00005883&cycle=2014","last_updated":"02/27/2017"},"industry":[{"@attributes":{"industry_code":"E01","industry_name":"Oil & Gas","indivs":"144150","pacs":"166100","total":"310250"}},{"@attributes":{"industry_code":"H01","industry_name":"Health Professionals","indivs":"54567","pacs":"210500","total":"265067"}},{"@attributes":{"industry_code":"H03","industry_name":"Health Services/HMOs","indivs":"37378","pacs":"119200","total":"156578"}},{"@attributes":{"industry_code":"F09","industry_name":"Insurance","indivs":"10200","pacs":"135000","total":"145200"}},{"@attributes":{"industry_code":"F10","industry_name":"Real Estate","indivs":"70374","pacs":"59500","total":"129874"}},{"@attributes":{"industry_code":"H04","industry_name":"Pharmaceuticals/Health Products","indivs":"23200","pacs":"103132","total":"126332"}},{"@attributes":{"industry_code":"H02","industry_name":"Hospitals/Nursing Homes","indivs":"43100","pacs":"68100","total":"111200"}},{"@attributes":{"industry_code":"K01","industry_name":"Lawyers/Law Firms","indivs":"28550","pacs":"56900","total":"85450"}},{"@attributes":{"industry_code":"F07","industry_name":"Securities & Investment","indivs":"30232","pacs":"49500","total":"79732"}},{"@attributes":{"industry_code":"Q10","industry_name":"Misc Issues","indivs":"74875","pacs":"500","total":"75375"}}]}}}