{"id":"B000490","title":"Representative","short_title":"Rep.","api_uri":"https://api.propublica.org/congress/v1/members/B000490.json","first_name":"Sanford","middle_name":"D.","last_name":"Bishop","suffix":"Jr.","date_of_birth":"1947-02-04","gender":"M","party":"D","leadership_role":null,"twitter_account":"SanfordBishop","facebook_account":"sanfordbishop","youtube_account":"RepSanfordBishop","govtrack_id":"400030","cspan_id":"26194","votesmart_id":"26817","icpsr_id":"29339","crp_id":"N00002674","google_entity_id":"/m/02554k","fec_candidate_id":"H2GA02031","url":"https://bishop.house.gov","rss_url":"https://bishop.house.gov/rss.xml","contact_form":null,"in_office":true,"dw_nominate":-0.281,"ideal_point":null,"seniority":"26","next_election":"2018","total_votes":841,"missed_votes":29,"total_present":0,"ocd_id":"ocd-division/country:us/state:ga/cd:2","office":"2407 Rayburn House Office Building","phone":"202-225-3631","fax":"202-225-2203","state":"GA","district":"2","at_large":false,"geoid":"1302","missed_votes_pct":3.45,"votes_with_party_pct":90.27,"response":{"industries":{"@attributes":{"cand_name":"Sanford Bishop (D)","cid":"N00002674","cycle":"2018","origin":"Center for Responsive Politics","source":"https://www.opensecrets.org/members-of-congress/industries?cid=N00002674&cycle=2018","last_updated":"03/26/2018"},"industry":[{"@attributes":{"industry_code":"A01","industry_name":"Crop Production & Basic Processing","indivs":"4000","pacs":"42500","total":"46500"}},{"@attributes":{"industry_code":"A10","industry_name":"Forestry & Forest Products","indivs":"3700","pacs":"22400","total":"26100"}},{"@attributes":{"industry_code":"D01","industry_name":"Defense Aerospace","indivs":"0","pacs":"25500","total":"25500"}},{"@attributes":{"industry_code":"H01","industry_name":"Health Professionals","indivs":"750","pacs":"22750","total":"23500"}},{"@attributes":{"industry_code":"A07","industry_name":"Agricultural Services/Products","indivs":"0","pacs":"21500","total":"21500"}},{"@attributes":{"industry_code":"P02","industry_name":"Industrial Unions","indivs":"0","pacs":"21000","total":"21000"}},{"@attributes":{"industry_code":"P04","industry_name":"Public Sector Unions","indivs":"0","pacs":"21000","total":"21000"}},{"@attributes":{"industry_code":"K01","industry_name":"Lawyers/Law Firms","indivs":"3700","pacs":"16250","total":"19950"}},{"@attributes":{"industry_code":"E08","industry_name":"Electric Utilities","indivs":"250","pacs":"16000","total":"16250"}},{"@attributes":{"industry_code":"F09","industry_name":"Insurance","indivs":"1000","pacs":"15000","total":"16000"}}]}}}