{"id":"B000574","title":"Representative","short_title":"Rep.","api_uri":"https://api.propublica.org/congress/v1/members/B000574.json","first_name":"Earl","middle_name":null,"last_name":"Blumenauer","suffix":null,"date_of_birth":"1948-08-16","gender":"M","party":"D","leadership_role":null,"twitter_account":"BlumenauerMedia","facebook_account":null,"youtube_account":"RepBlumenauer","govtrack_id":"400033","cspan_id":"43809","votesmart_id":"367","icpsr_id":"29588","crp_id":"N00007727","google_entity_id":"/m/033tw8","fec_candidate_id":"H6OR03064","url":"https://blumenauer.house.gov","rss_url":null,"contact_form":null,"in_office":true,"dw_nominate":-0.429,"ideal_point":null,"seniority":"24","next_election":"2018","total_votes":841,"missed_votes":37,"total_present":0,"ocd_id":"ocd-division/country:us/state:or/cd:3","office":"1111 Longworth House Office Building","phone":"202-225-4811","fax":"202-225-8941","state":"OR","district":"3","at_large":false,"geoid":"4103","missed_votes_pct":4.4,"votes_with_party_pct":92.91,"response":{"industries":{"@attributes":{"cand_name":"Earl Blumenauer (D)","cid":"N00007727","cycle":"2012","origin":"Center for Responsive Politics","source":"https://www.opensecrets.org/members-of-congress/industries?cid=N00007727&cycle=2012","last_updated":"03/25/2013"},"industry":[{"@attributes":{"industry_code":"H01","industry_name":"Health Professionals","indivs":"600","pacs":"92250","total":"92850"}},{"@attributes":{"industry_code":"C04","industry_name":"Construction Services","indivs":"28410","pacs":"58000","total":"86410"}},{"@attributes":{"industry_code":"M04","industry_name":"Railroads","indivs":"16175","pacs":"59165","total":"75340"}},{"@attributes":{"industry_code":"F10","industry_name":"Real Estate","indivs":"30850","pacs":"28000","total":"58850"}},{"@attributes":{"industry_code":"P04","industry_name":"Public Sector Unions","indivs":"0","pacs":"53000","total":"53000"}},{"@attributes":{"industry_code":"K01","industry_name":"Lawyers/Law Firms","indivs":"24800","pacs":"27250","total":"52050"}},{"@attributes":{"industry_code":"N15","industry_name":"Misc Manufacturing & Distributing","indivs":"19900","pacs":"30750","total":"50650"}},{"@attributes":{"industry_code":"P03","industry_name":"Transportation Unions","indivs":"0","pacs":"43500","total":"43500"}},{"@attributes":{"industry_code":"F09","industry_name":"Insurance","indivs":"3200","pacs":"36500","total":"39700"}},{"@attributes":{"industry_code":"F07","industry_name":"Securities & Investment","indivs":"30999","pacs":"4500","total":"35499"}}]}}}