{"id":"B000287","title":"Representative","short_title":"Rep.","api_uri":"https://api.propublica.org/congress/v1/members/B000287.json","first_name":"Xavier","middle_name":null,"last_name":"Becerra","suffix":null,"date_of_birth":"1958-01-26","gender":"M","party":"D","leadership_role":null,"twitter_account":"RepBecerra","facebook_account":"XavierBecerra","youtube_account":"XavierBecerra","govtrack_id":"400021","cspan_id":"26567","votesmart_id":null,"icpsr_id":"29316","crp_id":null,"google_entity_id":"/m/024trk","fec_candidate_id":"H2CA30143","url":"http://becerra.house.gov","rss_url":"https://becerra.house.gov/rss/press-releases.xml","contact_form":null,"in_office":false,"dw_nominate":-0.512,"ideal_point":null,"seniority":"26","next_election":"2018","total_votes":61,"missed_votes":42,"total_present":0,"ocd_id":"ocd-division/country:us/state:ca/cd:34","office":null,"phone":"202-225-6235","fax":null,"state":"CA","district":"34","at_large":false,"geoid":"0634","missed_votes_pct":68.85,"votes_with_party_pct":89.47}