{"id":"B000213","title":"Representative","short_title":"Rep.","api_uri":"https://api.propublica.org/congress/v1/members/B000213.json","first_name":"Joe","middle_name":"L.","last_name":"Barton","suffix":null,"date_of_birth":"1949-09-15","gender":"M","party":"R","leadership_role":"","twitter_account":"RepJoeBarton","facebook_account":"RepJoeBarton","youtube_account":"repjoebarton","govtrack_id":"400018","cspan_id":"5248","votesmart_id":"27082","icpsr_id":"15085","crp_id":"N00005656","google_entity_id":"/m/03rspq","fec_candidate_id":"H4TX06117","url":"https://joebarton.house.gov","rss_url":null,"contact_form":null,"in_office":true,"dw_nominate":0.528,"ideal_point":null,"seniority":"34","next_election":"2018","total_votes":841,"missed_votes":24,"total_present":0,"ocd_id":"ocd-division/country:us/state:tx/cd:6","office":"2107 Rayburn House Office Building","phone":"202-225-2002","fax":"202-225-3052","state":"TX","district":"6","at_large":false,"geoid":"4806","missed_votes_pct":2.85,"votes_with_party_pct":95.35}