{"id":"B000575","title":"Senator, 3rd Class","short_title":"Sen.","api_uri":"https://api.propublica.org/congress/v1/members/B000575.json","first_name":"Roy","middle_name":null,"last_name":"Blunt","suffix":null,"date_of_birth":"1950-01-10","gender":"M","party":"R","leadership_role":null,"twitter_account":"RoyBlunt","facebook_account":"SenatorBlunt","youtube_account":"SenatorBlunt","govtrack_id":"400034","cspan_id":"45465","votesmart_id":"418","icpsr_id":"29735","crp_id":"N00005195","google_entity_id":"/m/034fn4","fec_candidate_id":"S0MO00183","url":"https://www.blunt.senate.gov/public","rss_url":"https://www.blunt.senate.gov/public/?a=RSS.Feed","contact_form":"https://www.blunt.senate.gov/public/index.cfm/contact-roy","in_office":true,"dw_nominate":0.431,"ideal_point":null,"seniority":"7","next_election":"2022","total_votes":388,"missed_votes":8,"total_present":0,"ocd_id":"ocd-division/country:us/state:mo","office":"260 Russell Senate Office Building","phone":"202-224-5721","fax":"202-224-8149","state":"MO","senate_class":"3","state_rank":"junior","lis_id":"S342","missed_votes_pct":2.06,"votes_with_party_pct":98.42,"response":{"industries":{"@attributes":{"cand_name":"Roy Blunt (R)","cid":"N00005195","cycle":"2014","origin":"Center for Responsive Politics","source":"https://www.opensecrets.org/members-of-congress/industries?cid=N00005195&cycle=2014","last_updated":"02/27/2017"},"industry":[{"@attributes":{"industry_code":"F07","industry_name":"Securities & Investment","indivs":"897805","pacs":"133200","total":"1031005"}},{"@attributes":{"industry_code":"W06","industry_name":"Retired","indivs":"699699","pacs":"0","total":"699699"}},{"@attributes":{"industry_code":"Q03","industry_name":"Leadership PACs","indivs":"0","pacs":"643269","total":"643269"}},{"@attributes":{"industry_code":"K01","industry_name":"Lawyers/Law Firms","indivs":"400744","pacs":"173488","total":"574232"}},{"@attributes":{"industry_code":"F10","industry_name":"Real Estate","indivs":"520535","pacs":"46400","total":"566935"}},{"@attributes":{"industry_code":"H01","industry_name":"Health Professionals","indivs":"318330","pacs":"200500","total":"518830"}},{"@attributes":{"industry_code":"K02","industry_name":"Lobbyists","indivs":"468580","pacs":"10550","total":"479130"}},{"@attributes":{"industry_code":"F09","industry_name":"Insurance","indivs":"228634","pacs":"239900","total":"468534"}},{"@attributes":{"industry_code":"N15","industry_name":"Misc Manufacturing & Distributing","indivs":"353450","pacs":"91900","total":"445350"}},{"@attributes":{"industry_code":"E01","industry_name":"Oil & Gas","indivs":"246385","pacs":"170750","total":"417135"}}]}}}