{"id":"B000490","title":"Representative","short_title":"Rep.","api_uri":"https://api.propublica.org/congress/v1/members/B000490.json","first_name":"Sanford","middle_name":"D.","last_name":"Bishop","suffix":"Jr.","date_of_birth":"1947-02-04","gender":"M","party":"D","leadership_role":null,"twitter_account":"SanfordBishop","facebook_account":"sanfordbishop","youtube_account":"RepSanfordBishop","govtrack_id":"400030","cspan_id":"26194","votesmart_id":"26817","icpsr_id":"29339","crp_id":"N00002674","google_entity_id":"/m/02554k","fec_candidate_id":"H2GA02031","url":"https://bishop.house.gov","rss_url":"https://bishop.house.gov/rss.xml","contact_form":null,"in_office":true,"dw_nominate":-0.281,"ideal_point":null,"seniority":"26","next_election":"2018","total_votes":841,"missed_votes":29,"total_present":0,"ocd_id":"ocd-division/country:us/state:ga/cd:2","office":"2407 Rayburn House Office Building","phone":"202-225-3631","fax":"202-225-2203","state":"GA","district":"2","at_large":false,"geoid":"1302","missed_votes_pct":3.45,"votes_with_party_pct":90.27,"response":{"industries":{"@attributes":{"cand_name":"Sanford D. Bishop Jr (D)","cid":"N00002674","cycle":"2012","origin":"Center for Responsive Politics","source":"https://www.opensecrets.org/members-of-congress/industries?cid=N00002674&cycle=2012","last_updated":"03/25/2013"},"industry":[{"@attributes":{"industry_code":"A01","industry_name":"Crop Production & Basic Processing","indivs":"11750","pacs":"67000","total":"78750"}},{"@attributes":{"industry_code":"K01","industry_name":"Lawyers/Law Firms","indivs":"49650","pacs":"28157","total":"77807"}},{"@attributes":{"industry_code":"K02","industry_name":"Lobbyists","indivs":"38493","pacs":"2243","total":"40736"}},{"@attributes":{"industry_code":"P02","industry_name":"Industrial Unions","indivs":"0","pacs":"37500","total":"37500"}},{"@attributes":{"industry_code":"A07","industry_name":"Agricultural Services/Products","indivs":"250","pacs":"37000","total":"37250"}},{"@attributes":{"industry_code":"P04","industry_name":"Public Sector Unions","indivs":"0","pacs":"37000","total":"37000"}},{"@attributes":{"industry_code":"H01","industry_name":"Health Professionals","indivs":"8980","pacs":"25900","total":"34880"}},{"@attributes":{"industry_code":"D01","industry_name":"Defense Aerospace","indivs":"1000","pacs":"33000","total":"34000"}},{"@attributes":{"industry_code":"P01","industry_name":"Building Trade Unions","indivs":"0","pacs":"30500","total":"30500"}},{"@attributes":{"industry_code":"F09","industry_name":"Insurance","indivs":"13750","pacs":"16500","total":"30250"}},{"@attributes":{"industry_code":"F10","industry_name":"Real Estate","indivs":"12250","pacs":"18000","total":"30250"}}]}}}