{"id":"B001250","title":"Representative","short_title":"Rep.","api_uri":"https://api.propublica.org/congress/v1/members/B001250.json","first_name":"Rob","middle_name":null,"last_name":"Bishop","suffix":null,"date_of_birth":"1951-07-13","gender":"M","party":"R","leadership_role":null,"twitter_account":"RepRobBishop","facebook_account":"RepRobBishop","youtube_account":"CongressmanBishop","govtrack_id":"400029","cspan_id":"1003621","votesmart_id":"50544","icpsr_id":"20357","crp_id":"N00025292","google_entity_id":"/m/02tn41","fec_candidate_id":"H2UT01094","url":"https://robbishop.house.gov","rss_url":null,"contact_form":null,"in_office":true,"dw_nominate":0.53,"ideal_point":null,"seniority":"16","next_election":"2018","total_votes":841,"missed_votes":26,"total_present":0,"ocd_id":"ocd-division/country:us/state:ut/cd:1","office":"123 Cannon House Office Building","phone":"202-225-0453","fax":"202-225-5857","state":"UT","district":"1","at_large":false,"geoid":"4901","missed_votes_pct":3.09,"votes_with_party_pct":97.18,"response":{"industries":{"@attributes":{"cand_name":"Rob Bishop (R)","cid":"N00025292","cycle":"2016","origin":"Center for Responsive Politics","source":"https://www.opensecrets.org/members-of-congress/industries?cid=N00025292&cycle=2016","last_updated":"11/27/2017"},"industry":[{"@attributes":{"industry_code":"E01","industry_name":"Oil & Gas","indivs":"11516","pacs":"139000","total":"150516"}},{"@attributes":{"industry_code":"N07","industry_name":"Casinos/Gambling","indivs":"78700","pacs":"10000","total":"88700"}},{"@attributes":{"industry_code":"K01","industry_name":"Lawyers/Law Firms","indivs":"24700","pacs":"38250","total":"62950"}},{"@attributes":{"industry_code":"K02","industry_name":"Lobbyists","indivs":"48849","pacs":"1000","total":"49849"}},{"@attributes":{"industry_code":"E08","industry_name":"Electric Utilities","indivs":"1750","pacs":"40000","total":"41750"}},{"@attributes":{"industry_code":"F10","industry_name":"Real Estate","indivs":"17850","pacs":"20500","total":"38350"}},{"@attributes":{"industry_code":"D01","industry_name":"Defense Aerospace","indivs":"0","pacs":"33000","total":"33000"}},{"@attributes":{"industry_code":"A10","industry_name":"Forestry & Forest Products","indivs":"8000","pacs":"21398","total":"29398"}},{"@attributes":{"industry_code":"E04","industry_name":"Mining","indivs":"250","pacs":"28500","total":"28750"}},{"@attributes":{"industry_code":"W06","industry_name":"Retired","indivs":"26400","pacs":"0","total":"26400"}}]}}}