{"id":"B001286","title":"Representative","short_title":"Rep.","api_uri":"https://api.propublica.org/congress/v1/members/B001286.json","first_name":"Cheri","middle_name":null,"last_name":"Bustos","suffix":null,"date_of_birth":"1961-10-17","gender":"F","party":"D","leadership_role":null,"twitter_account":"RepCheri","facebook_account":"RepCheri","youtube_account":"RepCheri","govtrack_id":"412537","cspan_id":"63949","votesmart_id":"134964","icpsr_id":"21329","crp_id":"N00033390","google_entity_id":"/m/0jwwtrm","fec_candidate_id":"H2IL17071","url":"https://bustos.house.gov","rss_url":"https://bustos.house.gov/category/press-release/feed/","contact_form":null,"in_office":true,"dw_nominate":-0.238,"ideal_point":null,"seniority":"6","next_election":"2018","total_votes":841,"missed_votes":5,"total_present":0,"ocd_id":"ocd-division/country:us/state:il/cd:17","office":"1009 Longworth House Office Building","phone":"202-225-5905","fax":"309-786-3720","state":"IL","district":"17","at_large":false,"geoid":"1717","missed_votes_pct":0.59,"votes_with_party_pct":91.39,"response":{"industries":{"@attributes":{"cand_name":"Cheri Bustos (D)","cid":"N00033390","cycle":"2018","origin":"Center for Responsive Politics","source":"https://www.opensecrets.org/members-of-congress/industries?cid=N00033390&cycle=2018","last_updated":"03/26/2018"},"industry":[{"@attributes":{"industry_code":"K01","industry_name":"Lawyers/Law Firms","indivs":"146964","pacs":"15562","total":"162526"}},{"@attributes":{"industry_code":"Q02","industry_name":"Democratic/Liberal","indivs":"100765","pacs":"10500","total":"111265"}},{"@attributes":{"industry_code":"Q03","industry_name":"Leadership PACs","indivs":"0","pacs":"105200","total":"105200"}},{"@attributes":{"industry_code":"W06","industry_name":"Retired","indivs":"98276","pacs":"0","total":"98276"}},{"@attributes":{"industry_code":"F09","industry_name":"Insurance","indivs":"7513","pacs":"51750","total":"59263"}},{"@attributes":{"industry_code":"P01","industry_name":"Building Trade Unions","indivs":"553","pacs":"58500","total":"59053"}},{"@attributes":{"industry_code":"F10","industry_name":"Real Estate","indivs":"49443","pacs":"7000","total":"56443"}},{"@attributes":{"industry_code":"Q16","industry_name":"Candidate Committees","indivs":"0","pacs":"54250","total":"54250"}},{"@attributes":{"industry_code":"F07","industry_name":"Securities & Investment","indivs":"29230","pacs":"24000","total":"53230"}},{"@attributes":{"industry_code":"P03","industry_name":"Transportation Unions","indivs":"0","pacs":"50500","total":"50500"}}]}}}