{"id":"B001261","title":"Senator, 1st Class","short_title":"Sen.","api_uri":"https://api.propublica.org/congress/v1/members/B001261.json","first_name":"John","middle_name":null,"last_name":"Barrasso","suffix":null,"date_of_birth":"1952-07-21","gender":"M","party":"R","leadership_role":"Policy Committee Chair","twitter_account":"SenJohnBarrasso","facebook_account":"johnbarrasso","youtube_account":"barrassowyo","govtrack_id":"412251","cspan_id":"1024777","votesmart_id":"52662","icpsr_id":"40707","crp_id":"N00006236","google_entity_id":"/m/02rsm32","fec_candidate_id":"S6WY00068","url":"https://www.barrasso.senate.gov","rss_url":"https://www.barrasso.senate.gov/public/?a=rss.feed","contact_form":"https://www.barrasso.senate.gov/public/index.cfm/contact-form","in_office":true,"dw_nominate":0.529,"ideal_point":null,"seniority":"11","next_election":"2018","total_votes":388,"missed_votes":1,"total_present":0,"ocd_id":"ocd-division/country:us/state:wy","office":"307 Dirksen Senate Office Building","phone":"202-224-6441","fax":"202-224-1724","state":"WY","senate_class":"1","state_rank":"junior","lis_id":"S317","missed_votes_pct":0.26,"votes_with_party_pct":97.93}