{"id":"B001278","title":"Representative","short_title":"Rep.","api_uri":"https://api.propublica.org/congress/v1/members/B001278.json","first_name":"Suzanne","middle_name":null,"last_name":"Bonamici","suffix":null,"date_of_birth":"1954-10-14","gender":"F","party":"D","leadership_role":null,"twitter_account":"RepBonamici","facebook_account":"congresswomanbonamici","youtube_account":"RepSuzanneBonamici","govtrack_id":"412501","cspan_id":"63966","votesmart_id":"59641","icpsr_id":"21198","crp_id":"N00033474","google_entity_id":"/m/02q453x","fec_candidate_id":"H2OR01133","url":"https://bonamici.house.gov","rss_url":"https://bonamici.house.gov/rss.xml","contact_form":null,"in_office":true,"dw_nominate":-0.386,"ideal_point":null,"seniority":"8","next_election":"2018","total_votes":841,"missed_votes":3,"total_present":0,"ocd_id":"ocd-division/country:us/state:or/cd:1","office":"439 Cannon House Office Building","phone":"202-225-0855","fax":"202-225-9497","state":"OR","district":"1","at_large":false,"geoid":"4101","missed_votes_pct":0.36,"votes_with_party_pct":93.56}