{"id":"B001245","title":"Delegate","short_title":"Del.","api_uri":"https://api.propublica.org/congress/v1/members/B001245.json","first_name":"Madeleine","middle_name":"Z.","last_name":"Bordallo","suffix":null,"date_of_birth":"1933-05-31","gender":"F","party":"D","leadership_role":null,"twitter_account":null,"facebook_account":"madeleine.bordallo","youtube_account":null,"govtrack_id":"400041","cspan_id":"1003568","votesmart_id":"1751","icpsr_id":null,"crp_id":"N00024866","google_entity_id":"/m/01s_xp","fec_candidate_id":"H2GU00033","url":"https://bordallo.house.gov","rss_url":null,"contact_form":"https://bordallo.house.gov/contact","in_office":true,"dw_nominate":null,"ideal_point":null,"seniority":"16","next_election":"2018","total_votes":0,"missed_votes":null,"total_present":null,"ocd_id":"ocd-division/country:us/state:gu/cd:79","office":"2441 Rayburn House Office Building","phone":"202-225-1188","fax":"202-226-0341","state":"GU","district":"At-Large","at_large":true,"geoid":"6698"}