{"id":"B001269","title":"Representative","short_title":"Rep.","api_uri":"https://api.propublica.org/congress/v1/members/B001269.json","first_name":"Lou","middle_name":null,"last_name":"Barletta","suffix":null,"date_of_birth":"1956-01-28","gender":"M","party":"R","leadership_role":"","twitter_account":"RepLouBarletta","facebook_account":"CongressmanLouBarletta","youtube_account":"reploubarletta","govtrack_id":"412469","cspan_id":"29618","votesmart_id":"47143","icpsr_id":"21171","crp_id":"N00025495","google_entity_id":"/m/03wcvjl","fec_candidate_id":"H2PA11098","url":"https://barletta.house.gov","rss_url":"https://barletta.house.gov/rss.xml","contact_form":null,"in_office":true,"dw_nominate":0.275,"ideal_point":null,"seniority":"8","next_election":"2018","total_votes":841,"missed_votes":64,"total_present":0,"ocd_id":"ocd-division/country:us/state:pa/cd:11","office":"2049 Rayburn House Office Building","phone":"202-225-6511","fax":"202-225-0764","state":"PA","district":"11","at_large":false,"geoid":"4211","missed_votes_pct":7.61,"votes_with_party_pct":95.11}