{"id":"B001291","title":"Representative","short_title":"Rep.","api_uri":"https://api.propublica.org/congress/v1/members/B001291.json","first_name":"Brian","middle_name":null,"last_name":"Babin","suffix":null,"date_of_birth":"1948-03-23","gender":"M","party":"R","leadership_role":null,"twitter_account":"RepBrianBabin","facebook_account":"RepBrianBabin","youtube_account":null,"govtrack_id":"412655","cspan_id":"44883","votesmart_id":"360","icpsr_id":"21551","crp_id":"N00005736","google_entity_id":"/m/010qgj35","fec_candidate_id":"H6TX02079","url":"https://babin.house.gov","rss_url":null,"contact_form":null,"in_office":true,"dw_nominate":0.717,"ideal_point":null,"seniority":"4","next_election":"2018","total_votes":841,"missed_votes":15,"total_present":0,"ocd_id":"ocd-division/country:us/state:tx/cd:36","office":"316 Cannon House Office Building","phone":"202-225-1555","fax":"202-226-0396","state":"TX","district":"36","at_large":false,"geoid":"4836","missed_votes_pct":1.78,"votes_with_party_pct":95.28}