{"id":"B001292","title":"Representative","short_title":"Rep.","api_uri":"https://api.propublica.org/congress/v1/members/B001292.json","first_name":"Donald","middle_name":null,"last_name":"Beyer","suffix":null,"date_of_birth":"1950-06-20","gender":"M","party":"D","leadership_role":null,"twitter_account":"repdonbeyer","facebook_account":"repdonbeyer","youtube_account":null,"govtrack_id":"412657","cspan_id":"21141","votesmart_id":"1707","icpsr_id":"21554","crp_id":"N00036018","google_entity_id":"/m/053g16","fec_candidate_id":"H4VA08224","url":"https://beyer.house.gov","rss_url":null,"contact_form":null,"in_office":true,"dw_nominate":-0.395,"ideal_point":null,"seniority":"4","next_election":"2018","total_votes":841,"missed_votes":25,"total_present":0,"ocd_id":"ocd-division/country:us/state:va/cd:8","office":"1119 Longworth House Office Building","phone":"202-225-4376","fax":"202-225-0017","state":"VA","district":"8","at_large":false,"geoid":"5108","missed_votes_pct":2.97,"votes_with_party_pct":94.12,"response":{"industries":{"@attributes":{"cand_name":"Don Beyer (D)","cid":"N00036018","cycle":"2018","origin":"Center for Responsive Politics","source":"https://www.opensecrets.org/members-of-congress/industries?cid=N00036018&cycle=2018","last_updated":"03/26/2018"},"industry":[{"@attributes":{"industry_code":"K01","industry_name":"Lawyers/Law Firms","indivs":"85003","pacs":"15973","total":"100976"}},{"@attributes":{"industry_code":"F10","industry_name":"Real Estate","indivs":"63100","pacs":"6000","total":"69100"}},{"@attributes":{"industry_code":"W06","industry_name":"Retired","indivs":"61596","pacs":"0","total":"61596"}},{"@attributes":{"industry_code":"Q02","industry_name":"Democratic/Liberal","indivs":"45369","pacs":"5000","total":"50369"}},{"@attributes":{"industry_code":"M02","industry_name":"Automotive","indivs":"22700","pacs":"19500","total":"42200"}},{"@attributes":{"industry_code":"D01","industry_name":"Defense Aerospace","indivs":"5950","pacs":"34500","total":"40450"}},{"@attributes":{"industry_code":"W02","industry_name":"Non-Profit Institutions","indivs":"30591","pacs":"2000","total":"32591"}},{"@attributes":{"industry_code":"H01","industry_name":"Health Professionals","indivs":"12860","pacs":"19350","total":"32210"}},{"@attributes":{"industry_code":"W04","industry_name":"Education","indivs":"26392","pacs":"0","total":"26392"}},{"@attributes":{"industry_code":"E08","industry_name":"Electric Utilities","indivs":"13750","pacs":"9000","total":"22750"}}]}}}