{"id":"B001289","title":"Representative","short_title":"Rep.","api_uri":"https://api.propublica.org/congress/v1/members/B001289.json","first_name":"Bradley","middle_name":null,"last_name":"Byrne","suffix":null,"date_of_birth":"1955-02-16","gender":"M","party":"R","leadership_role":null,"twitter_account":"RepByrne","facebook_account":"RepByrne","youtube_account":null,"govtrack_id":"412601","cspan_id":"73486","votesmart_id":"27584","icpsr_id":"21376","crp_id":"N00035380","google_entity_id":"/m/09g6kty","fec_candidate_id":"H4AL01123","url":"https://byrne.house.gov","rss_url":"https://byrne.house.gov/rss.xml","contact_form":null,"in_office":true,"dw_nominate":0.539,"ideal_point":null,"seniority":"6","next_election":"2018","total_votes":841,"missed_votes":8,"total_present":0,"ocd_id":"ocd-division/country:us/state:al/cd:1","office":"119 Cannon House Office Building","phone":"202-225-4931","fax":"202-225-0562","state":"AL","district":"1","at_large":false,"geoid":"0101","missed_votes_pct":0.95,"votes_with_party_pct":97.96,"response":{"industries":{"@attributes":{"cand_name":"Bradley Byrne (R)","cid":"N00035380","cycle":"2014","origin":"Center for Responsive Politics","source":"https://www.opensecrets.org/members-of-congress/industries?cid=N00035380&cycle=2014","last_updated":"02/27/2017"},"industry":[{"@attributes":{"industry_code":"Q03","industry_name":"Leadership PACs","indivs":"0","pacs":"157000","total":"157000"}},{"@attributes":{"industry_code":"K01","industry_name":"Lawyers/Law Firms","indivs":"109250","pacs":"38000","total":"147250"}},{"@attributes":{"industry_code":"F09","industry_name":"Insurance","indivs":"32600","pacs":"69100","total":"101700"}},{"@attributes":{"industry_code":"W06","industry_name":"Retired","indivs":"95832","pacs":"0","total":"95832"}},{"@attributes":{"industry_code":"H01","industry_name":"Health Professionals","indivs":"28250","pacs":"48500","total":"76750"}},{"@attributes":{"industry_code":"F10","industry_name":"Real Estate","indivs":"38600","pacs":"31000","total":"69600"}},{"@attributes":{"industry_code":"D01","industry_name":"Defense Aerospace","indivs":"2000","pacs":"47000","total":"49000"}},{"@attributes":{"industry_code":"C01","industry_name":"General Contractors","indivs":"28400","pacs":"15000","total":"43400"}},{"@attributes":{"industry_code":"F03","industry_name":"Commercial Banks","indivs":"5750","pacs":"34000","total":"39750"}},{"@attributes":{"industry_code":"E08","industry_name":"Electric Utilities","indivs":"750","pacs":"39000","total":"39750"}}]}}}