{"id":"B001273","title":"Representative","short_title":"Rep.","api_uri":"https://api.propublica.org/congress/v1/members/B001273.json","first_name":"Diane","middle_name":null,"last_name":"Black","suffix":null,"date_of_birth":"1951-01-16","gender":"F","party":"R","leadership_role":"","twitter_account":"RepDianeBlack","facebook_account":"DianeBlackTN06","youtube_account":"RepDianeBlack","govtrack_id":"412478","cspan_id":"9268964","votesmart_id":"25292","icpsr_id":"21180","crp_id":"N00031539","google_entity_id":"/m/0cyvxl","fec_candidate_id":"H0TN06257","url":"https://black.house.gov","rss_url":"https://black.house.gov/rss.xml","contact_form":null,"in_office":true,"dw_nominate":0.581,"ideal_point":null,"seniority":"8","next_election":"2018","total_votes":841,"missed_votes":87,"total_present":0,"ocd_id":"ocd-division/country:us/state:tn/cd:6","office":"1131 Longworth House Office Building","phone":"202-225-4231","fax":"202-225-6887","state":"TN","district":"6","at_large":false,"geoid":"4706","missed_votes_pct":10.34,"votes_with_party_pct":98.01,"response":{"industries":{"@attributes":{"cand_name":"Diane Black (R)","cid":"N00031539","cycle":"2018","origin":"Center for Responsive Politics","source":"https://www.opensecrets.org/members-of-congress/industries?cid=N00031539&cycle=2018","last_updated":"03/26/2018"},"industry":[{"@attributes":{"industry_code":"H04","industry_name":"Pharmaceuticals/Health Products","indivs":"0","pacs":"41693","total":"41693"}},{"@attributes":{"industry_code":"H01","industry_name":"Health Professionals","indivs":"0","pacs":"41500","total":"41500"}},{"@attributes":{"industry_code":"F09","industry_name":"Insurance","indivs":"0","pacs":"28500","total":"28500"}},{"@attributes":{"industry_code":"F11","industry_name":"Accountants","indivs":"0","pacs":"15000","total":"15000"}},{"@attributes":{"industry_code":"H03","industry_name":"Health Services/HMOs","indivs":"4000","pacs":"10000","total":"14000"}},{"@attributes":{"industry_code":"K02","industry_name":"Lobbyists","indivs":"8500","pacs":"0","total":"8500"}},{"@attributes":{"industry_code":"N15","industry_name":"Misc Manufacturing & Distributing","indivs":"0","pacs":"7000","total":"7000"}},{"@attributes":{"industry_code":"H02","industry_name":"Hospitals/Nursing Homes","indivs":"0","pacs":"6000","total":"6000"}},{"@attributes":{"industry_code":"M01","industry_name":"Air Transport","indivs":"0","pacs":"5000","total":"5000"}},{"@attributes":{"industry_code":"Q08","industry_name":"Women's Issues","indivs":"0","pacs":"5000","total":"5000"}},{"@attributes":{"industry_code":"F13","industry_name":"Misc Finance","indivs":"0","pacs":"5000","total":"5000"}},{"@attributes":{"industry_code":"A02","industry_name":"Tobacco","indivs":"0","pacs":"5000","total":"5000"}},{"@attributes":{"industry_code":"B09","industry_name":"Telecom Services","indivs":"0","pacs":"5000","total":"5000"}},{"@attributes":{"industry_code":"N02","industry_name":"Beer, Wine & Liquor","indivs":"0","pacs":"5000","total":"5000"}}]}}}