{"id":"B001283","title":"Representative","short_title":"Rep.","api_uri":"https://api.propublica.org/congress/v1/members/B001283.json","first_name":"Jim","middle_name":null,"last_name":"Bridenstine","suffix":null,"date_of_birth":"1975-06-15","gender":"M","party":"R","leadership_role":null,"twitter_account":"RepJBridenstine","facebook_account":"CongressmanJimBridenstine","youtube_account":"RepJimBridenstine","govtrack_id":"412567","cspan_id":"79705","votesmart_id":"135894","icpsr_id":"21354","crp_id":"N00033532","google_entity_id":"/m/0jwyd6r","fec_candidate_id":"H2OK01143","url":"https://bridenstine.house.gov","rss_url":null,"contact_form":null,"in_office":true,"dw_nominate":0.69,"ideal_point":null,"seniority":"6","next_election":"2018","total_votes":841,"missed_votes":319,"total_present":0,"ocd_id":"ocd-division/country:us/state:ok/cd:1","office":"216 Cannon House Office Building","phone":"202-225-2211","fax":"918-935-2716","state":"OK","district":"1","at_large":false,"geoid":"4001","missed_votes_pct":37.93,"votes_with_party_pct":96.55,"response":{"industries":{"@attributes":{"cand_name":"James Bridenstine (R)","cid":"N00033532","cycle":"2016","origin":"Center for Responsive Politics","source":"https://www.opensecrets.org/members-of-congress/industries?cid=N00033532&cycle=2016","last_updated":"11/27/2017"},"industry":[{"@attributes":{"industry_code":"W06","industry_name":"Retired","indivs":"84015","pacs":"0","total":"84015"}},{"@attributes":{"industry_code":"H01","industry_name":"Health Professionals","indivs":"53900","pacs":"19500","total":"73400"}},{"@attributes":{"industry_code":"Q01","industry_name":"Republican/Conservative","indivs":"24540","pacs":"29685","total":"54225"}},{"@attributes":{"industry_code":"D01","industry_name":"Defense Aerospace","indivs":"1500","pacs":"43500","total":"45000"}},{"@attributes":{"industry_code":"E01","industry_name":"Oil & Gas","indivs":"9550","pacs":"26500","total":"36050"}},{"@attributes":{"industry_code":"D02","industry_name":"Defense Electronics","indivs":"0","pacs":"34000","total":"34000"}},{"@attributes":{"industry_code":"B09","industry_name":"Telecom Services","indivs":"4250","pacs":"19000","total":"23250"}},{"@attributes":{"industry_code":"K01","industry_name":"Lawyers/Law Firms","indivs":"15750","pacs":"4000","total":"19750"}},{"@attributes":{"industry_code":"F13","industry_name":"Misc Finance","indivs":"18800","pacs":"0","total":"18800"}},{"@attributes":{"industry_code":"M02","industry_name":"Automotive","indivs":"13150","pacs":"5000","total":"18150"}}]}}}