{"id":"B001284","title":"Representative","short_title":"Rep.","api_uri":"https://api.propublica.org/congress/v1/members/B001284.json","first_name":"Susan","middle_name":null,"last_name":"Brooks","suffix":null,"date_of_birth":"1960-08-25","gender":"F","party":"R","leadership_role":null,"twitter_account":"SusanWBrooks","facebook_account":"congresswomansusanwbrooks","youtube_account":"SusanWBrooks","govtrack_id":"412539","cspan_id":"623720","votesmart_id":"135988","icpsr_id":"21331","crp_id":"N00033495","google_entity_id":"/m/0jt8ng2","fec_candidate_id":"H2IN05082","url":"https://susanwbrooks.house.gov","rss_url":"https://susanwbrooks.house.gov/rss.xml","contact_form":null,"in_office":true,"dw_nominate":0.376,"ideal_point":null,"seniority":"6","next_election":"2018","total_votes":841,"missed_votes":8,"total_present":0,"ocd_id":"ocd-division/country:us/state:in/cd:5","office":"1030 Longworth House Office Building","phone":"202-225-2276","fax":"202-225-0016","state":"IN","district":"5","at_large":false,"geoid":"1805","missed_votes_pct":0.95,"votes_with_party_pct":96.76,"response":{"industries":{"@attributes":{"cand_name":"Susan Brooks (R)","cid":"N00033495","cycle":"2014","origin":"Center for Responsive Politics","source":"https://www.opensecrets.org/members-of-congress/industries?cid=N00033495&cycle=2014","last_updated":"02/27/2017"},"industry":[{"@attributes":{"industry_code":"K01","industry_name":"Lawyers/Law Firms","indivs":"76350","pacs":"20500","total":"96850"}},{"@attributes":{"industry_code":"F07","industry_name":"Securities & Investment","indivs":"37925","pacs":"35000","total":"72925"}},{"@attributes":{"industry_code":"F10","industry_name":"Real Estate","indivs":"32250","pacs":"33200","total":"65450"}},{"@attributes":{"industry_code":"H01","industry_name":"Health Professionals","indivs":"27050","pacs":"37500","total":"64550"}},{"@attributes":{"industry_code":"Q03","industry_name":"Leadership PACs","indivs":"0","pacs":"63698","total":"63698"}},{"@attributes":{"industry_code":"F09","industry_name":"Insurance","indivs":"10550","pacs":"44600","total":"55150"}},{"@attributes":{"industry_code":"H04","industry_name":"Pharmaceuticals/Health Products","indivs":"26900","pacs":"24500","total":"51400"}},{"@attributes":{"industry_code":"W06","industry_name":"Retired","indivs":"47350","pacs":"0","total":"47350"}},{"@attributes":{"industry_code":"K02","industry_name":"Lobbyists","indivs":"29975","pacs":"9500","total":"39475"}},{"@attributes":{"industry_code":"N03","industry_name":"Retail Sales","indivs":"8500","pacs":"30500","total":"39000"}}]}}}