{"id":"B001236","title":"Senator, 3rd Class","short_title":"Sen.","api_uri":"https://api.propublica.org/congress/v1/members/B001236.json","first_name":"John","middle_name":null,"last_name":"Boozman","suffix":null,"date_of_birth":"1950-12-10","gender":"M","party":"R","leadership_role":null,"twitter_account":"JohnBoozman","facebook_account":"JohnBoozman","youtube_account":"BoozmanPressOffice","govtrack_id":"400040","cspan_id":"92069","votesmart_id":"27958","icpsr_id":"20101","crp_id":"N00013873","google_entity_id":"/m/024s3v","fec_candidate_id":"S0AR00150","url":"https://www.boozman.senate.gov/public","rss_url":"https://www.boozman.senate.gov/public/index.cfm/rss/feed","contact_form":"https://www.boozman.senate.gov/public/index.cfm/contact","in_office":true,"dw_nominate":0.402,"ideal_point":null,"seniority":"7","next_election":"2022","total_votes":388,"missed_votes":0,"total_present":0,"ocd_id":"ocd-division/country:us/state:ar","office":"141 Hart Senate Office Building","phone":"202-224-4843","fax":"202-228-1371","state":"AR","senate_class":"3","state_rank":"senior","lis_id":"S343","missed_votes_pct":0,"votes_with_party_pct":98.97,"response":{"industries":{"@attributes":{"cand_name":"John Boozman (R)","cid":"N00013873","cycle":"2012","origin":"Center for Responsive Politics","source":"https://www.opensecrets.org/members-of-congress/industries?cid=N00013873&cycle=2012","last_updated":"03/25/2013"},"industry":[{"@attributes":{"industry_code":"W06","industry_name":"Retired","indivs":"292190","pacs":"0","total":"292190"}},{"@attributes":{"industry_code":"H01","industry_name":"Health Professionals","indivs":"189964","pacs":"57000","total":"246964"}},{"@attributes":{"industry_code":"Q03","industry_name":"Leadership PACs","indivs":"0","pacs":"213036","total":"213036"}},{"@attributes":{"industry_code":"F07","industry_name":"Securities & Investment","indivs":"191629","pacs":"15000","total":"206629"}},{"@attributes":{"industry_code":"E01","industry_name":"Oil & Gas","indivs":"60402","pacs":"36000","total":"96402"}},{"@attributes":{"industry_code":"F10","industry_name":"Real Estate","indivs":"87100","pacs":"6500","total":"93600"}},{"@attributes":{"industry_code":"N03","industry_name":"Retail Sales","indivs":"70900","pacs":"19000","total":"89900"}},{"@attributes":{"industry_code":"F03","industry_name":"Commercial Banks","indivs":"58780","pacs":"29500","total":"88280"}},{"@attributes":{"industry_code":"K01","industry_name":"Lawyers/Law Firms","indivs":"61441","pacs":"20298","total":"81739"}},{"@attributes":{"industry_code":"F13","industry_name":"Misc Finance","indivs":"73536","pacs":"7500","total":"81036"}}]}}}