{"id":"B001287","title":"Representative","short_title":"Rep.","api_uri":"https://api.propublica.org/congress/v1/members/B001287.json","first_name":"Ami","middle_name":null,"last_name":"Bera","suffix":null,"date_of_birth":"1965-03-02","gender":"M","party":"D","leadership_role":null,"twitter_account":"RepBera","facebook_account":"RepAmiBera","youtube_account":"repamibera","govtrack_id":"412512","cspan_id":"1033636","votesmart_id":"120030","icpsr_id":"21304","crp_id":"N00030717","google_entity_id":"/m/0dgqnts","fec_candidate_id":"H0CA03078","url":"https://bera.house.gov","rss_url":"https://bera.house.gov/rss.xml","contact_form":null,"in_office":true,"dw_nominate":-0.225,"ideal_point":null,"seniority":"6","next_election":"2018","total_votes":841,"missed_votes":1,"total_present":0,"ocd_id":"ocd-division/country:us/state:ca/cd:7","office":"1431 Longworth House Office Building","phone":"202-225-5716","fax":"202-226-1298","state":"CA","district":"7","at_large":false,"geoid":"0607","missed_votes_pct":0.12,"votes_with_party_pct":90,"response":{"industries":{"@attributes":{"cand_name":"Ami Bera (D)","cid":"N00030717","cycle":"2016","origin":"Center for Responsive Politics","source":"https://www.opensecrets.org/members-of-congress/industries?cid=N00030717&cycle=2016","last_updated":"11/27/2017"},"industry":[{"@attributes":{"industry_code":"W06","industry_name":"Retired","indivs":"328990","pacs":"0","total":"328990"}},{"@attributes":{"industry_code":"H01","industry_name":"Health Professionals","indivs":"89992","pacs":"221150","total":"311142"}},{"@attributes":{"industry_code":"Q02","industry_name":"Democratic/Liberal","indivs":"260635","pacs":"18648","total":"279283"}},{"@attributes":{"industry_code":"Q03","industry_name":"Leadership PACs","indivs":"2700","pacs":"241983","total":"244683"}},{"@attributes":{"industry_code":"F07","industry_name":"Securities & Investment","indivs":"150750","pacs":"9500","total":"160250"}},{"@attributes":{"industry_code":"Q09","industry_name":"Human Rights","indivs":"100925","pacs":"48600","total":"149525"}},{"@attributes":{"industry_code":"K01","industry_name":"Lawyers/Law Firms","indivs":"125833","pacs":"17685","total":"143518"}},{"@attributes":{"industry_code":"H04","industry_name":"Pharmaceuticals/Health Products","indivs":"24050","pacs":"93250","total":"117300"}},{"@attributes":{"industry_code":"W04","industry_name":"Education","indivs":"116944","pacs":"0","total":"116944"}},{"@attributes":{"industry_code":"F10","industry_name":"Real Estate","indivs":"87894","pacs":"18500","total":"106394"}}]}}}