{"id":"B001243","title":"Representative","short_title":"Rep.","api_uri":"https://api.propublica.org/congress/v1/members/B001243.json","first_name":"Marsha","middle_name":null,"last_name":"Blackburn","suffix":null,"date_of_birth":"1952-06-06","gender":"F","party":"R","leadership_role":"","twitter_account":"MarshaBlackburn","facebook_account":"marshablackburn","youtube_account":"RepMarshaBlackburn","govtrack_id":"400032","cspan_id":"31226","votesmart_id":"25186","icpsr_id":"20351","crp_id":"N00003105","google_entity_id":"/m/01fnkt","fec_candidate_id":"H2TN06030","url":"https://blackburn.house.gov","rss_url":"https://blackburn.house.gov/news/rss.aspx","contact_form":null,"in_office":true,"dw_nominate":0.616,"ideal_point":null,"seniority":"16","next_election":"2018","total_votes":841,"missed_votes":37,"total_present":0,"ocd_id":"ocd-division/country:us/state:tn/cd:7","office":"2266 Rayburn House Office Building","phone":"202-225-2811","fax":"202-225-3004","state":"TN","district":"7","at_large":false,"geoid":"4707","missed_votes_pct":4.4,"votes_with_party_pct":96.14,"response":{"industries":{"@attributes":{"cand_name":"Marsha Blackburn (R)","cid":"N00003105","cycle":"2014","origin":"Center for Responsive Politics","source":"https://www.opensecrets.org/members-of-congress/industries?cid=N00003105&cycle=2014","last_updated":"02/27/2017"},"industry":[{"@attributes":{"industry_code":"H01","industry_name":"Health Professionals","indivs":"26000","pacs":"205150","total":"231150"}},{"@attributes":{"industry_code":"H04","industry_name":"Pharmaceuticals/Health Products","indivs":"7750","pacs":"155100","total":"162850"}},{"@attributes":{"industry_code":"E01","industry_name":"Oil & Gas","indivs":"22100","pacs":"79500","total":"101600"}},{"@attributes":{"industry_code":"M02","industry_name":"Automotive","indivs":"27950","pacs":"43000","total":"70950"}},{"@attributes":{"industry_code":"H03","industry_name":"Health Services/HMOs","indivs":"11500","pacs":"53000","total":"64500"}},{"@attributes":{"industry_code":"F09","industry_name":"Insurance","indivs":"11750","pacs":"49500","total":"61250"}},{"@attributes":{"industry_code":"K01","industry_name":"Lawyers/Law Firms","indivs":"21250","pacs":"35791","total":"57041"}},{"@attributes":{"industry_code":"H02","industry_name":"Hospitals/Nursing Homes","indivs":"16450","pacs":"39500","total":"55950"}},{"@attributes":{"industry_code":"B02","industry_name":"TV/Movies/Music","indivs":"24250","pacs":"28600","total":"52850"}},{"@attributes":{"industry_code":"B09","industry_name":"Telecom Services","indivs":"0","pacs":"49500","total":"49500"}}]}}}