{"id":"B001301","title":"Representative","short_title":"Rep.","api_uri":"https://api.propublica.org/congress/v1/members/B001301.json","first_name":"Jack","middle_name":null,"last_name":"Bergman","suffix":null,"date_of_birth":"1947-02-02","gender":"M","party":"R","leadership_role":null,"twitter_account":"RepJackBergman","facebook_account":"RepJackBergman","youtube_account":null,"govtrack_id":"412709","cspan_id":"1020529","votesmart_id":"170172","icpsr_id":"21704","crp_id":"N00039533","google_entity_id":"/m/05b2l3v","fec_candidate_id":"H6MI01226","url":"https://bergman.house.gov","rss_url":null,"contact_form":null,"in_office":true,"dw_nominate":0.449,"ideal_point":null,"seniority":"2","next_election":"2018","total_votes":841,"missed_votes":5,"total_present":0,"ocd_id":"ocd-division/country:us/state:mi/cd:1","office":"414 Cannon House Office Building","phone":"202-225-4735","fax":null,"state":"MI","district":"1","at_large":false,"geoid":"2601","missed_votes_pct":0.59,"votes_with_party_pct":93.66}