{"id":"B001300","title":"Representative","short_title":"Rep.","api_uri":"https://api.propublica.org/congress/v1/members/B001300.json","first_name":"Nanette","middle_name":null,"last_name":"Barragán","suffix":null,"date_of_birth":"1976-09-15","gender":"F","party":"D","leadership_role":null,"twitter_account":"RepBarragan","facebook_account":"CongresswomanBarragan","youtube_account":null,"govtrack_id":"412687","cspan_id":"104730","votesmart_id":"166270","icpsr_id":"21703","crp_id":"N00037019","google_entity_id":"/g/11bx55ybbz","fec_candidate_id":"H6CA44103","url":"https://barragan.house.gov","rss_url":null,"contact_form":null,"in_office":true,"dw_nominate":-0.537,"ideal_point":null,"seniority":"2","next_election":"2018","total_votes":841,"missed_votes":27,"total_present":0,"ocd_id":"ocd-division/country:us/state:ca/cd:44","office":"1320 Longworth House Office Building","phone":"202-225-8220","fax":null,"state":"CA","district":"44","at_large":false,"geoid":"0644","missed_votes_pct":3.21,"votes_with_party_pct":94.35}