{"id":"B001283","title":"Representative","short_title":"Rep.","api_uri":"https://api.propublica.org/congress/v1/members/B001283.json","first_name":"Jim","middle_name":null,"last_name":"Bridenstine","suffix":null,"date_of_birth":"1975-06-15","gender":"M","party":"R","leadership_role":null,"twitter_account":"RepJBridenstine","facebook_account":"CongressmanJimBridenstine","youtube_account":"RepJimBridenstine","govtrack_id":"412567","cspan_id":"79705","votesmart_id":"135894","icpsr_id":"21354","crp_id":"N00033532","google_entity_id":"/m/0jwyd6r","fec_candidate_id":"H2OK01143","url":"https://bridenstine.house.gov","rss_url":null,"contact_form":null,"in_office":true,"dw_nominate":0.69,"ideal_point":null,"seniority":"6","next_election":"2018","total_votes":841,"missed_votes":319,"total_present":0,"ocd_id":"ocd-division/country:us/state:ok/cd:1","office":"216 Cannon House Office Building","phone":"202-225-2211","fax":"918-935-2716","state":"OK","district":"1","at_large":false,"geoid":"4001","missed_votes_pct":37.93,"votes_with_party_pct":96.55,"response":{"industries":{"@attributes":{"cand_name":"James Bridenstine (R)","cid":"N00033532","cycle":"2014","origin":"Center for Responsive Politics","source":"https://www.opensecrets.org/members-of-congress/industries?cid=N00033532&cycle=2014","last_updated":"02/27/2017"},"industry":[{"@attributes":{"industry_code":"E01","industry_name":"Oil & Gas","indivs":"23800","pacs":"38500","total":"62300"}},{"@attributes":{"industry_code":"H01","industry_name":"Health Professionals","indivs":"30950","pacs":"23000","total":"53950"}},{"@attributes":{"industry_code":"D01","industry_name":"Defense Aerospace","indivs":"1000","pacs":"40000","total":"41000"}},{"@attributes":{"industry_code":"W06","industry_name":"Retired","indivs":"36350","pacs":"0","total":"36350"}},{"@attributes":{"industry_code":"Q01","industry_name":"Republican/Conservative","indivs":"10750","pacs":"21738","total":"32488"}},{"@attributes":{"industry_code":"D02","industry_name":"Defense Electronics","indivs":"0","pacs":"21000","total":"21000"}},{"@attributes":{"industry_code":"W04","industry_name":"Education","indivs":"17815","pacs":"0","total":"17815"}},{"@attributes":{"industry_code":"Q03","industry_name":"Leadership PACs","indivs":"0","pacs":"17000","total":"17000"}},{"@attributes":{"industry_code":"D03","industry_name":"Misc Defense","indivs":"6500","pacs":"10500","total":"17000"}},{"@attributes":{"industry_code":"K01","industry_name":"Lawyers/Law Firms","indivs":"13550","pacs":"3403","total":"16953"}}]}}}