{"id":"B001270","title":"Representative","short_title":"Rep.","api_uri":"https://api.propublica.org/congress/v1/members/B001270.json","first_name":"Karen","middle_name":null,"last_name":"Bass","suffix":null,"date_of_birth":"1953-10-03","gender":"F","party":"D","leadership_role":null,"twitter_account":"RepKarenBass","facebook_account":"RepKarenBass","youtube_account":"RepKarenBass","govtrack_id":"412404","cspan_id":"62502","votesmart_id":"28963","icpsr_id":"21110","crp_id":"N00031877","google_entity_id":"/m/027g9m6","fec_candidate_id":"H0CA33117","url":"https://bass.house.gov","rss_url":"https://bass.house.gov/rss.xml","contact_form":null,"in_office":true,"dw_nominate":-0.57,"ideal_point":null,"seniority":"8","next_election":"2018","total_votes":841,"missed_votes":59,"total_present":0,"ocd_id":"ocd-division/country:us/state:ca/cd:37","office":"2241 Rayburn House Office Building","phone":"202-225-7084","fax":"202-225-2422","state":"CA","district":"37","at_large":false,"geoid":"0637","missed_votes_pct":7.02,"votes_with_party_pct":93.86,"response":{"industries":{"@attributes":{"cand_name":"Karen Bass (D)","cid":"N00031877","cycle":"2016","origin":"Center for Responsive Politics","source":"https://www.opensecrets.org/members-of-congress/industries?cid=N00031877&cycle=2016","last_updated":"11/27/2017"},"industry":[{"@attributes":{"industry_code":"B02","industry_name":"TV/Movies/Music","indivs":"43900","pacs":"36000","total":"79900"}},{"@attributes":{"industry_code":"K01","industry_name":"Lawyers/Law Firms","indivs":"14514","pacs":"13500","total":"28014"}},{"@attributes":{"industry_code":"P01","industry_name":"Building Trade Unions","indivs":"0","pacs":"26500","total":"26500"}},{"@attributes":{"industry_code":"H01","industry_name":"Health Professionals","indivs":"-150","pacs":"26500","total":"26350"}},{"@attributes":{"industry_code":"P05","industry_name":"Misc Unions","indivs":"-250","pacs":"26500","total":"26250"}},{"@attributes":{"industry_code":"P04","industry_name":"Public Sector Unions","indivs":"0","pacs":"25500","total":"25500"}},{"@attributes":{"industry_code":"W06","industry_name":"Retired","indivs":"24641","pacs":"0","total":"24641"}},{"@attributes":{"industry_code":"P02","industry_name":"Industrial Unions","indivs":"0","pacs":"21000","total":"21000"}},{"@attributes":{"industry_code":"N05","industry_name":"Business Services","indivs":"14600","pacs":"2000","total":"16600"}},{"@attributes":{"industry_code":"E08","industry_name":"Electric Utilities","indivs":"0","pacs":"14500","total":"14500"}}]}}}