{"id":"B001292","title":"Representative","short_title":"Rep.","api_uri":"https://api.propublica.org/congress/v1/members/B001292.json","first_name":"Donald","middle_name":null,"last_name":"Beyer","suffix":null,"date_of_birth":"1950-06-20","gender":"M","party":"D","leadership_role":null,"twitter_account":"repdonbeyer","facebook_account":"repdonbeyer","youtube_account":null,"govtrack_id":"412657","cspan_id":"21141","votesmart_id":"1707","icpsr_id":"21554","crp_id":"N00036018","google_entity_id":"/m/053g16","fec_candidate_id":"H4VA08224","url":"https://beyer.house.gov","rss_url":null,"contact_form":null,"in_office":true,"dw_nominate":-0.395,"ideal_point":null,"seniority":"4","next_election":"2018","total_votes":841,"missed_votes":25,"total_present":0,"ocd_id":"ocd-division/country:us/state:va/cd:8","office":"1119 Longworth House Office Building","phone":"202-225-4376","fax":"202-225-0017","state":"VA","district":"8","at_large":false,"geoid":"5108","missed_votes_pct":2.97,"votes_with_party_pct":94.12,"response":{"industries":{"@attributes":{"cand_name":"Don Beyer (D)","cid":"N00036018","cycle":"2014","origin":"Center for Responsive Politics","source":"https://www.opensecrets.org/members-of-congress/industries?cid=N00036018&cycle=2014","last_updated":"02/27/2017"},"industry":[{"@attributes":{"industry_code":"K01","industry_name":"Lawyers/Law Firms","indivs":"187403","pacs":"25500","total":"212903"}},{"@attributes":{"industry_code":"W06","industry_name":"Retired","indivs":"196805","pacs":"0","total":"196805"}},{"@attributes":{"industry_code":"F10","industry_name":"Real Estate","indivs":"143950","pacs":"22000","total":"165950"}},{"@attributes":{"industry_code":"M02","industry_name":"Automotive","indivs":"84000","pacs":"30000","total":"114000"}},{"@attributes":{"industry_code":"F07","industry_name":"Securities & Investment","indivs":"58710","pacs":"5000","total":"63710"}},{"@attributes":{"industry_code":"K02","industry_name":"Lobbyists","indivs":"58691","pacs":"984","total":"59675"}},{"@attributes":{"industry_code":"Q03","industry_name":"Leadership PACs","indivs":"0","pacs":"54000","total":"54000"}},{"@attributes":{"industry_code":"P04","industry_name":"Public Sector Unions","indivs":"500","pacs":"51000","total":"51500"}},{"@attributes":{"industry_code":"W02","industry_name":"Non-Profit Institutions","indivs":"48350","pacs":"1250","total":"49600"}},{"@attributes":{"industry_code":"N05","industry_name":"Business Services","indivs":"44450","pacs":"4000","total":"48450"}}]}}}