{"id":"B001257","title":"Representative","short_title":"Rep.","api_uri":"https://api.propublica.org/congress/v1/members/B001257.json","first_name":"Gus","middle_name":null,"last_name":"Bilirakis","suffix":null,"date_of_birth":"1963-02-08","gender":"M","party":"R","leadership_role":null,"twitter_account":"RepGusBilirakis","facebook_account":"GusBilirakis","youtube_account":"RepGusBilirakis","govtrack_id":"412250","cspan_id":"1022873","votesmart_id":"17318","icpsr_id":"20758","crp_id":"N00027462","google_entity_id":"/m/0dy3z1","fec_candidate_id":"H6FL09070","url":"https://bilirakis.house.gov","rss_url":null,"contact_form":null,"in_office":true,"dw_nominate":0.402,"ideal_point":null,"seniority":"14","next_election":"2018","total_votes":841,"missed_votes":31,"total_present":0,"ocd_id":"ocd-division/country:us/state:fl/cd:12","office":"2112 Rayburn House Office Building","phone":"202-225-5755","fax":"202-225-4085","state":"FL","district":"12","at_large":false,"geoid":"1212","missed_votes_pct":3.69,"votes_with_party_pct":98.52}