{"id":"B001296","title":"Representative","short_title":"Rep.","api_uri":"https://api.propublica.org/congress/v1/members/B001296.json","first_name":"Brendan","middle_name":null,"last_name":"Boyle","suffix":null,"date_of_birth":"1977-02-06","gender":"M","party":"D","leadership_role":null,"twitter_account":"RepBrendanBoyle","facebook_account":"CongressmanBoyle","youtube_account":null,"govtrack_id":"412652","cspan_id":"76428","votesmart_id":"47357","icpsr_id":"21548","crp_id":"N00035307","google_entity_id":"/m/04f4fjk","fec_candidate_id":"H4PA13199","url":"https://boyle.house.gov","rss_url":"https://boyle.house.gov/rss.xml","contact_form":null,"in_office":true,"dw_nominate":-0.384,"ideal_point":null,"seniority":"4","next_election":"2018","total_votes":841,"missed_votes":32,"total_present":0,"ocd_id":"ocd-division/country:us/state:pa/cd:13","office":"1133 Longworth House Office Building","phone":"202-225-6111","fax":"202-226-0611","state":"PA","district":"13","at_large":false,"geoid":"4213","missed_votes_pct":3.8,"votes_with_party_pct":94.07,"response":{"industries":{"@attributes":{"cand_name":"Brendan Boyle (D)","cid":"N00035307","cycle":"2014","origin":"Center for Responsive Politics","source":"https://www.opensecrets.org/members-of-congress/industries?cid=N00035307&cycle=2014","last_updated":"02/27/2017"},"industry":[{"@attributes":{"industry_code":"K01","industry_name":"Lawyers/Law Firms","indivs":"74169","pacs":"28613","total":"102782"}},{"@attributes":{"industry_code":"Q03","industry_name":"Leadership PACs","indivs":"1000","pacs":"58100","total":"59100"}},{"@attributes":{"industry_code":"P03","industry_name":"Transportation Unions","indivs":"0","pacs":"51000","total":"51000"}},{"@attributes":{"industry_code":"P01","industry_name":"Building Trade Unions","indivs":"1000","pacs":"50000","total":"51000"}},{"@attributes":{"industry_code":"P02","industry_name":"Industrial Unions","indivs":"1000","pacs":"49875","total":"50875"}},{"@attributes":{"industry_code":"P04","industry_name":"Public Sector Unions","indivs":"0","pacs":"47000","total":"47000"}},{"@attributes":{"industry_code":"H01","industry_name":"Health Professionals","indivs":"5000","pacs":"34500","total":"39500"}},{"@attributes":{"industry_code":"F10","industry_name":"Real Estate","indivs":"25650","pacs":"8500","total":"34150"}},{"@attributes":{"industry_code":"Q02","industry_name":"Democratic/Liberal","indivs":"18962","pacs":"6750","total":"25712"}},{"@attributes":{"industry_code":"W04","industry_name":"Education","indivs":"25101","pacs":"0","total":"25101"}}]}}}