{"id":"B001269","title":"Representative","short_title":"Rep.","api_uri":"https://api.propublica.org/congress/v1/members/B001269.json","first_name":"Lou","middle_name":null,"last_name":"Barletta","suffix":null,"date_of_birth":"1956-01-28","gender":"M","party":"R","leadership_role":"","twitter_account":"RepLouBarletta","facebook_account":"CongressmanLouBarletta","youtube_account":"reploubarletta","govtrack_id":"412469","cspan_id":"29618","votesmart_id":"47143","icpsr_id":"21171","crp_id":"N00025495","google_entity_id":"/m/03wcvjl","fec_candidate_id":"H2PA11098","url":"https://barletta.house.gov","rss_url":"https://barletta.house.gov/rss.xml","contact_form":null,"in_office":true,"dw_nominate":0.275,"ideal_point":null,"seniority":"8","next_election":"2018","total_votes":841,"missed_votes":64,"total_present":0,"ocd_id":"ocd-division/country:us/state:pa/cd:11","office":"2049 Rayburn House Office Building","phone":"202-225-6511","fax":"202-225-0764","state":"PA","district":"11","at_large":false,"geoid":"4211","missed_votes_pct":7.61,"votes_with_party_pct":95.11,"response":{"industries":{"@attributes":{"cand_name":"Lou Barletta (R)","cid":"N00025495","cycle":"2012","origin":"Center for Responsive Politics","source":"https://www.opensecrets.org/members-of-congress/industries?cid=N00025495&cycle=2012","last_updated":"03/25/2013"},"industry":[{"@attributes":{"industry_code":"Q03","industry_name":"Leadership PACs","indivs":"0","pacs":"90187","total":"90187"}},{"@attributes":{"industry_code":"M04","industry_name":"Railroads","indivs":"14125","pacs":"36265","total":"50390"}},{"@attributes":{"industry_code":"W06","industry_name":"Retired","indivs":"40950","pacs":"0","total":"40950"}},{"@attributes":{"industry_code":"H01","industry_name":"Health Professionals","indivs":"24250","pacs":"16000","total":"40250"}},{"@attributes":{"industry_code":"E01","industry_name":"Oil & Gas","indivs":"3050","pacs":"32500","total":"35550"}},{"@attributes":{"industry_code":"F09","industry_name":"Insurance","indivs":"5050","pacs":"29500","total":"34550"}},{"@attributes":{"industry_code":"M01","industry_name":"Air Transport","indivs":"0","pacs":"31499","total":"31499"}},{"@attributes":{"industry_code":"C01","industry_name":"General Contractors","indivs":"13850","pacs":"17000","total":"30850"}},{"@attributes":{"industry_code":"C04","industry_name":"Construction Services","indivs":"12425","pacs":"17000","total":"29425"}},{"@attributes":{"industry_code":"F07","industry_name":"Securities & Investment","indivs":"19944","pacs":"9000","total":"28944"}}]}}}