{"id":"B001236","title":"Senator, 3rd Class","short_title":"Sen.","api_uri":"https://api.propublica.org/congress/v1/members/B001236.json","first_name":"John","middle_name":null,"last_name":"Boozman","suffix":null,"date_of_birth":"1950-12-10","gender":"M","party":"R","leadership_role":null,"twitter_account":"JohnBoozman","facebook_account":"JohnBoozman","youtube_account":"BoozmanPressOffice","govtrack_id":"400040","cspan_id":"92069","votesmart_id":"27958","icpsr_id":"20101","crp_id":"N00013873","google_entity_id":"/m/024s3v","fec_candidate_id":"S0AR00150","url":"https://www.boozman.senate.gov/public","rss_url":"https://www.boozman.senate.gov/public/index.cfm/rss/feed","contact_form":"https://www.boozman.senate.gov/public/index.cfm/contact","in_office":true,"dw_nominate":0.402,"ideal_point":null,"seniority":"7","next_election":"2022","total_votes":388,"missed_votes":0,"total_present":0,"ocd_id":"ocd-division/country:us/state:ar","office":"141 Hart Senate Office Building","phone":"202-224-4843","fax":"202-228-1371","state":"AR","senate_class":"3","state_rank":"senior","lis_id":"S343","missed_votes_pct":0,"votes_with_party_pct":98.97}