{"id":"B001275","title":"Representative","short_title":"Rep.","api_uri":"https://api.propublica.org/congress/v1/members/B001275.json","first_name":"Larry","middle_name":null,"last_name":"Bucshon","suffix":null,"date_of_birth":"1962-05-31","gender":"M","party":"R","leadership_role":null,"twitter_account":"RepLarryBucshon","facebook_account":"RepLarryBucshon","youtube_account":"RepLarryBucshon","govtrack_id":"412427","cspan_id":"61837","votesmart_id":"120335","icpsr_id":"21132","crp_id":"N00031227","google_entity_id":"/m/0dd9k_y","fec_candidate_id":"H0IN08114","url":"https://bucshon.house.gov","rss_url":null,"contact_form":null,"in_office":true,"dw_nominate":0.388,"ideal_point":null,"seniority":"8","next_election":"2018","total_votes":841,"missed_votes":11,"total_present":0,"ocd_id":"ocd-division/country:us/state:in/cd:8","office":"1005 Longworth House Office Building","phone":"202-225-4636","fax":"202-225-3284","state":"IN","district":"8","at_large":false,"geoid":"1808","missed_votes_pct":1.31,"votes_with_party_pct":94.7,"response":{"industries":{"@attributes":{"cand_name":"Larry Bucshon (R)","cid":"N00031227","cycle":"2012","origin":"Center for Responsive Politics","source":"https://www.opensecrets.org/members-of-congress/industries?cid=N00031227&cycle=2012","last_updated":"03/25/2013"},"industry":[{"@attributes":{"industry_code":"H01","industry_name":"Health Professionals","indivs":"60750","pacs":"151500","total":"212250"}},{"@attributes":{"industry_code":"Q03","industry_name":"Leadership PACs","indivs":"0","pacs":"100750","total":"100750"}},{"@attributes":{"industry_code":"E04","industry_name":"Mining","indivs":"29550","pacs":"29250","total":"58800"}},{"@attributes":{"industry_code":"F09","industry_name":"Insurance","indivs":"15050","pacs":"27500","total":"42550"}},{"@attributes":{"industry_code":"C05","industry_name":"Building Materials & Equipment","indivs":"29200","pacs":"13000","total":"42200"}},{"@attributes":{"industry_code":"C01","industry_name":"General Contractors","indivs":"24422","pacs":"14500","total":"38922"}},{"@attributes":{"industry_code":"E01","industry_name":"Oil & Gas","indivs":"16346","pacs":"15500","total":"31846"}},{"@attributes":{"industry_code":"M04","industry_name":"Railroads","indivs":"7650","pacs":"23875","total":"31525"}},{"@attributes":{"industry_code":"H04","industry_name":"Pharmaceuticals/Health Products","indivs":"9272","pacs":"22150","total":"31422"}},{"@attributes":{"industry_code":"W06","industry_name":"Retired","indivs":"30547","pacs":"0","total":"30547"}}]}}}