{"id":"B001284","title":"Representative","short_title":"Rep.","api_uri":"https://api.propublica.org/congress/v1/members/B001284.json","first_name":"Susan","middle_name":null,"last_name":"Brooks","suffix":null,"date_of_birth":"1960-08-25","gender":"F","party":"R","leadership_role":null,"twitter_account":"SusanWBrooks","facebook_account":"congresswomansusanwbrooks","youtube_account":"SusanWBrooks","govtrack_id":"412539","cspan_id":"623720","votesmart_id":"135988","icpsr_id":"21331","crp_id":"N00033495","google_entity_id":"/m/0jt8ng2","fec_candidate_id":"H2IN05082","url":"https://susanwbrooks.house.gov","rss_url":"https://susanwbrooks.house.gov/rss.xml","contact_form":null,"in_office":true,"dw_nominate":0.376,"ideal_point":null,"seniority":"6","next_election":"2018","total_votes":841,"missed_votes":8,"total_present":0,"ocd_id":"ocd-division/country:us/state:in/cd:5","office":"1030 Longworth House Office Building","phone":"202-225-2276","fax":"202-225-0016","state":"IN","district":"5","at_large":false,"geoid":"1805","missed_votes_pct":0.95,"votes_with_party_pct":96.76,"response":{"industries":{"@attributes":{"cand_name":"Susan Brooks (R)","cid":"N00033495","cycle":"2018","origin":"Center for Responsive Politics","source":"https://www.opensecrets.org/members-of-congress/industries?cid=N00033495&cycle=2018","last_updated":"03/26/2018"},"industry":[{"@attributes":{"industry_code":"H04","industry_name":"Pharmaceuticals/Health Products","indivs":"2750","pacs":"65650","total":"68400"}},{"@attributes":{"industry_code":"H01","industry_name":"Health Professionals","indivs":"5532","pacs":"26500","total":"32032"}},{"@attributes":{"industry_code":"K02","industry_name":"Lobbyists","indivs":"20312","pacs":"6000","total":"26312"}},{"@attributes":{"industry_code":"K01","industry_name":"Lawyers/Law Firms","indivs":"19225","pacs":"6500","total":"25725"}},{"@attributes":{"industry_code":"B09","industry_name":"Telecom Services","indivs":"0","pacs":"25000","total":"25000"}},{"@attributes":{"industry_code":"Q03","industry_name":"Leadership PACs","indivs":"0","pacs":"20000","total":"20000"}},{"@attributes":{"industry_code":"E08","industry_name":"Electric Utilities","indivs":"1502","pacs":"17000","total":"18502"}},{"@attributes":{"industry_code":"H03","industry_name":"Health Services/HMOs","indivs":"2000","pacs":"13656","total":"15656"}},{"@attributes":{"industry_code":"F03","industry_name":"Commercial Banks","indivs":"6100","pacs":"9000","total":"15100"}},{"@attributes":{"industry_code":"F10","industry_name":"Real Estate","indivs":"9500","pacs":"4700","total":"14200"}}]}}}