{"id":"B001243","title":"Representative","short_title":"Rep.","api_uri":"https://api.propublica.org/congress/v1/members/B001243.json","first_name":"Marsha","middle_name":null,"last_name":"Blackburn","suffix":null,"date_of_birth":"1952-06-06","gender":"F","party":"R","leadership_role":"","twitter_account":"MarshaBlackburn","facebook_account":"marshablackburn","youtube_account":"RepMarshaBlackburn","govtrack_id":"400032","cspan_id":"31226","votesmart_id":"25186","icpsr_id":"20351","crp_id":"N00003105","google_entity_id":"/m/01fnkt","fec_candidate_id":"H2TN06030","url":"https://blackburn.house.gov","rss_url":"https://blackburn.house.gov/news/rss.aspx","contact_form":null,"in_office":true,"dw_nominate":0.616,"ideal_point":null,"seniority":"16","next_election":"2018","total_votes":841,"missed_votes":37,"total_present":0,"ocd_id":"ocd-division/country:us/state:tn/cd:7","office":"2266 Rayburn House Office Building","phone":"202-225-2811","fax":"202-225-3004","state":"TN","district":"7","at_large":false,"geoid":"4707","missed_votes_pct":4.4,"votes_with_party_pct":96.14}