{"id":"B001230","title":"Senator, 1st Class","short_title":"Sen.","api_uri":"https://api.propublica.org/congress/v1/members/B001230.json","first_name":"Tammy","middle_name":null,"last_name":"Baldwin","suffix":null,"date_of_birth":"1962-02-11","gender":"F","party":"D","leadership_role":null,"twitter_account":"SenatorBaldwin","facebook_account":"TammyBaldwin","youtube_account":"witammybaldwin","govtrack_id":"400013","cspan_id":"57884","votesmart_id":"3470","icpsr_id":"29940","crp_id":"N00004367","google_entity_id":"/m/024v02","fec_candidate_id":"S2WI00219","url":"https://www.baldwin.senate.gov","rss_url":"https://www.baldwin.senate.gov/rss/feeds/?type=all","contact_form":"https://www.baldwin.senate.gov/feedback","in_office":true,"dw_nominate":-0.536,"ideal_point":null,"seniority":"5","next_election":"2018","total_votes":388,"missed_votes":3,"total_present":1,"ocd_id":"ocd-division/country:us/state:wi","office":"709 Hart","phone":"202-224-5653","fax":"202-225-6942","state":"WI","senate_class":"1","state_rank":"junior","lis_id":"S354","missed_votes_pct":0.77,"votes_with_party_pct":96.1,"response":{"industries":{"@attributes":{"cand_name":"Tammy Baldwin (D)","cid":"N00004367","cycle":"2018","origin":"Center for Responsive Politics","source":"https://www.opensecrets.org/members-of-congress/industries?cid=N00004367&cycle=2018","last_updated":"03/26/2018"},"industry":[{"@attributes":{"industry_code":"W06","industry_name":"Retired","indivs":"1852830","pacs":"0","total":"1852830"}},{"@attributes":{"industry_code":"Q08","industry_name":"Women's Issues","indivs":"904120","pacs":"28192","total":"932312"}},{"@attributes":{"industry_code":"Q02","industry_name":"Democratic/Liberal","indivs":"791016","pacs":"13044","total":"804060"}},{"@attributes":{"industry_code":"K01","industry_name":"Lawyers/Law Firms","indivs":"685548","pacs":"47000","total":"732548"}},{"@attributes":{"industry_code":"W04","industry_name":"Education","indivs":"385904","pacs":"3500","total":"389404"}},{"@attributes":{"industry_code":"Q03","industry_name":"Leadership PACs","indivs":"0","pacs":"322700","total":"322700"}},{"@attributes":{"industry_code":"F10","industry_name":"Real Estate","indivs":"288993","pacs":"5500","total":"294493"}},{"@attributes":{"industry_code":"H01","industry_name":"Health Professionals","indivs":"207622","pacs":"81750","total":"289372"}},{"@attributes":{"industry_code":"N05","industry_name":"Business Services","indivs":"241433","pacs":"6000","total":"247433"}},{"@attributes":{"industry_code":"Q09","industry_name":"Human Rights","indivs":"191311","pacs":"36497","total":"227808"}}]}}}