{"id":"B001273","title":"Representative","short_title":"Rep.","api_uri":"https://api.propublica.org/congress/v1/members/B001273.json","first_name":"Diane","middle_name":null,"last_name":"Black","suffix":null,"date_of_birth":"1951-01-16","gender":"F","party":"R","leadership_role":"","twitter_account":"RepDianeBlack","facebook_account":"DianeBlackTN06","youtube_account":"RepDianeBlack","govtrack_id":"412478","cspan_id":"9268964","votesmart_id":"25292","icpsr_id":"21180","crp_id":"N00031539","google_entity_id":"/m/0cyvxl","fec_candidate_id":"H0TN06257","url":"https://black.house.gov","rss_url":"https://black.house.gov/rss.xml","contact_form":null,"in_office":true,"dw_nominate":0.581,"ideal_point":null,"seniority":"8","next_election":"2018","total_votes":841,"missed_votes":87,"total_present":0,"ocd_id":"ocd-division/country:us/state:tn/cd:6","office":"1131 Longworth House Office Building","phone":"202-225-4231","fax":"202-225-6887","state":"TN","district":"6","at_large":false,"geoid":"4706","missed_votes_pct":10.34,"votes_with_party_pct":98.01,"response":{"industries":{"@attributes":{"cand_name":"Diane Black (R)","cid":"N00031539","cycle":"2014","origin":"Center for Responsive Politics","source":"https://www.opensecrets.org/members-of-congress/industries?cid=N00031539&cycle=2014","last_updated":"02/27/2017"},"industry":[{"@attributes":{"industry_code":"H01","industry_name":"Health Professionals","indivs":"10000","pacs":"111000","total":"121000"}},{"@attributes":{"industry_code":"F09","industry_name":"Insurance","indivs":"27650","pacs":"91999","total":"119649"}},{"@attributes":{"industry_code":"H04","industry_name":"Pharmaceuticals/Health Products","indivs":"2971","pacs":"88598","total":"91569"}},{"@attributes":{"industry_code":"E01","industry_name":"Oil & Gas","indivs":"2375","pacs":"56000","total":"58375"}},{"@attributes":{"industry_code":"H03","industry_name":"Health Services/HMOs","indivs":"11200","pacs":"40000","total":"51200"}},{"@attributes":{"industry_code":"F10","industry_name":"Real Estate","indivs":"2950","pacs":"39490","total":"42440"}},{"@attributes":{"industry_code":"C03","industry_name":"Special Trade Contractors","indivs":"38400","pacs":"3000","total":"41400"}},{"@attributes":{"industry_code":"N03","industry_name":"Retail Sales","indivs":"1000","pacs":"34500","total":"35500"}},{"@attributes":{"industry_code":"N02","industry_name":"Beer, Wine & Liquor","indivs":"8550","pacs":"26500","total":"35050"}},{"@attributes":{"industry_code":"K01","industry_name":"Lawyers/Law Firms","indivs":"24600","pacs":"10275","total":"34875"}}]}}}