{"id":"B001269","title":"Representative","short_title":"Rep.","api_uri":"https://api.propublica.org/congress/v1/members/B001269.json","first_name":"Lou","middle_name":null,"last_name":"Barletta","suffix":null,"date_of_birth":"1956-01-28","gender":"M","party":"R","leadership_role":"","twitter_account":"RepLouBarletta","facebook_account":"CongressmanLouBarletta","youtube_account":"reploubarletta","govtrack_id":"412469","cspan_id":"29618","votesmart_id":"47143","icpsr_id":"21171","crp_id":"N00025495","google_entity_id":"/m/03wcvjl","fec_candidate_id":"H2PA11098","url":"https://barletta.house.gov","rss_url":"https://barletta.house.gov/rss.xml","contact_form":null,"in_office":true,"dw_nominate":0.275,"ideal_point":null,"seniority":"8","next_election":"2018","total_votes":841,"missed_votes":64,"total_present":0,"ocd_id":"ocd-division/country:us/state:pa/cd:11","office":"2049 Rayburn House Office Building","phone":"202-225-6511","fax":"202-225-0764","state":"PA","district":"11","at_large":false,"geoid":"4211","missed_votes_pct":7.61,"votes_with_party_pct":95.11,"response":{"industries":{"@attributes":{"cand_name":"Lou Barletta (R)","cid":"N00025495","cycle":"2016","origin":"Center for Responsive Politics","source":"https://www.opensecrets.org/members-of-congress/industries?cid=N00025495&cycle=2016","last_updated":"11/27/2017"},"industry":[{"@attributes":{"industry_code":"M04","industry_name":"Railroads","indivs":"2550","pacs":"55775","total":"58325"}},{"@attributes":{"industry_code":"C04","industry_name":"Construction Services","indivs":"18519","pacs":"34000","total":"52519"}},{"@attributes":{"industry_code":"M01","industry_name":"Air Transport","indivs":"1000","pacs":"48500","total":"49500"}},{"@attributes":{"industry_code":"M03","industry_name":"Trucking","indivs":"15200","pacs":"33500","total":"48700"}},{"@attributes":{"industry_code":"C05","industry_name":"Building Materials & Equipment","indivs":"12000","pacs":"33500","total":"45500"}},{"@attributes":{"industry_code":"F09","industry_name":"Insurance","indivs":"3606","pacs":"40000","total":"43606"}},{"@attributes":{"industry_code":"K01","industry_name":"Lawyers/Law Firms","indivs":"23310","pacs":"11500","total":"34810"}},{"@attributes":{"industry_code":"E01","industry_name":"Oil & Gas","indivs":"2300","pacs":"32000","total":"34300"}},{"@attributes":{"industry_code":"P03","industry_name":"Transportation Unions","indivs":"0","pacs":"33000","total":"33000"}},{"@attributes":{"industry_code":"W06","industry_name":"Retired","indivs":"32745","pacs":"0","total":"32745"}}]}}}