{"id":"B001302","title":"Representative","short_title":"Rep.","api_uri":"https://api.propublica.org/congress/v1/members/B001302.json","first_name":"Andy","middle_name":null,"last_name":"Biggs","suffix":null,"date_of_birth":"1958-11-07","gender":"M","party":"R","leadership_role":null,"twitter_account":"RepAndyBiggsAZ","facebook_account":"RepAndyBiggs","youtube_account":null,"govtrack_id":"412683","cspan_id":"105145","votesmart_id":"28088","icpsr_id":"21705","crp_id":"N00039293","google_entity_id":"/m/0_1m23v","fec_candidate_id":"H6AZ05083","url":"https://biggs.house.gov","rss_url":"https://biggs.house.gov/rss.xml","contact_form":null,"in_office":true,"dw_nominate":0.929,"ideal_point":null,"seniority":"2","next_election":"2018","total_votes":841,"missed_votes":3,"total_present":0,"ocd_id":"ocd-division/country:us/state:az/cd:5","office":"1626 Longworth House Office Building","phone":"202-225-2635","fax":null,"state":"AZ","district":"5","at_large":false,"geoid":"0405","missed_votes_pct":0.36,"votes_with_party_pct":89.86}