{"id":"B001260","title":"Representative","short_title":"Rep.","api_uri":"https://api.propublica.org/congress/v1/members/B001260.json","first_name":"Vern","middle_name":null,"last_name":"Buchanan","suffix":null,"date_of_birth":"1951-05-08","gender":"M","party":"R","leadership_role":null,"twitter_account":"VernBuchanan","facebook_account":"CongressmanBuchanan","youtube_account":"vernbuchanan","govtrack_id":"412196","cspan_id":"1021626","votesmart_id":"66247","icpsr_id":"20709","crp_id":"N00027626","google_entity_id":"/m/0gtjsp","fec_candidate_id":"H6FL13148","url":"https://buchanan.house.gov","rss_url":"https://buchanan.house.gov/rss.xml","contact_form":null,"in_office":true,"dw_nominate":0.36,"ideal_point":null,"seniority":"12","next_election":"2018","total_votes":841,"missed_votes":59,"total_present":0,"ocd_id":"ocd-division/country:us/state:fl/cd:16","office":"2104 Rayburn House Office Building","phone":"202-225-5015","fax":"202-226-0828","state":"FL","district":"16","at_large":false,"geoid":"1216","missed_votes_pct":7.02,"votes_with_party_pct":96.42,"response":{"industries":{"@attributes":{"cand_name":"Vernon Buchanan (R)","cid":"N00027626","cycle":"2014","origin":"Center for Responsive Politics","source":"https://www.opensecrets.org/members-of-congress/industries?cid=N00027626&cycle=2014","last_updated":"02/27/2017"},"industry":[{"@attributes":{"industry_code":"H01","industry_name":"Health Professionals","indivs":"174100","pacs":"101218","total":"275318"}},{"@attributes":{"industry_code":"W06","industry_name":"Retired","indivs":"130275","pacs":"0","total":"130275"}},{"@attributes":{"industry_code":"F10","industry_name":"Real Estate","indivs":"67000","pacs":"20000","total":"87000"}},{"@attributes":{"industry_code":"N01","industry_name":"Food & Beverage","indivs":"42400","pacs":"24000","total":"66400"}},{"@attributes":{"industry_code":"F09","industry_name":"Insurance","indivs":"2500","pacs":"51000","total":"53500"}},{"@attributes":{"industry_code":"H03","industry_name":"Health Services/HMOs","indivs":"8550","pacs":"40200","total":"48750"}},{"@attributes":{"industry_code":"H04","industry_name":"Pharmaceuticals/Health Products","indivs":"14150","pacs":"28000","total":"42150"}},{"@attributes":{"industry_code":"K02","industry_name":"Lobbyists","indivs":"41000","pacs":"1000","total":"42000"}},{"@attributes":{"industry_code":"N03","industry_name":"Retail Sales","indivs":"23150","pacs":"15000","total":"38150"}},{"@attributes":{"industry_code":"F03","industry_name":"Commercial Banks","indivs":"2250","pacs":"35500","total":"37750"}}]}}}