{"id":"B001292","title":"Representative","short_title":"Rep.","api_uri":"https://api.propublica.org/congress/v1/members/B001292.json","first_name":"Donald","middle_name":null,"last_name":"Beyer","suffix":null,"date_of_birth":"1950-06-20","gender":"M","party":"D","leadership_role":null,"twitter_account":"repdonbeyer","facebook_account":"repdonbeyer","youtube_account":null,"govtrack_id":"412657","cspan_id":"21141","votesmart_id":"1707","icpsr_id":"21554","crp_id":"N00036018","google_entity_id":"/m/053g16","fec_candidate_id":"H4VA08224","url":"https://beyer.house.gov","rss_url":null,"contact_form":null,"in_office":true,"dw_nominate":-0.395,"ideal_point":null,"seniority":"4","next_election":"2018","total_votes":841,"missed_votes":25,"total_present":0,"ocd_id":"ocd-division/country:us/state:va/cd:8","office":"1119 Longworth House Office Building","phone":"202-225-4376","fax":"202-225-0017","state":"VA","district":"8","at_large":false,"geoid":"5108","missed_votes_pct":2.97,"votes_with_party_pct":94.12}