{"id":"B001295","title":"Representative","short_title":"Rep.","api_uri":"https://api.propublica.org/congress/v1/members/B001295.json","first_name":"Mike","middle_name":null,"last_name":"Bost","suffix":null,"date_of_birth":"1960-12-30","gender":"M","party":"R","leadership_role":null,"twitter_account":"RepBost","facebook_account":"RepBost","youtube_account":null,"govtrack_id":"412629","cspan_id":"76176","votesmart_id":"6302","icpsr_id":"21519","crp_id":"N00035420","google_entity_id":"/m/0kry42","fec_candidate_id":"H4IL12060","url":"https://bost.house.gov","rss_url":"https://bost.house.gov/rss.xml","contact_form":null,"in_office":true,"dw_nominate":0.262,"ideal_point":null,"seniority":"4","next_election":"2018","total_votes":841,"missed_votes":4,"total_present":0,"ocd_id":"ocd-division/country:us/state:il/cd:12","office":"1440 Longworth House Office Building","phone":"202-225-5661","fax":"202-225-0285","state":"IL","district":"12","at_large":false,"geoid":"1712","missed_votes_pct":0.48,"votes_with_party_pct":91.76,"response":{"industries":{"@attributes":{"cand_name":"Mike Bost (R)","cid":"N00035420","cycle":"2014","origin":"Center for Responsive Politics","source":"https://www.opensecrets.org/members-of-congress/industries?cid=N00035420&cycle=2014","last_updated":"02/27/2017"},"industry":[{"@attributes":{"industry_code":"Q03","industry_name":"Leadership PACs","indivs":"0","pacs":"210825","total":"210825"}},{"@attributes":{"industry_code":"W06","industry_name":"Retired","indivs":"68180","pacs":"0","total":"68180"}},{"@attributes":{"industry_code":"Q16","industry_name":"Candidate Committees","indivs":"0","pacs":"58500","total":"58500"}},{"@attributes":{"industry_code":"H01","industry_name":"Health Professionals","indivs":"34050","pacs":"20250","total":"54300"}},{"@attributes":{"industry_code":"F07","industry_name":"Securities & Investment","indivs":"38600","pacs":"0","total":"38600"}},{"@attributes":{"industry_code":"N15","industry_name":"Misc Manufacturing & Distributing","indivs":"31350","pacs":"2000","total":"33350"}},{"@attributes":{"industry_code":"A01","industry_name":"Crop Production & Basic Processing","indivs":"25964","pacs":"0","total":"25964"}},{"@attributes":{"industry_code":"K01","industry_name":"Lawyers/Law Firms","indivs":"25175","pacs":"500","total":"25675"}},{"@attributes":{"industry_code":"F09","industry_name":"Insurance","indivs":"15700","pacs":"9000","total":"24700"}},{"@attributes":{"industry_code":"E01","industry_name":"Oil & Gas","indivs":"9200","pacs":"15000","total":"24200"}}]}}}