{"id":"B001267","title":"Senator, 3rd Class","short_title":"Sen.","api_uri":"https://api.propublica.org/congress/v1/members/B001267.json","first_name":"Michael","middle_name":null,"last_name":"Bennet","suffix":null,"date_of_birth":"1964-11-28","gender":"M","party":"D","leadership_role":null,"twitter_account":"SenBennetCo","facebook_account":"senbennetco","youtube_account":"SenatorBennet","govtrack_id":"412330","cspan_id":"1031622","votesmart_id":"110942","icpsr_id":"40910","crp_id":"N00030608","google_entity_id":"/m/05b60qf","fec_candidate_id":"S0CO00211","url":"https://www.bennet.senate.gov","rss_url":null,"contact_form":"https://www.bennet.senate.gov/?p=contact","in_office":true,"dw_nominate":-0.209,"ideal_point":null,"seniority":"9","next_election":"2022","total_votes":388,"missed_votes":1,"total_present":1,"ocd_id":"ocd-division/country:us/state:co","office":"261 Russell Senate Office Building","phone":"202-224-5852","fax":"202-228-5097","state":"CO","senate_class":"3","state_rank":"senior","lis_id":"S330","missed_votes_pct":0.26,"votes_with_party_pct":90.96,"response":{"industries":{"@attributes":{"cand_name":"Michael F Bennet (D)","cid":"N00030608","cycle":"2014","origin":"Center for Responsive Politics","source":"https://www.opensecrets.org/members-of-congress/industries?cid=N00030608&cycle=2014","last_updated":"02/27/2017"},"industry":[{"@attributes":{"industry_code":"F07","industry_name":"Securities & Investment","indivs":"1465124","pacs":"161500","total":"1626624"}},{"@attributes":{"industry_code":"K01","industry_name":"Lawyers/Law Firms","indivs":"1348613","pacs":"195551","total":"1544164"}},{"@attributes":{"industry_code":"W06","industry_name":"Retired","indivs":"705714","pacs":"0","total":"705714"}},{"@attributes":{"industry_code":"F10","industry_name":"Real Estate","indivs":"533070","pacs":"98000","total":"631070"}},{"@attributes":{"industry_code":"K02","industry_name":"Lobbyists","indivs":"391407","pacs":"19650","total":"411057"}},{"@attributes":{"industry_code":"F13","industry_name":"Misc Finance","indivs":"338607","pacs":"19000","total":"357607"}},{"@attributes":{"industry_code":"W04","industry_name":"Education","indivs":"317805","pacs":"38100","total":"355905"}},{"@attributes":{"industry_code":"Q03","industry_name":"Leadership PACs","indivs":"250","pacs":"355262","total":"355512"}},{"@attributes":{"industry_code":"N05","industry_name":"Business Services","indivs":"332951","pacs":"17000","total":"349951"}},{"@attributes":{"industry_code":"B02","industry_name":"TV/Movies/Music","indivs":"290116","pacs":"40500","total":"330616"}}]}}}