{"id":"B001277","title":"Senator, 3rd Class","short_title":"Sen.","api_uri":"https://api.propublica.org/congress/v1/members/B001277.json","first_name":"Richard","middle_name":null,"last_name":"Blumenthal","suffix":null,"date_of_birth":"1946-02-13","gender":"M","party":"D","leadership_role":null,"twitter_account":"SenBlumenthal","facebook_account":"SenBlumenthal","youtube_account":"SenatorBlumenthal","govtrack_id":"412490","cspan_id":"21799","votesmart_id":"1568","icpsr_id":"41101","crp_id":"N00031685","google_entity_id":"/m/03tg8m","fec_candidate_id":"S0CT00177","url":"https://www.blumenthal.senate.gov","rss_url":"https://www.blumenthal.senate.gov/rss/feeds/?type=press","contact_form":"https://www.blumenthal.senate.gov/contact/","in_office":true,"dw_nominate":-0.412,"ideal_point":null,"seniority":"7","next_election":"2022","total_votes":388,"missed_votes":2,"total_present":1,"ocd_id":"ocd-division/country:us/state:ct","office":"706 Hart Senate Office Building","phone":"202-224-2823","fax":"202-224-9673","state":"CT","senate_class":"3","state_rank":"senior","lis_id":"S341","missed_votes_pct":0.52,"votes_with_party_pct":90.93}