{"id":"B001294","title":"Representative","short_title":"Rep.","api_uri":"https://api.propublica.org/congress/v1/members/B001294.json","first_name":"Rod","middle_name":null,"last_name":"Blum","suffix":null,"date_of_birth":"1955-04-26","gender":"M","party":"R","leadership_role":null,"twitter_account":"RepRodBlum","facebook_account":"congressmanrodblum","youtube_account":null,"govtrack_id":"412627","cspan_id":"623771","votesmart_id":"135714","icpsr_id":"21520","crp_id":"N00033744","google_entity_id":"/m/0127p02j","fec_candidate_id":"H2IA01055","url":"https://blum.house.gov","rss_url":null,"contact_form":null,"in_office":true,"dw_nominate":0.52,"ideal_point":null,"seniority":"4","next_election":"2018","total_votes":841,"missed_votes":17,"total_present":1,"ocd_id":"ocd-division/country:us/state:ia/cd:1","office":"1108 Longworth House Office Building","phone":"202-225-2911","fax":null,"state":"IA","district":"1","at_large":false,"geoid":"1901","missed_votes_pct":2.02,"votes_with_party_pct":89.93}