{"id":"B001227","title":"Representative","short_title":"Rep.","api_uri":"https://api.propublica.org/congress/v1/members/B001227.json","first_name":"Robert","middle_name":"A.","last_name":"Brady","suffix":null,"date_of_birth":"1945-04-07","gender":"M","party":"D","leadership_role":"","twitter_account":"RepBrady","facebook_account":"RepRobertBrady","youtube_account":"BradyPA01","govtrack_id":"400047","cspan_id":"55227","votesmart_id":"2519","icpsr_id":"29777","crp_id":"N00001619","google_entity_id":"/m/03tq5z","fec_candidate_id":"H8PA01153","url":"https://brady.house.gov","rss_url":"https://brady.house.gov/rss.xml","contact_form":null,"in_office":true,"dw_nominate":-0.482,"ideal_point":null,"seniority":"22","next_election":"2018","total_votes":841,"missed_votes":23,"total_present":0,"ocd_id":"ocd-division/country:us/state:pa/cd:1","office":"2004 Rayburn House Office Building","phone":"202-225-4731","fax":"202-225-0088","state":"PA","district":"1","at_large":false,"geoid":"4201","missed_votes_pct":2.73,"votes_with_party_pct":94.25,"response":{"industries":{"@attributes":{"cand_name":"Robert A Brady (D)","cid":"N00001619","cycle":"2014","origin":"Center for Responsive Politics","source":"https://www.opensecrets.org/members-of-congress/industries?cid=N00001619&cycle=2014","last_updated":"02/27/2017"},"industry":[{"@attributes":{"industry_code":"K01","industry_name":"Lawyers/Law Firms","indivs":"59500","pacs":"15600","total":"75100"}},{"@attributes":{"industry_code":"P01","industry_name":"Building Trade Unions","indivs":"0","pacs":"74600","total":"74600"}},{"@attributes":{"industry_code":"P02","industry_name":"Industrial Unions","indivs":"0","pacs":"50000","total":"50000"}},{"@attributes":{"industry_code":"P03","industry_name":"Transportation Unions","indivs":"0","pacs":"37000","total":"37000"}},{"@attributes":{"industry_code":"P04","industry_name":"Public Sector Unions","indivs":"0","pacs":"29000","total":"29000"}},{"@attributes":{"industry_code":"F10","industry_name":"Real Estate","indivs":"20300","pacs":"5400","total":"25700"}},{"@attributes":{"industry_code":"C01","industry_name":"General Contractors","indivs":"25700","pacs":"0","total":"25700"}},{"@attributes":{"industry_code":"N05","industry_name":"Business Services","indivs":"23700","pacs":"0","total":"23700"}},{"@attributes":{"industry_code":"B09","industry_name":"Telecom Services","indivs":"5000","pacs":"15000","total":"20000"}},{"@attributes":{"industry_code":"E01","industry_name":"Oil & Gas","indivs":"13025","pacs":"5000","total":"18025"}}]}}}