{"id":"B001260","title":"Representative","short_title":"Rep.","api_uri":"https://api.propublica.org/congress/v1/members/B001260.json","first_name":"Vern","middle_name":null,"last_name":"Buchanan","suffix":null,"date_of_birth":"1951-05-08","gender":"M","party":"R","leadership_role":null,"twitter_account":"VernBuchanan","facebook_account":"CongressmanBuchanan","youtube_account":"vernbuchanan","govtrack_id":"412196","cspan_id":"1021626","votesmart_id":"66247","icpsr_id":"20709","crp_id":"N00027626","google_entity_id":"/m/0gtjsp","fec_candidate_id":"H6FL13148","url":"https://buchanan.house.gov","rss_url":"https://buchanan.house.gov/rss.xml","contact_form":null,"in_office":true,"dw_nominate":0.36,"ideal_point":null,"seniority":"12","next_election":"2018","total_votes":841,"missed_votes":59,"total_present":0,"ocd_id":"ocd-division/country:us/state:fl/cd:16","office":"2104 Rayburn House Office Building","phone":"202-225-5015","fax":"202-226-0828","state":"FL","district":"16","at_large":false,"geoid":"1216","missed_votes_pct":7.02,"votes_with_party_pct":96.42}