{"id":"B001288","title":"Senator, 2nd Class","short_title":"Sen.","api_uri":"https://api.propublica.org/congress/v1/members/B001288.json","first_name":"Cory","middle_name":null,"last_name":"Booker","suffix":null,"date_of_birth":"1969-04-27","gender":"M","party":"D","leadership_role":null,"twitter_account":"CoryBooker","facebook_account":null,"youtube_account":"SenCoryBooker","govtrack_id":"412598","cspan_id":"84679","votesmart_id":"76151","icpsr_id":"41308","crp_id":"N00035267","google_entity_id":"/m/06p430","fec_candidate_id":"S4NJ00185","url":"https://www.booker.senate.gov","rss_url":"https://www.booker.senate.gov/rss/","contact_form":"https://www.booker.senate.gov/?p=contact","in_office":true,"dw_nominate":-0.626,"ideal_point":null,"seniority":"5","next_election":"2020","total_votes":388,"missed_votes":19,"total_present":1,"ocd_id":"ocd-division/country:us/state:nj","office":"359 Dirksen Senate Office Building","phone":"202-224-3224","fax":"202-224-8378","state":"NJ","senate_class":"2","state_rank":"junior","lis_id":"S370","missed_votes_pct":4.9,"votes_with_party_pct":82.66,"response":{"industries":{"@attributes":{"cand_name":"Cory Booker (D)","cid":"N00035267","cycle":"2014","origin":"Center for Responsive Politics","source":"https://www.opensecrets.org/members-of-congress/industries?cid=N00035267&cycle=2014","last_updated":"02/27/2017"},"industry":[{"@attributes":{"industry_code":"K01","industry_name":"Lawyers/Law Firms","indivs":"2161609","pacs":"150800","total":"2312409"}},{"@attributes":{"industry_code":"F07","industry_name":"Securities & Investment","indivs":"2130520","pacs":"51500","total":"2182020"}},{"@attributes":{"industry_code":"F10","industry_name":"Real Estate","indivs":"1046520","pacs":"26000","total":"1072520"}},{"@attributes":{"industry_code":"B02","industry_name":"TV/Movies/Music","indivs":"702280","pacs":"20500","total":"722780"}},{"@attributes":{"industry_code":"F13","industry_name":"Misc Finance","indivs":"443950","pacs":"13500","total":"457450"}},{"@attributes":{"industry_code":"N05","industry_name":"Business Services","indivs":"449435","pacs":"5000","total":"454435"}},{"@attributes":{"industry_code":"Q05","industry_name":"Pro-Israel","indivs":"397599","pacs":"36527","total":"434126"}},{"@attributes":{"industry_code":"F09","industry_name":"Insurance","indivs":"236200","pacs":"103500","total":"339700"}},{"@attributes":{"industry_code":"H04","industry_name":"Pharmaceuticals/Health Products","indivs":"167000","pacs":"161000","total":"328000"}},{"@attributes":{"industry_code":"N15","industry_name":"Misc Manufacturing & Distributing","indivs":"292525","pacs":"20600","total":"313125"}}]}}}