{"id":"B001243","title":"Representative","short_title":"Rep.","api_uri":"https://api.propublica.org/congress/v1/members/B001243.json","first_name":"Marsha","middle_name":null,"last_name":"Blackburn","suffix":null,"date_of_birth":"1952-06-06","gender":"F","party":"R","leadership_role":"","twitter_account":"MarshaBlackburn","facebook_account":"marshablackburn","youtube_account":"RepMarshaBlackburn","govtrack_id":"400032","cspan_id":"31226","votesmart_id":"25186","icpsr_id":"20351","crp_id":"N00003105","google_entity_id":"/m/01fnkt","fec_candidate_id":"H2TN06030","url":"https://blackburn.house.gov","rss_url":"https://blackburn.house.gov/news/rss.aspx","contact_form":null,"in_office":true,"dw_nominate":0.616,"ideal_point":null,"seniority":"16","next_election":"2018","total_votes":841,"missed_votes":37,"total_present":0,"ocd_id":"ocd-division/country:us/state:tn/cd:7","office":"2266 Rayburn House Office Building","phone":"202-225-2811","fax":"202-225-3004","state":"TN","district":"7","at_large":false,"geoid":"4707","missed_votes_pct":4.4,"votes_with_party_pct":96.14,"response":{"industries":{"@attributes":{"cand_name":"Marsha Blackburn (R)","cid":"N00003105","cycle":"2012","origin":"Center for Responsive Politics","source":"https://www.opensecrets.org/members-of-congress/industries?cid=N00003105&cycle=2012","last_updated":"03/25/2013"},"industry":[{"@attributes":{"industry_code":"H01","industry_name":"Health Professionals","indivs":"36818","pacs":"171000","total":"207818"}},{"@attributes":{"industry_code":"H04","industry_name":"Pharmaceuticals/Health Products","indivs":"8000","pacs":"110433","total":"118433"}},{"@attributes":{"industry_code":"B02","industry_name":"TV/Movies/Music","indivs":"26950","pacs":"66500","total":"93450"}},{"@attributes":{"industry_code":"E01","industry_name":"Oil & Gas","indivs":"10750","pacs":"81000","total":"91750"}},{"@attributes":{"industry_code":"H02","industry_name":"Hospitals/Nursing Homes","indivs":"18000","pacs":"51750","total":"69750"}},{"@attributes":{"industry_code":"H03","industry_name":"Health Services/HMOs","indivs":"14500","pacs":"44250","total":"58750"}},{"@attributes":{"industry_code":"M02","industry_name":"Automotive","indivs":"25750","pacs":"28500","total":"54250"}},{"@attributes":{"industry_code":"F09","industry_name":"Insurance","indivs":"5750","pacs":"41913","total":"47663"}},{"@attributes":{"industry_code":"N03","industry_name":"Retail Sales","indivs":"10250","pacs":"28500","total":"38750"}},{"@attributes":{"industry_code":"W06","industry_name":"Retired","indivs":"37950","pacs":"0","total":"37950"}}]}}}