{"id":"B001294","title":"Representative","short_title":"Rep.","api_uri":"https://api.propublica.org/congress/v1/members/B001294.json","first_name":"Rod","middle_name":null,"last_name":"Blum","suffix":null,"date_of_birth":"1955-04-26","gender":"M","party":"R","leadership_role":null,"twitter_account":"RepRodBlum","facebook_account":"congressmanrodblum","youtube_account":null,"govtrack_id":"412627","cspan_id":"623771","votesmart_id":"135714","icpsr_id":"21520","crp_id":"N00033744","google_entity_id":"/m/0127p02j","fec_candidate_id":"H2IA01055","url":"https://blum.house.gov","rss_url":null,"contact_form":null,"in_office":true,"dw_nominate":0.52,"ideal_point":null,"seniority":"4","next_election":"2018","total_votes":841,"missed_votes":17,"total_present":1,"ocd_id":"ocd-division/country:us/state:ia/cd:1","office":"1108 Longworth House Office Building","phone":"202-225-2911","fax":null,"state":"IA","district":"1","at_large":false,"geoid":"1901","missed_votes_pct":2.02,"votes_with_party_pct":89.93,"response":{"industries":{"@attributes":{"cand_name":"Rod Blum (R)","cid":"N00033744","cycle":"2018","origin":"Center for Responsive Politics","source":"https://www.opensecrets.org/members-of-congress/industries?cid=N00033744&cycle=2018","last_updated":"03/26/2018"},"industry":[{"@attributes":{"industry_code":"Q03","industry_name":"Leadership PACs","indivs":"13800","pacs":"94500","total":"108300"}},{"@attributes":{"industry_code":"W06","industry_name":"Retired","indivs":"47045","pacs":"0","total":"47045"}},{"@attributes":{"industry_code":"Q16","industry_name":"Candidate Committees","indivs":"2000","pacs":"25932","total":"27932"}},{"@attributes":{"industry_code":"A01","industry_name":"Crop Production & Basic Processing","indivs":"17230","pacs":"5500","total":"22730"}},{"@attributes":{"industry_code":"C01","industry_name":"General Contractors","indivs":"11150","pacs":"10000","total":"21150"}},{"@attributes":{"industry_code":"F03","industry_name":"Commercial Banks","indivs":"9881","pacs":"6000","total":"15881"}},{"@attributes":{"industry_code":"M03","industry_name":"Trucking","indivs":"13450","pacs":"1000","total":"14450"}},{"@attributes":{"industry_code":"A06","industry_name":"Livestock","indivs":"10825","pacs":"3000","total":"13825"}},{"@attributes":{"industry_code":"F09","industry_name":"Insurance","indivs":"4000","pacs":"9000","total":"13000"}},{"@attributes":{"industry_code":"H01","industry_name":"Health Professionals","indivs":"2250","pacs":"9000","total":"11250"}},{"@attributes":{"industry_code":"H04","industry_name":"Pharmaceuticals/Health Products","indivs":"7000","pacs":"4250","total":"11250"}}]}}}