{"id":"B001301","title":"Representative","short_title":"Rep.","api_uri":"https://api.propublica.org/congress/v1/members/B001301.json","first_name":"Jack","middle_name":null,"last_name":"Bergman","suffix":null,"date_of_birth":"1947-02-02","gender":"M","party":"R","leadership_role":null,"twitter_account":"RepJackBergman","facebook_account":"RepJackBergman","youtube_account":null,"govtrack_id":"412709","cspan_id":"1020529","votesmart_id":"170172","icpsr_id":"21704","crp_id":"N00039533","google_entity_id":"/m/05b2l3v","fec_candidate_id":"H6MI01226","url":"https://bergman.house.gov","rss_url":null,"contact_form":null,"in_office":true,"dw_nominate":0.449,"ideal_point":null,"seniority":"2","next_election":"2018","total_votes":841,"missed_votes":5,"total_present":0,"ocd_id":"ocd-division/country:us/state:mi/cd:1","office":"414 Cannon House Office Building","phone":"202-225-4735","fax":null,"state":"MI","district":"1","at_large":false,"geoid":"2601","missed_votes_pct":0.59,"votes_with_party_pct":93.66,"response":{"industries":{"@attributes":{"cand_name":"John Bergman (R)","cid":"N00039533","cycle":"2016","origin":"Center for Responsive Politics","source":"https://www.opensecrets.org/members-of-congress/industries?cid=N00039533&cycle=2016","last_updated":"11/27/2017"},"industry":[{"@attributes":{"industry_code":"Q03","industry_name":"Leadership PACs","indivs":"0","pacs":"143000","total":"143000"}},{"@attributes":{"industry_code":"W06","industry_name":"Retired","indivs":"87018","pacs":"0","total":"87018"}},{"@attributes":{"industry_code":"Q16","industry_name":"Candidate Committees","indivs":"0","pacs":"37000","total":"37000"}},{"@attributes":{"industry_code":"Q01","industry_name":"Republican/Conservative","indivs":"6675","pacs":"25000","total":"31675"}},{"@attributes":{"industry_code":"F10","industry_name":"Real Estate","indivs":"22450","pacs":"5000","total":"27450"}},{"@attributes":{"industry_code":"N03","industry_name":"Retail Sales","indivs":"21000","pacs":"5000","total":"26000"}},{"@attributes":{"industry_code":"F09","industry_name":"Insurance","indivs":"6100","pacs":"16000","total":"22100"}},{"@attributes":{"industry_code":"N12","industry_name":"Misc Business","indivs":"14870","pacs":"6000","total":"20870"}},{"@attributes":{"industry_code":"M02","industry_name":"Automotive","indivs":"16200","pacs":"4495","total":"20695"}},{"@attributes":{"industry_code":"C01","industry_name":"General Contractors","indivs":"12050","pacs":"7500","total":"19550"}}]}}}