{"id":"B001274","title":"Representative","short_title":"Rep.","api_uri":"https://api.propublica.org/congress/v1/members/B001274.json","first_name":"Mo","middle_name":null,"last_name":"Brooks","suffix":null,"date_of_birth":"1954-04-29","gender":"M","party":"R","leadership_role":null,"twitter_account":"RepMoBrooks","facebook_account":"155220881193244","youtube_account":"RepMoBrooks","govtrack_id":"412395","cspan_id":"94888","votesmart_id":"121610","icpsr_id":"21193","crp_id":"N00030910","google_entity_id":"/m/0c3xdjf","fec_candidate_id":"H0AL05163","url":"https://brooks.house.gov","rss_url":null,"contact_form":null,"in_office":true,"dw_nominate":0.599,"ideal_point":null,"seniority":"8","next_election":"2018","total_votes":841,"missed_votes":67,"total_present":0,"ocd_id":"ocd-division/country:us/state:al/cd:5","office":"2400 Rayburn House Office Building","phone":"202-225-4801","fax":"202-225-4392","state":"AL","district":"5","at_large":false,"geoid":"0105","missed_votes_pct":7.97,"votes_with_party_pct":93.67,"response":{"industries":{"@attributes":{"cand_name":"Mo Brooks (R)","cid":"N00030910","cycle":"2018","origin":"Center for Responsive Politics","source":"https://www.opensecrets.org/members-of-congress/industries?cid=N00030910&cycle=2018","last_updated":"03/26/2018"},"industry":[{"@attributes":{"industry_code":"Q01","industry_name":"Republican/Conservative","indivs":"78590","pacs":"5000","total":"83590"}},{"@attributes":{"industry_code":"W06","industry_name":"Retired","indivs":"81817","pacs":"0","total":"81817"}},{"@attributes":{"industry_code":"H01","industry_name":"Health Professionals","indivs":"33890","pacs":"7700","total":"41590"}},{"@attributes":{"industry_code":"F07","industry_name":"Securities & Investment","indivs":"35300","pacs":"0","total":"35300"}},{"@attributes":{"industry_code":"Q03","industry_name":"Leadership PACs","indivs":"13500","pacs":"19000","total":"32500"}},{"@attributes":{"industry_code":"K01","industry_name":"Lawyers/Law Firms","indivs":"26775","pacs":"4000","total":"30775"}},{"@attributes":{"industry_code":"F10","industry_name":"Real Estate","indivs":"25145","pacs":"2000","total":"27145"}},{"@attributes":{"industry_code":"D03","industry_name":"Misc Defense","indivs":"10244","pacs":"8700","total":"18944"}},{"@attributes":{"industry_code":"N12","industry_name":"Misc Business","indivs":"17900","pacs":"0","total":"17900"}},{"@attributes":{"industry_code":"F09","industry_name":"Insurance","indivs":"750","pacs":"16000","total":"16750"}}]}}}