{"id":"B001290","title":"Representative","short_title":"Rep.","api_uri":"https://api.propublica.org/congress/v1/members/B001290.json","first_name":"David","middle_name":"A.","last_name":"Brat","suffix":null,"date_of_birth":"1964-07-27","gender":"M","party":"R","leadership_role":null,"twitter_account":"RepDaveBrat","facebook_account":"RepDaveBrat","youtube_account":null,"govtrack_id":"412605","cspan_id":"75248","votesmart_id":"152270","icpsr_id":"21553","crp_id":"N00036013","google_entity_id":"/m/010qykqw","fec_candidate_id":"H4VA07143","url":"https://brat.house.gov","rss_url":null,"contact_form":null,"in_office":true,"dw_nominate":0.843,"ideal_point":null,"seniority":"6","next_election":"2018","total_votes":841,"missed_votes":11,"total_present":0,"ocd_id":"ocd-division/country:us/state:va/cd:7","office":"1628 Longworth House Office Building","phone":"202-225-2815","fax":null,"state":"VA","district":"7","at_large":false,"geoid":"5107","missed_votes_pct":1.31,"votes_with_party_pct":95.54,"response":{"industries":{"@attributes":{"cand_name":"Dave Brat (R)","cid":"N00036013","cycle":"2016","origin":"Center for Responsive Politics","source":"https://www.opensecrets.org/members-of-congress/industries?cid=N00036013&cycle=2016","last_updated":"11/27/2017"},"industry":[{"@attributes":{"industry_code":"W06","industry_name":"Retired","indivs":"156995","pacs":"0","total":"156995"}},{"@attributes":{"industry_code":"Q01","industry_name":"Republican/Conservative","indivs":"83526","pacs":"19100","total":"102626"}},{"@attributes":{"industry_code":"F10","industry_name":"Real Estate","indivs":"81900","pacs":"6000","total":"87900"}},{"@attributes":{"industry_code":"F07","industry_name":"Securities & Investment","indivs":"65533","pacs":"0","total":"65533"}},{"@attributes":{"industry_code":"K01","industry_name":"Lawyers/Law Firms","indivs":"24674","pacs":"1250","total":"25924"}},{"@attributes":{"industry_code":"M02","industry_name":"Automotive","indivs":"8550","pacs":"16000","total":"24550"}},{"@attributes":{"industry_code":"H03","industry_name":"Health Services/HMOs","indivs":"11800","pacs":"8500","total":"20300"}},{"@attributes":{"industry_code":"F09","industry_name":"Insurance","indivs":"11025","pacs":"8750","total":"19775"}},{"@attributes":{"industry_code":"F13","industry_name":"Misc Finance","indivs":"19610","pacs":"0","total":"19610"}},{"@attributes":{"industry_code":"N15","industry_name":"Misc Manufacturing & Distributing","indivs":"16500","pacs":"1998","total":"18498"}}]}}}