{"id":"B001261","title":"Senator, 1st Class","short_title":"Sen.","api_uri":"https://api.propublica.org/congress/v1/members/B001261.json","first_name":"John","middle_name":null,"last_name":"Barrasso","suffix":null,"date_of_birth":"1952-07-21","gender":"M","party":"R","leadership_role":"Policy Committee Chair","twitter_account":"SenJohnBarrasso","facebook_account":"johnbarrasso","youtube_account":"barrassowyo","govtrack_id":"412251","cspan_id":"1024777","votesmart_id":"52662","icpsr_id":"40707","crp_id":"N00006236","google_entity_id":"/m/02rsm32","fec_candidate_id":"S6WY00068","url":"https://www.barrasso.senate.gov","rss_url":"https://www.barrasso.senate.gov/public/?a=rss.feed","contact_form":"https://www.barrasso.senate.gov/public/index.cfm/contact-form","in_office":true,"dw_nominate":0.529,"ideal_point":null,"seniority":"11","next_election":"2018","total_votes":388,"missed_votes":1,"total_present":0,"ocd_id":"ocd-division/country:us/state:wy","office":"307 Dirksen Senate Office Building","phone":"202-224-6441","fax":"202-224-1724","state":"WY","senate_class":"1","state_rank":"junior","lis_id":"S317","missed_votes_pct":0.26,"votes_with_party_pct":97.93,"response":{"industries":{"@attributes":{"cand_name":"John A Barrasso (R)","cid":"N00006236","cycle":"2018","origin":"Center for Responsive Politics","source":"https://www.opensecrets.org/members-of-congress/industries?cid=N00006236&cycle=2018","last_updated":"03/26/2018"},"industry":[{"@attributes":{"industry_code":"E01","industry_name":"Oil & Gas","indivs":"164000","pacs":"227900","total":"391900"}},{"@attributes":{"industry_code":"F07","industry_name":"Securities & Investment","indivs":"295462","pacs":"94000","total":"389462"}},{"@attributes":{"industry_code":"H01","industry_name":"Health Professionals","indivs":"203675","pacs":"125600","total":"329275"}},{"@attributes":{"industry_code":"Q03","industry_name":"Leadership PACs","indivs":"0","pacs":"261450","total":"261450"}},{"@attributes":{"industry_code":"H04","industry_name":"Pharmaceuticals/Health Products","indivs":"73300","pacs":"162000","total":"235300"}},{"@attributes":{"industry_code":"K02","industry_name":"Lobbyists","indivs":"217668","pacs":"7000","total":"224668"}},{"@attributes":{"industry_code":"E08","industry_name":"Electric Utilities","indivs":"44700","pacs":"154750","total":"199450"}},{"@attributes":{"industry_code":"W06","industry_name":"Retired","indivs":"187071","pacs":"0","total":"187071"}},{"@attributes":{"industry_code":"K01","industry_name":"Lawyers/Law Firms","indivs":"76200","pacs":"78300","total":"154500"}},{"@attributes":{"industry_code":"F09","industry_name":"Insurance","indivs":"41700","pacs":"99000","total":"140700"}}]}}}