{"id":"B001299","title":"Representative","short_title":"Rep.","api_uri":"https://api.propublica.org/congress/v1/members/B001299.json","first_name":"Jim","middle_name":null,"last_name":"Banks","suffix":null,"date_of_birth":"1979-07-16","gender":"M","party":"R","leadership_role":null,"twitter_account":"RepJimBanks","facebook_account":"RepJimBanks","youtube_account":null,"govtrack_id":"412702","cspan_id":"89806","votesmart_id":"116801","icpsr_id":"21702","crp_id":"N00037185","google_entity_id":"/m/0j621nj","fec_candidate_id":"H6IN03229","url":"https://banks.house.gov","rss_url":null,"contact_form":null,"in_office":true,"dw_nominate":0.668,"ideal_point":null,"seniority":"2","next_election":"2018","total_votes":841,"missed_votes":2,"total_present":0,"ocd_id":"ocd-division/country:us/state:in/cd:3","office":"509 Cannon House Office Building","phone":"202-225-4436","fax":null,"state":"IN","district":"3","at_large":false,"geoid":"1803","missed_votes_pct":0.24,"votes_with_party_pct":97.5}