{"id":"B001257","title":"Representative","short_title":"Rep.","api_uri":"https://api.propublica.org/congress/v1/members/B001257.json","first_name":"Gus","middle_name":null,"last_name":"Bilirakis","suffix":null,"date_of_birth":"1963-02-08","gender":"M","party":"R","leadership_role":null,"twitter_account":"RepGusBilirakis","facebook_account":"GusBilirakis","youtube_account":"RepGusBilirakis","govtrack_id":"412250","cspan_id":"1022873","votesmart_id":"17318","icpsr_id":"20758","crp_id":"N00027462","google_entity_id":"/m/0dy3z1","fec_candidate_id":"H6FL09070","url":"https://bilirakis.house.gov","rss_url":null,"contact_form":null,"in_office":true,"dw_nominate":0.402,"ideal_point":null,"seniority":"14","next_election":"2018","total_votes":841,"missed_votes":31,"total_present":0,"ocd_id":"ocd-division/country:us/state:fl/cd:12","office":"2112 Rayburn House Office Building","phone":"202-225-5755","fax":"202-225-4085","state":"FL","district":"12","at_large":false,"geoid":"1212","missed_votes_pct":3.69,"votes_with_party_pct":98.52,"response":{"industries":{"@attributes":{"cand_name":"Gus Bilirakis (R)","cid":"N00027462","cycle":"2012","origin":"Center for Responsive Politics","source":"https://www.opensecrets.org/members-of-congress/industries?cid=N00027462&cycle=2012","last_updated":"03/25/2013"},"industry":[{"@attributes":{"industry_code":"H01","industry_name":"Health Professionals","indivs":"39015","pacs":"27500","total":"66515"}},{"@attributes":{"industry_code":"W06","industry_name":"Retired","indivs":"46800","pacs":"0","total":"46800"}},{"@attributes":{"industry_code":"N01","industry_name":"Food & Beverage","indivs":"5750","pacs":"25500","total":"31250"}},{"@attributes":{"industry_code":"F10","industry_name":"Real Estate","indivs":"10699","pacs":"20000","total":"30699"}},{"@attributes":{"industry_code":"F09","industry_name":"Insurance","indivs":"7200","pacs":"19500","total":"26700"}},{"@attributes":{"industry_code":"K01","industry_name":"Lawyers/Law Firms","indivs":"17900","pacs":"7750","total":"25650"}},{"@attributes":{"industry_code":"N15","industry_name":"Misc Manufacturing & Distributing","indivs":"16964","pacs":"5000","total":"21964"}},{"@attributes":{"industry_code":"H03","industry_name":"Health Services/HMOs","indivs":"9500","pacs":"9000","total":"18500"}},{"@attributes":{"industry_code":"B02","industry_name":"TV/Movies/Music","indivs":"3245","pacs":"15000","total":"18245"}},{"@attributes":{"industry_code":"E08","industry_name":"Electric Utilities","indivs":"0","pacs":"14000","total":"14000"}}]}}}