{"id":"B001278","title":"Representative","short_title":"Rep.","api_uri":"https://api.propublica.org/congress/v1/members/B001278.json","first_name":"Suzanne","middle_name":null,"last_name":"Bonamici","suffix":null,"date_of_birth":"1954-10-14","gender":"F","party":"D","leadership_role":null,"twitter_account":"RepBonamici","facebook_account":"congresswomanbonamici","youtube_account":"RepSuzanneBonamici","govtrack_id":"412501","cspan_id":"63966","votesmart_id":"59641","icpsr_id":"21198","crp_id":"N00033474","google_entity_id":"/m/02q453x","fec_candidate_id":"H2OR01133","url":"https://bonamici.house.gov","rss_url":"https://bonamici.house.gov/rss.xml","contact_form":null,"in_office":true,"dw_nominate":-0.386,"ideal_point":null,"seniority":"8","next_election":"2018","total_votes":841,"missed_votes":3,"total_present":0,"ocd_id":"ocd-division/country:us/state:or/cd:1","office":"439 Cannon House Office Building","phone":"202-225-0855","fax":"202-225-9497","state":"OR","district":"1","at_large":false,"geoid":"4101","missed_votes_pct":0.36,"votes_with_party_pct":93.56,"response":{"industries":{"@attributes":{"cand_name":"Suzanne Bonamici (D)","cid":"N00033474","cycle":"2018","origin":"Center for Responsive Politics","source":"https://www.opensecrets.org/members-of-congress/industries?cid=N00033474&cycle=2018","last_updated":"03/26/2018"},"industry":[{"@attributes":{"industry_code":"K01","industry_name":"Lawyers/Law Firms","indivs":"36310","pacs":"12500","total":"48810"}},{"@attributes":{"industry_code":"N15","industry_name":"Misc Manufacturing & Distributing","indivs":"4471","pacs":"25500","total":"29971"}},{"@attributes":{"industry_code":"H01","industry_name":"Health Professionals","indivs":"3805","pacs":"18000","total":"21805"}},{"@attributes":{"industry_code":"W06","industry_name":"Retired","indivs":"21783","pacs":"0","total":"21783"}},{"@attributes":{"industry_code":"B12","industry_name":"Electronics Mfg & Equip","indivs":"2930","pacs":"17500","total":"20430"}},{"@attributes":{"industry_code":"P04","industry_name":"Public Sector Unions","indivs":"0","pacs":"17000","total":"17000"}},{"@attributes":{"industry_code":"A01","industry_name":"Crop Production & Basic Processing","indivs":"2126","pacs":"14000","total":"16126"}},{"@attributes":{"industry_code":"N03","industry_name":"Retail Sales","indivs":"1543","pacs":"13500","total":"15043"}},{"@attributes":{"industry_code":"F09","industry_name":"Insurance","indivs":"1025","pacs":"13500","total":"14525"}},{"@attributes":{"industry_code":"D01","industry_name":"Defense Aerospace","indivs":"0","pacs":"14000","total":"14000"}}]}}}