{"id":"B001295","title":"Representative","short_title":"Rep.","api_uri":"https://api.propublica.org/congress/v1/members/B001295.json","first_name":"Mike","middle_name":null,"last_name":"Bost","suffix":null,"date_of_birth":"1960-12-30","gender":"M","party":"R","leadership_role":null,"twitter_account":"RepBost","facebook_account":"RepBost","youtube_account":null,"govtrack_id":"412629","cspan_id":"76176","votesmart_id":"6302","icpsr_id":"21519","crp_id":"N00035420","google_entity_id":"/m/0kry42","fec_candidate_id":"H4IL12060","url":"https://bost.house.gov","rss_url":"https://bost.house.gov/rss.xml","contact_form":null,"in_office":true,"dw_nominate":0.262,"ideal_point":null,"seniority":"4","next_election":"2018","total_votes":841,"missed_votes":4,"total_present":0,"ocd_id":"ocd-division/country:us/state:il/cd:12","office":"1440 Longworth House Office Building","phone":"202-225-5661","fax":"202-225-0285","state":"IL","district":"12","at_large":false,"geoid":"1712","missed_votes_pct":0.48,"votes_with_party_pct":91.76}