{"id":"B001299","title":"Representative","short_title":"Rep.","api_uri":"https://api.propublica.org/congress/v1/members/B001299.json","first_name":"Jim","middle_name":null,"last_name":"Banks","suffix":null,"date_of_birth":"1979-07-16","gender":"M","party":"R","leadership_role":null,"twitter_account":"RepJimBanks","facebook_account":"RepJimBanks","youtube_account":null,"govtrack_id":"412702","cspan_id":"89806","votesmart_id":"116801","icpsr_id":"21702","crp_id":"N00037185","google_entity_id":"/m/0j621nj","fec_candidate_id":"H6IN03229","url":"https://banks.house.gov","rss_url":null,"contact_form":null,"in_office":true,"dw_nominate":0.668,"ideal_point":null,"seniority":"2","next_election":"2018","total_votes":841,"missed_votes":2,"total_present":0,"ocd_id":"ocd-division/country:us/state:in/cd:3","office":"509 Cannon House Office Building","phone":"202-225-4436","fax":null,"state":"IN","district":"3","at_large":false,"geoid":"1803","missed_votes_pct":0.24,"votes_with_party_pct":97.5,"response":{"industries":{"@attributes":{"cand_name":"Jim Banks (R)","cid":"N00037185","cycle":"2016","origin":"Center for Responsive Politics","source":"https://www.opensecrets.org/members-of-congress/industries?cid=N00037185&cycle=2016","last_updated":"11/27/2017"},"industry":[{"@attributes":{"industry_code":"Q01","industry_name":"Republican/Conservative","indivs":"297108","pacs":"42098","total":"339206"}},{"@attributes":{"industry_code":"Q03","industry_name":"Leadership PACs","indivs":"15275","pacs":"79700","total":"94975"}},{"@attributes":{"industry_code":"W06","industry_name":"Retired","indivs":"68073","pacs":"0","total":"68073"}},{"@attributes":{"industry_code":"Q11","industry_name":"Environment","indivs":"57650","pacs":"0","total":"57650"}},{"@attributes":{"industry_code":"F10","industry_name":"Real Estate","indivs":"29685","pacs":"13700","total":"43385"}},{"@attributes":{"industry_code":"H01","industry_name":"Health Professionals","indivs":"18400","pacs":"22000","total":"40400"}},{"@attributes":{"industry_code":"E01","industry_name":"Oil & Gas","indivs":"12935","pacs":"20000","total":"32935"}},{"@attributes":{"industry_code":"N01","industry_name":"Food & Beverage","indivs":"19900","pacs":"1000","total":"20900"}},{"@attributes":{"industry_code":"Q08","industry_name":"Women's Issues","indivs":"18750","pacs":"0","total":"18750"}},{"@attributes":{"industry_code":"C02","industry_name":"Home Builders","indivs":"13500","pacs":"5000","total":"18500"}},{"@attributes":{"industry_code":"Q16","industry_name":"Candidate Committees","indivs":"1000","pacs":"17500","total":"18500"}}]}}}