{"id":"B001289","title":"Representative","short_title":"Rep.","api_uri":"https://api.propublica.org/congress/v1/members/B001289.json","first_name":"Bradley","middle_name":null,"last_name":"Byrne","suffix":null,"date_of_birth":"1955-02-16","gender":"M","party":"R","leadership_role":null,"twitter_account":"RepByrne","facebook_account":"RepByrne","youtube_account":null,"govtrack_id":"412601","cspan_id":"73486","votesmart_id":"27584","icpsr_id":"21376","crp_id":"N00035380","google_entity_id":"/m/09g6kty","fec_candidate_id":"H4AL01123","url":"https://byrne.house.gov","rss_url":"https://byrne.house.gov/rss.xml","contact_form":null,"in_office":true,"dw_nominate":0.539,"ideal_point":null,"seniority":"6","next_election":"2018","total_votes":841,"missed_votes":8,"total_present":0,"ocd_id":"ocd-division/country:us/state:al/cd:1","office":"119 Cannon House Office Building","phone":"202-225-4931","fax":"202-225-0562","state":"AL","district":"1","at_large":false,"geoid":"0101","missed_votes_pct":0.95,"votes_with_party_pct":97.96}