{"id":"B001291","title":"Representative","short_title":"Rep.","api_uri":"https://api.propublica.org/congress/v1/members/B001291.json","first_name":"Brian","middle_name":null,"last_name":"Babin","suffix":null,"date_of_birth":"1948-03-23","gender":"M","party":"R","leadership_role":null,"twitter_account":"RepBrianBabin","facebook_account":"RepBrianBabin","youtube_account":null,"govtrack_id":"412655","cspan_id":"44883","votesmart_id":"360","icpsr_id":"21551","crp_id":"N00005736","google_entity_id":"/m/010qgj35","fec_candidate_id":"H6TX02079","url":"https://babin.house.gov","rss_url":null,"contact_form":null,"in_office":true,"dw_nominate":0.717,"ideal_point":null,"seniority":"4","next_election":"2018","total_votes":841,"missed_votes":15,"total_present":0,"ocd_id":"ocd-division/country:us/state:tx/cd:36","office":"316 Cannon House Office Building","phone":"202-225-1555","fax":"202-226-0396","state":"TX","district":"36","at_large":false,"geoid":"4836","missed_votes_pct":1.78,"votes_with_party_pct":95.28,"response":{"industries":{"@attributes":{"cand_name":"Brian Babin (R)","cid":"N00005736","cycle":"2016","origin":"Center for Responsive Politics","source":"https://www.opensecrets.org/members-of-congress/industries?cid=N00005736&cycle=2016","last_updated":"11/27/2017"},"industry":[{"@attributes":{"industry_code":"H01","industry_name":"Health Professionals","indivs":"115790","pacs":"84500","total":"200290"}},{"@attributes":{"industry_code":"M01","industry_name":"Air Transport","indivs":"8200","pacs":"52750","total":"60950"}},{"@attributes":{"industry_code":"W06","industry_name":"Retired","indivs":"52747","pacs":"0","total":"52747"}},{"@attributes":{"industry_code":"E01","industry_name":"Oil & Gas","indivs":"10950","pacs":"40700","total":"51650"}},{"@attributes":{"industry_code":"C04","industry_name":"Construction Services","indivs":"19357","pacs":"18000","total":"37357"}},{"@attributes":{"industry_code":"M04","industry_name":"Railroads","indivs":"500","pacs":"34999","total":"35499"}},{"@attributes":{"industry_code":"N13","industry_name":"Chemical & Related Manufacturing","indivs":"500","pacs":"32700","total":"33200"}},{"@attributes":{"industry_code":"F10","industry_name":"Real Estate","indivs":"21375","pacs":"11500","total":"32875"}},{"@attributes":{"industry_code":"K01","industry_name":"Lawyers/Law Firms","indivs":"20950","pacs":"10750","total":"31700"}},{"@attributes":{"industry_code":"M02","industry_name":"Automotive","indivs":"7300","pacs":"23000","total":"30300"}}]}}}