{"id":"B001245","title":"Delegate","short_title":"Del.","api_uri":"https://api.propublica.org/congress/v1/members/B001245.json","first_name":"Madeleine","middle_name":"Z.","last_name":"Bordallo","suffix":null,"date_of_birth":"1933-05-31","gender":"F","party":"D","leadership_role":null,"twitter_account":null,"facebook_account":"madeleine.bordallo","youtube_account":null,"govtrack_id":"400041","cspan_id":"1003568","votesmart_id":"1751","icpsr_id":null,"crp_id":"N00024866","google_entity_id":"/m/01s_xp","fec_candidate_id":"H2GU00033","url":"https://bordallo.house.gov","rss_url":null,"contact_form":"https://bordallo.house.gov/contact","in_office":true,"dw_nominate":null,"ideal_point":null,"seniority":"16","next_election":"2018","total_votes":0,"missed_votes":null,"total_present":null,"ocd_id":"ocd-division/country:us/state:gu/cd:79","office":"2441 Rayburn House Office Building","phone":"202-225-1188","fax":"202-226-0341","state":"GU","district":"At-Large","at_large":true,"geoid":"6698","response":{"industries":{"@attributes":{"cand_name":"Madeleine Z Bordallo (D)","cid":"N00024866","cycle":"2016","origin":"Center for Responsive Politics","source":"https://www.opensecrets.org/members-of-congress/industries?cid=N00024866&cycle=2016","last_updated":"11/27/2017"},"industry":[{"@attributes":{"industry_code":"N03","industry_name":"Retail Sales","indivs":"12800","pacs":"0","total":"12800"}},{"@attributes":{"industry_code":"D01","industry_name":"Defense Aerospace","indivs":"0","pacs":"12000","total":"12000"}},{"@attributes":{"industry_code":"F10","industry_name":"Real Estate","indivs":"5450","pacs":"3000","total":"8450"}},{"@attributes":{"industry_code":"P03","industry_name":"Transportation Unions","indivs":"0","pacs":"7000","total":"7000"}},{"@attributes":{"industry_code":"D02","industry_name":"Defense Electronics","indivs":"1000","pacs":"6000","total":"7000"}},{"@attributes":{"industry_code":"D03","industry_name":"Misc Defense","indivs":"6000","pacs":"500","total":"6500"}},{"@attributes":{"industry_code":"W06","industry_name":"Retired","indivs":"6260","pacs":"0","total":"6260"}},{"@attributes":{"industry_code":"F03","industry_name":"Commercial Banks","indivs":"5350","pacs":"0","total":"5350"}},{"@attributes":{"industry_code":"A09","industry_name":"Food Processing & Sales","indivs":"5050","pacs":"0","total":"5050"}},{"@attributes":{"industry_code":"M05","industry_name":"Sea Transport","indivs":"500","pacs":"4500","total":"5000"}},{"@attributes":{"industry_code":"Q09","industry_name":"Human Rights","indivs":"0","pacs":"5000","total":"5000"}}]}}}