{"id":"B001248","title":"Representative","short_title":"Rep.","api_uri":"https://api.propublica.org/congress/v1/members/B001248.json","first_name":"Michael","middle_name":"C.","last_name":"Burgess","suffix":null,"date_of_birth":"1950-12-23","gender":"M","party":"R","leadership_role":null,"twitter_account":"MichaelCBurgess","facebook_account":"michaelcburgess","youtube_account":"michaelcburgessmd","govtrack_id":"400052","cspan_id":"1003620","votesmart_id":"50120","icpsr_id":"20355","crp_id":"N00025219","google_entity_id":"/m/03tq8_","fec_candidate_id":"H2TX26093","url":"https://burgess.house.gov","rss_url":"https://burgess.house.gov/news/rss.aspx","contact_form":null,"in_office":true,"dw_nominate":0.57,"ideal_point":null,"seniority":"16","next_election":"2018","total_votes":841,"missed_votes":19,"total_present":0,"ocd_id":"ocd-division/country:us/state:tx/cd:26","office":"2336 Rayburn House Office Building","phone":"202-225-7772","fax":"202-225-2919","state":"TX","district":"26","at_large":false,"geoid":"4826","missed_votes_pct":2.26,"votes_with_party_pct":94.04}