{"id":"B001285","title":"Representative","short_title":"Rep.","api_uri":"https://api.propublica.org/congress/v1/members/B001285.json","first_name":"Julia","middle_name":null,"last_name":"Brownley","suffix":null,"date_of_birth":"1952-08-28","gender":"F","party":"D","leadership_role":null,"twitter_account":"JuliaBrownley26","facebook_account":"RepJuliaBrownley","youtube_account":"RepJuliaBrownley","govtrack_id":"412516","cspan_id":"79783","votesmart_id":"59904","icpsr_id":"21308","crp_id":"N00034254","google_entity_id":"/m/027z42z","fec_candidate_id":"H2CA00120","url":"https://juliabrownley.house.gov","rss_url":"https://juliabrownley.house.gov/category/press-releases/feed/","contact_form":null,"in_office":true,"dw_nominate":-0.279,"ideal_point":null,"seniority":"6","next_election":"2018","total_votes":841,"missed_votes":19,"total_present":0,"ocd_id":"ocd-division/country:us/state:ca/cd:26","office":"1019 Longworth House Office Building","phone":"202-225-5811","fax":"202-225-1100","state":"CA","district":"26","at_large":false,"geoid":"0626","missed_votes_pct":2.26,"votes_with_party_pct":93.55,"response":{"industries":{"@attributes":{"cand_name":"Julia Brownley (D)","cid":"N00034254","cycle":"2012","origin":"Center for Responsive Politics","source":"https://www.opensecrets.org/members-of-congress/industries?cid=N00034254&cycle=2012","last_updated":"03/25/2013"},"industry":[{"@attributes":{"industry_code":"W06","industry_name":"Retired","indivs":"218745","pacs":"0","total":"218745"}},{"@attributes":{"industry_code":"Q08","industry_name":"Women's Issues","indivs":"183555","pacs":"24250","total":"207805"}},{"@attributes":{"industry_code":"K01","industry_name":"Lawyers/Law Firms","indivs":"105065","pacs":"11000","total":"116065"}},{"@attributes":{"industry_code":"Q03","industry_name":"Leadership PACs","indivs":"0","pacs":"89001","total":"89001"}},{"@attributes":{"industry_code":"P04","industry_name":"Public Sector Unions","indivs":"0","pacs":"70000","total":"70000"}},{"@attributes":{"industry_code":"Q02","industry_name":"Democratic/Liberal","indivs":"41960","pacs":"23800","total":"65760"}},{"@attributes":{"industry_code":"Q16","industry_name":"Candidate Committees","indivs":"0","pacs":"62500","total":"62500"}},{"@attributes":{"industry_code":"W04","industry_name":"Education","indivs":"39609","pacs":"0","total":"39609"}},{"@attributes":{"industry_code":"P01","industry_name":"Building Trade Unions","indivs":"0","pacs":"39500","total":"39500"}},{"@attributes":{"industry_code":"P02","industry_name":"Industrial Unions","indivs":"0","pacs":"36000","total":"36000"}}]}}}