{"id":"B001294","title":"Representative","short_title":"Rep.","api_uri":"https://api.propublica.org/congress/v1/members/B001294.json","first_name":"Rod","middle_name":null,"last_name":"Blum","suffix":null,"date_of_birth":"1955-04-26","gender":"M","party":"R","leadership_role":null,"twitter_account":"RepRodBlum","facebook_account":"congressmanrodblum","youtube_account":null,"govtrack_id":"412627","cspan_id":"623771","votesmart_id":"135714","icpsr_id":"21520","crp_id":"N00033744","google_entity_id":"/m/0127p02j","fec_candidate_id":"H2IA01055","url":"https://blum.house.gov","rss_url":null,"contact_form":null,"in_office":true,"dw_nominate":0.52,"ideal_point":null,"seniority":"4","next_election":"2018","total_votes":841,"missed_votes":17,"total_present":1,"ocd_id":"ocd-division/country:us/state:ia/cd:1","office":"1108 Longworth House Office Building","phone":"202-225-2911","fax":null,"state":"IA","district":"1","at_large":false,"geoid":"1901","missed_votes_pct":2.02,"votes_with_party_pct":89.93,"response":{"industries":{"@attributes":{"cand_name":"Rod Blum (R)","cid":"N00033744","cycle":"2014","origin":"Center for Responsive Politics","source":"https://www.opensecrets.org/members-of-congress/industries?cid=N00033744&cycle=2014","last_updated":"02/27/2017"},"industry":[{"@attributes":{"industry_code":"Q03","industry_name":"Leadership PACs","indivs":"0","pacs":"93700","total":"93700"}},{"@attributes":{"industry_code":"W06","industry_name":"Retired","indivs":"71831","pacs":"0","total":"71831"}},{"@attributes":{"industry_code":"F10","industry_name":"Real Estate","indivs":"35637","pacs":"5000","total":"40637"}},{"@attributes":{"industry_code":"Q01","industry_name":"Republican/Conservative","indivs":"13320","pacs":"22000","total":"35320"}},{"@attributes":{"industry_code":"C01","industry_name":"General Contractors","indivs":"19350","pacs":"8000","total":"27350"}},{"@attributes":{"industry_code":"M03","industry_name":"Trucking","indivs":"25300","pacs":"0","total":"25300"}},{"@attributes":{"industry_code":"F03","industry_name":"Commercial Banks","indivs":"17849","pacs":"6000","total":"23849"}},{"@attributes":{"industry_code":"A01","industry_name":"Crop Production & Basic Processing","indivs":"20880","pacs":"2000","total":"22880"}},{"@attributes":{"industry_code":"F09","industry_name":"Insurance","indivs":"19050","pacs":"0","total":"19050"}},{"@attributes":{"industry_code":"C05","industry_name":"Building Materials & Equipment","indivs":"19000","pacs":"0","total":"19000"}}]}}}