{"id":"B001286","title":"Representative","short_title":"Rep.","api_uri":"https://api.propublica.org/congress/v1/members/B001286.json","first_name":"Cheri","middle_name":null,"last_name":"Bustos","suffix":null,"date_of_birth":"1961-10-17","gender":"F","party":"D","leadership_role":null,"twitter_account":"RepCheri","facebook_account":"RepCheri","youtube_account":"RepCheri","govtrack_id":"412537","cspan_id":"63949","votesmart_id":"134964","icpsr_id":"21329","crp_id":"N00033390","google_entity_id":"/m/0jwwtrm","fec_candidate_id":"H2IL17071","url":"https://bustos.house.gov","rss_url":"https://bustos.house.gov/category/press-release/feed/","contact_form":null,"in_office":true,"dw_nominate":-0.238,"ideal_point":null,"seniority":"6","next_election":"2018","total_votes":841,"missed_votes":5,"total_present":0,"ocd_id":"ocd-division/country:us/state:il/cd:17","office":"1009 Longworth House Office Building","phone":"202-225-5905","fax":"309-786-3720","state":"IL","district":"17","at_large":false,"geoid":"1717","missed_votes_pct":0.59,"votes_with_party_pct":91.39,"response":{"industries":{"@attributes":{"cand_name":"Cheri Bustos (D)","cid":"N00033390","cycle":"2014","origin":"Center for Responsive Politics","source":"https://www.opensecrets.org/members-of-congress/industries?cid=N00033390&cycle=2014","last_updated":"02/27/2017"},"industry":[{"@attributes":{"industry_code":"Q03","industry_name":"Leadership PACs","indivs":"14100","pacs":"224543","total":"238643"}},{"@attributes":{"industry_code":"K01","industry_name":"Lawyers/Law Firms","indivs":"148314","pacs":"27000","total":"175314"}},{"@attributes":{"industry_code":"Q08","industry_name":"Women's Issues","indivs":"100360","pacs":"24500","total":"124860"}},{"@attributes":{"industry_code":"W06","industry_name":"Retired","indivs":"117507","pacs":"0","total":"117507"}},{"@attributes":{"industry_code":"Q16","industry_name":"Candidate Committees","indivs":"0","pacs":"89000","total":"89000"}},{"@attributes":{"industry_code":"Q05","industry_name":"Pro-Israel","indivs":"71753","pacs":"10797","total":"82550"}},{"@attributes":{"industry_code":"P03","industry_name":"Transportation Unions","indivs":"0","pacs":"82000","total":"82000"}},{"@attributes":{"industry_code":"F07","industry_name":"Securities & Investment","indivs":"47922","pacs":"29000","total":"76922"}},{"@attributes":{"industry_code":"P01","industry_name":"Building Trade Unions","indivs":"800","pacs":"73900","total":"74700"}},{"@attributes":{"industry_code":"M01","industry_name":"Air Transport","indivs":"1550","pacs":"70498","total":"72048"}}]}}}