{"id":"B001298","title":"Representative","short_title":"Rep.","api_uri":"https://api.propublica.org/congress/v1/members/B001298.json","first_name":"Don","middle_name":null,"last_name":"Bacon","suffix":null,"date_of_birth":"1963-08-16","gender":"M","party":"R","leadership_role":null,"twitter_account":"RepDonBacon","facebook_account":null,"youtube_account":null,"govtrack_id":"412713","cspan_id":"103442","votesmart_id":"166299","icpsr_id":"21701","crp_id":"N00037049","google_entity_id":"/m/01311t71","fec_candidate_id":"H6NE02125","url":"https://bacon.house.gov","rss_url":"https://bacon.house.gov/rss.xml","contact_form":null,"in_office":true,"dw_nominate":0.442,"ideal_point":null,"seniority":"2","next_election":"2018","total_votes":841,"missed_votes":1,"total_present":0,"ocd_id":"ocd-division/country:us/state:ne/cd:2","office":"1516 Longworth House Office Building","phone":"202-225-4155","fax":null,"state":"NE","district":"2","at_large":false,"geoid":"3102","missed_votes_pct":0.12,"votes_with_party_pct":96.07}