{"id":"B001291","title":"Representative","short_title":"Rep.","api_uri":"https://api.propublica.org/congress/v1/members/B001291.json","first_name":"Brian","middle_name":null,"last_name":"Babin","suffix":null,"date_of_birth":"1948-03-23","gender":"M","party":"R","leadership_role":null,"twitter_account":"RepBrianBabin","facebook_account":"RepBrianBabin","youtube_account":null,"govtrack_id":"412655","cspan_id":"44883","votesmart_id":"360","icpsr_id":"21551","crp_id":"N00005736","google_entity_id":"/m/010qgj35","fec_candidate_id":"H6TX02079","url":"https://babin.house.gov","rss_url":null,"contact_form":null,"in_office":true,"dw_nominate":0.717,"ideal_point":null,"seniority":"4","next_election":"2018","total_votes":841,"missed_votes":15,"total_present":0,"ocd_id":"ocd-division/country:us/state:tx/cd:36","office":"316 Cannon House Office Building","phone":"202-225-1555","fax":"202-226-0396","state":"TX","district":"36","at_large":false,"geoid":"4836","missed_votes_pct":1.78,"votes_with_party_pct":95.28,"response":{"industries":{"@attributes":{"cand_name":"Brian Babin (R)","cid":"N00005736","cycle":"2014","origin":"Center for Responsive Politics","source":"https://www.opensecrets.org/members-of-congress/industries?cid=N00005736&cycle=2014","last_updated":"02/27/2017"},"industry":[{"@attributes":{"industry_code":"H01","industry_name":"Health Professionals","indivs":"102826","pacs":"79500","total":"182326"}},{"@attributes":{"industry_code":"Q03","industry_name":"Leadership PACs","indivs":"0","pacs":"78076","total":"78076"}},{"@attributes":{"industry_code":"F03","industry_name":"Commercial Banks","indivs":"39450","pacs":"6750","total":"46200"}},{"@attributes":{"industry_code":"W06","industry_name":"Retired","indivs":"43150","pacs":"0","total":"43150"}},{"@attributes":{"industry_code":"E01","industry_name":"Oil & Gas","indivs":"13050","pacs":"25500","total":"38550"}},{"@attributes":{"industry_code":"F10","industry_name":"Real Estate","indivs":"21550","pacs":"11000","total":"32550"}},{"@attributes":{"industry_code":"N01","industry_name":"Food & Beverage","indivs":"24600","pacs":"2500","total":"27100"}},{"@attributes":{"industry_code":"Q16","industry_name":"Candidate Committees","indivs":"0","pacs":"26000","total":"26000"}},{"@attributes":{"industry_code":"K01","industry_name":"Lawyers/Law Firms","indivs":"21800","pacs":"3552","total":"25352"}},{"@attributes":{"industry_code":"C01","industry_name":"General Contractors","indivs":"18000","pacs":"5000","total":"23000"}}]}}}