{"id":"B001291","title":"Representative","short_title":"Rep.","api_uri":"https://api.propublica.org/congress/v1/members/B001291.json","first_name":"Brian","middle_name":null,"last_name":"Babin","suffix":null,"date_of_birth":"1948-03-23","gender":"M","party":"R","leadership_role":null,"twitter_account":"RepBrianBabin","facebook_account":"RepBrianBabin","youtube_account":null,"govtrack_id":"412655","cspan_id":"44883","votesmart_id":"360","icpsr_id":"21551","crp_id":"N00005736","google_entity_id":"/m/010qgj35","fec_candidate_id":"H6TX02079","url":"https://babin.house.gov","rss_url":null,"contact_form":null,"in_office":true,"dw_nominate":0.717,"ideal_point":null,"seniority":"4","next_election":"2018","total_votes":841,"missed_votes":15,"total_present":0,"ocd_id":"ocd-division/country:us/state:tx/cd:36","office":"316 Cannon House Office Building","phone":"202-225-1555","fax":"202-226-0396","state":"TX","district":"36","at_large":false,"geoid":"4836","missed_votes_pct":1.78,"votes_with_party_pct":95.28,"response":{"industries":{"@attributes":{"cand_name":"Brian Babin (R)","cid":"N00005736","cycle":"2018","origin":"Center for Responsive Politics","source":"https://www.opensecrets.org/members-of-congress/industries?cid=N00005736&cycle=2018","last_updated":"03/26/2018"},"industry":[{"@attributes":{"industry_code":"H01","industry_name":"Health Professionals","indivs":"42141","pacs":"54000","total":"96141"}},{"@attributes":{"industry_code":"M01","industry_name":"Air Transport","indivs":"1000","pacs":"52500","total":"53500"}},{"@attributes":{"industry_code":"E01","industry_name":"Oil & Gas","indivs":"20450","pacs":"14000","total":"34450"}},{"@attributes":{"industry_code":"N13","industry_name":"Chemical & Related Manufacturing","indivs":"0","pacs":"34000","total":"34000"}},{"@attributes":{"industry_code":"W06","industry_name":"Retired","indivs":"33900","pacs":"0","total":"33900"}},{"@attributes":{"industry_code":"K01","industry_name":"Lawyers/Law Firms","indivs":"13550","pacs":"6000","total":"19550"}},{"@attributes":{"industry_code":"C04","industry_name":"Construction Services","indivs":"11300","pacs":"8000","total":"19300"}},{"@attributes":{"industry_code":"A01","industry_name":"Crop Production & Basic Processing","indivs":"1000","pacs":"14000","total":"15000"}},{"@attributes":{"industry_code":"C01","industry_name":"General Contractors","indivs":"7900","pacs":"6500","total":"14400"}},{"@attributes":{"industry_code":"F10","industry_name":"Real Estate","indivs":"9750","pacs":"4500","total":"14250"}}]}}}