{"id":"B001270","title":"Representative","short_title":"Rep.","api_uri":"https://api.propublica.org/congress/v1/members/B001270.json","first_name":"Karen","middle_name":null,"last_name":"Bass","suffix":null,"date_of_birth":"1953-10-03","gender":"F","party":"D","leadership_role":null,"twitter_account":"RepKarenBass","facebook_account":"RepKarenBass","youtube_account":"RepKarenBass","govtrack_id":"412404","cspan_id":"62502","votesmart_id":"28963","icpsr_id":"21110","crp_id":"N00031877","google_entity_id":"/m/027g9m6","fec_candidate_id":"H0CA33117","url":"https://bass.house.gov","rss_url":"https://bass.house.gov/rss.xml","contact_form":null,"in_office":true,"dw_nominate":-0.57,"ideal_point":null,"seniority":"8","next_election":"2018","total_votes":841,"missed_votes":59,"total_present":0,"ocd_id":"ocd-division/country:us/state:ca/cd:37","office":"2241 Rayburn House Office Building","phone":"202-225-7084","fax":"202-225-2422","state":"CA","district":"37","at_large":false,"geoid":"0637","missed_votes_pct":7.02,"votes_with_party_pct":93.86}