{"id":"B001287","title":"Representative","short_title":"Rep.","api_uri":"https://api.propublica.org/congress/v1/members/B001287.json","first_name":"Ami","middle_name":null,"last_name":"Bera","suffix":null,"date_of_birth":"1965-03-02","gender":"M","party":"D","leadership_role":null,"twitter_account":"RepBera","facebook_account":"RepAmiBera","youtube_account":"repamibera","govtrack_id":"412512","cspan_id":"1033636","votesmart_id":"120030","icpsr_id":"21304","crp_id":"N00030717","google_entity_id":"/m/0dgqnts","fec_candidate_id":"H0CA03078","url":"https://bera.house.gov","rss_url":"https://bera.house.gov/rss.xml","contact_form":null,"in_office":true,"dw_nominate":-0.225,"ideal_point":null,"seniority":"6","next_election":"2018","total_votes":841,"missed_votes":1,"total_present":0,"ocd_id":"ocd-division/country:us/state:ca/cd:7","office":"1431 Longworth House Office Building","phone":"202-225-5716","fax":"202-226-1298","state":"CA","district":"7","at_large":false,"geoid":"0607","missed_votes_pct":0.12,"votes_with_party_pct":90,"response":{"industries":{"@attributes":{"cand_name":"Ami Bera (D)","cid":"N00030717","cycle":"2012","origin":"Center for Responsive Politics","source":"https://www.opensecrets.org/members-of-congress/industries?cid=N00030717&cycle=2012","last_updated":"03/25/2013"},"industry":[{"@attributes":{"industry_code":"W06","industry_name":"Retired","indivs":"320647","pacs":"0","total":"320647"}},{"@attributes":{"industry_code":"H01","industry_name":"Health Professionals","indivs":"94800","pacs":"153499","total":"248299"}},{"@attributes":{"industry_code":"K01","industry_name":"Lawyers/Law Firms","indivs":"127920","pacs":"10000","total":"137920"}},{"@attributes":{"industry_code":"W04","industry_name":"Education","indivs":"114903","pacs":"0","total":"114903"}},{"@attributes":{"industry_code":"Q03","industry_name":"Leadership PACs","indivs":"0","pacs":"99000","total":"99000"}},{"@attributes":{"industry_code":"Q02","industry_name":"Democratic/Liberal","indivs":"67465","pacs":"20370","total":"87835"}},{"@attributes":{"industry_code":"P04","industry_name":"Public Sector Unions","indivs":"250","pacs":"78300","total":"78550"}},{"@attributes":{"industry_code":"P01","industry_name":"Building Trade Unions","indivs":"500","pacs":"67500","total":"68000"}},{"@attributes":{"industry_code":"B12","industry_name":"Computers/Internet","indivs":"65150","pacs":"1000","total":"66150"}},{"@attributes":{"industry_code":"Q16","industry_name":"Candidate Committees","indivs":"0","pacs":"57500","total":"57500"}}]}}}