{"id":"B001290","title":"Representative","short_title":"Rep.","api_uri":"https://api.propublica.org/congress/v1/members/B001290.json","first_name":"David","middle_name":"A.","last_name":"Brat","suffix":null,"date_of_birth":"1964-07-27","gender":"M","party":"R","leadership_role":null,"twitter_account":"RepDaveBrat","facebook_account":"RepDaveBrat","youtube_account":null,"govtrack_id":"412605","cspan_id":"75248","votesmart_id":"152270","icpsr_id":"21553","crp_id":"N00036013","google_entity_id":"/m/010qykqw","fec_candidate_id":"H4VA07143","url":"https://brat.house.gov","rss_url":null,"contact_form":null,"in_office":true,"dw_nominate":0.843,"ideal_point":null,"seniority":"6","next_election":"2018","total_votes":841,"missed_votes":11,"total_present":0,"ocd_id":"ocd-division/country:us/state:va/cd:7","office":"1628 Longworth House Office Building","phone":"202-225-2815","fax":null,"state":"VA","district":"7","at_large":false,"geoid":"5107","missed_votes_pct":1.31,"votes_with_party_pct":95.54,"response":{"industries":{"@attributes":{"cand_name":"Dave Brat (R)","cid":"N00036013","cycle":"2014","origin":"Center for Responsive Politics","source":"https://www.opensecrets.org/members-of-congress/industries?cid=N00036013&cycle=2014","last_updated":"02/27/2017"},"industry":[{"@attributes":{"industry_code":"W06","industry_name":"Retired","indivs":"190307","pacs":"0","total":"190307"}},{"@attributes":{"industry_code":"Q01","industry_name":"Republican/Conservative","indivs":"68122","pacs":"23845","total":"91967"}},{"@attributes":{"industry_code":"Q03","industry_name":"Leadership PACs","indivs":"0","pacs":"63600","total":"63600"}},{"@attributes":{"industry_code":"F10","industry_name":"Real Estate","indivs":"46300","pacs":"0","total":"46300"}},{"@attributes":{"industry_code":"F07","industry_name":"Securities & Investment","indivs":"23880","pacs":"0","total":"23880"}},{"@attributes":{"industry_code":"K01","industry_name":"Lawyers/Law Firms","indivs":"22500","pacs":"1360","total":"23860"}},{"@attributes":{"industry_code":"E01","industry_name":"Oil & Gas","indivs":"13750","pacs":"8500","total":"22250"}},{"@attributes":{"industry_code":"A02","industry_name":"Tobacco","indivs":"5850","pacs":"12250","total":"18100"}},{"@attributes":{"industry_code":"H01","industry_name":"Health Professionals","indivs":"15400","pacs":"2500","total":"17900"}},{"@attributes":{"industry_code":"C01","industry_name":"General Contractors","indivs":"10756","pacs":"4000","total":"14756"}}]}}}