{"id":"B001303","title":"Representative","short_title":"Rep.","api_uri":"https://api.propublica.org/congress/v1/members/B001303.json","first_name":"Lisa","middle_name":null,"last_name":"Blunt Rochester","suffix":null,"date_of_birth":"1962-02-10","gender":"F","party":"D","leadership_role":null,"twitter_account":"RepBRochester","facebook_account":"Rep.BluntRochester","youtube_account":null,"govtrack_id":"412689","cspan_id":"104772","votesmart_id":"173249","icpsr_id":"21706","crp_id":"N00038414","google_entity_id":"/g/11c328y56v","fec_candidate_id":"H6DE00206","url":"https://bluntrochester.house.gov","rss_url":null,"contact_form":null,"in_office":true,"dw_nominate":-0.368,"ideal_point":null,"seniority":"2","next_election":"2018","total_votes":841,"missed_votes":13,"total_present":0,"ocd_id":"ocd-division/country:us/state:de/cd:1","office":"1123 Longworth House Office Building","phone":"202-225-4165","fax":null,"state":"DE","district":"At-Large","at_large":true,"geoid":"1000","missed_votes_pct":1.55,"votes_with_party_pct":95.41,"response":{"industries":{"@attributes":{"cand_name":"Lisa Blunt Rochester (D)","cid":"N00038414","cycle":"2018","origin":"Center for Responsive Politics","source":"https://www.opensecrets.org/members-of-congress/industries?cid=N00038414&cycle=2018","last_updated":"03/26/2018"},"industry":[{"@attributes":{"industry_code":"F09","industry_name":"Insurance","indivs":"625","pacs":"32450","total":"33075"}},{"@attributes":{"industry_code":"F07","industry_name":"Securities & Investment","indivs":"3500","pacs":"28000","total":"31500"}},{"@attributes":{"industry_code":"F03","industry_name":"Commercial Banks","indivs":"2035","pacs":"29000","total":"31035"}},{"@attributes":{"industry_code":"P01","industry_name":"Building Trade Unions","indivs":"0","pacs":"27000","total":"27000"}},{"@attributes":{"industry_code":"Q03","industry_name":"Leadership PACs","indivs":"0","pacs":"25000","total":"25000"}},{"@attributes":{"industry_code":"P02","industry_name":"Industrial Unions","indivs":"0","pacs":"22000","total":"22000"}},{"@attributes":{"industry_code":"P04","industry_name":"Public Sector Unions","indivs":"0","pacs":"20500","total":"20500"}},{"@attributes":{"industry_code":"A07","industry_name":"Agricultural Services/Products","indivs":"0","pacs":"18500","total":"18500"}},{"@attributes":{"industry_code":"K01","industry_name":"Lawyers/Law Firms","indivs":"10012","pacs":"6500","total":"16512"}},{"@attributes":{"industry_code":"F11","industry_name":"Accountants","indivs":"50","pacs":"13500","total":"13550"}}]}}}