{"id":"B001251","title":"Representative","short_title":"Rep.","api_uri":"https://api.propublica.org/congress/v1/members/B001251.json","first_name":"G.","middle_name":"K.","last_name":"Butterfield","suffix":null,"date_of_birth":"1947-04-27","gender":"M","party":"D","leadership_role":null,"twitter_account":"GKButterfield","facebook_account":"congressmangkbutterfield","youtube_account":"GKBNC01","govtrack_id":"400616","cspan_id":"1013540","votesmart_id":"41077","icpsr_id":"20340","crp_id":"N00027035","google_entity_id":"/m/03g_pq","fec_candidate_id":"H4NC01046","url":"https://butterfield.house.gov","rss_url":null,"contact_form":null,"in_office":true,"dw_nominate":-0.404,"ideal_point":null,"seniority":"16","next_election":"2018","total_votes":841,"missed_votes":48,"total_present":0,"ocd_id":"ocd-division/country:us/state:nc/cd:1","office":"2080 Rayburn House Office Building","phone":"202-225-3101","fax":"202-225-3354","state":"NC","district":"1","at_large":false,"geoid":"3701","missed_votes_pct":5.71,"votes_with_party_pct":94.58}