{"id":"B001301","title":"Representative","short_title":"Rep.","api_uri":"https://api.propublica.org/congress/v1/members/B001301.json","first_name":"Jack","middle_name":null,"last_name":"Bergman","suffix":null,"date_of_birth":"1947-02-02","gender":"M","party":"R","leadership_role":null,"twitter_account":"RepJackBergman","facebook_account":"RepJackBergman","youtube_account":null,"govtrack_id":"412709","cspan_id":"1020529","votesmart_id":"170172","icpsr_id":"21704","crp_id":"N00039533","google_entity_id":"/m/05b2l3v","fec_candidate_id":"H6MI01226","url":"https://bergman.house.gov","rss_url":null,"contact_form":null,"in_office":true,"dw_nominate":0.449,"ideal_point":null,"seniority":"2","next_election":"2018","total_votes":841,"missed_votes":5,"total_present":0,"ocd_id":"ocd-division/country:us/state:mi/cd:1","office":"414 Cannon House Office Building","phone":"202-225-4735","fax":null,"state":"MI","district":"1","at_large":false,"geoid":"2601","missed_votes_pct":0.59,"votes_with_party_pct":93.66,"response":{"industries":{"@attributes":{"cand_name":"John Bergman (R)","cid":"N00039533","cycle":"2018","origin":"Center for Responsive Politics","source":"https://www.opensecrets.org/members-of-congress/industries?cid=N00039533&cycle=2018","last_updated":"03/26/2018"},"industry":[{"@attributes":{"industry_code":"Q03","industry_name":"Leadership PACs","indivs":"0","pacs":"90000","total":"90000"}},{"@attributes":{"industry_code":"F10","industry_name":"Real Estate","indivs":"20300","pacs":"7000","total":"27300"}},{"@attributes":{"industry_code":"Q16","industry_name":"Candidate Committees","indivs":"6284","pacs":"19000","total":"25284"}},{"@attributes":{"industry_code":"N03","industry_name":"Retail Sales","indivs":"24300","pacs":"0","total":"24300"}},{"@attributes":{"industry_code":"H01","industry_name":"Health Professionals","indivs":"7000","pacs":"15500","total":"22500"}},{"@attributes":{"industry_code":"A01","industry_name":"Crop Production & Basic Processing","indivs":"0","pacs":"17500","total":"17500"}},{"@attributes":{"industry_code":"E08","industry_name":"Electric Utilities","indivs":"2750","pacs":"14000","total":"16750"}},{"@attributes":{"industry_code":"W06","industry_name":"Retired","indivs":"15850","pacs":"0","total":"15850"}},{"@attributes":{"industry_code":"D01","industry_name":"Defense Aerospace","indivs":"0","pacs":"15000","total":"15000"}},{"@attributes":{"industry_code":"M02","industry_name":"Automotive","indivs":"6400","pacs":"6500","total":"12900"}}]}}}