{"id":"B001257","title":"Representative","short_title":"Rep.","api_uri":"https://api.propublica.org/congress/v1/members/B001257.json","first_name":"Gus","middle_name":null,"last_name":"Bilirakis","suffix":null,"date_of_birth":"1963-02-08","gender":"M","party":"R","leadership_role":null,"twitter_account":"RepGusBilirakis","facebook_account":"GusBilirakis","youtube_account":"RepGusBilirakis","govtrack_id":"412250","cspan_id":"1022873","votesmart_id":"17318","icpsr_id":"20758","crp_id":"N00027462","google_entity_id":"/m/0dy3z1","fec_candidate_id":"H6FL09070","url":"https://bilirakis.house.gov","rss_url":null,"contact_form":null,"in_office":true,"dw_nominate":0.402,"ideal_point":null,"seniority":"14","next_election":"2018","total_votes":841,"missed_votes":31,"total_present":0,"ocd_id":"ocd-division/country:us/state:fl/cd:12","office":"2112 Rayburn House Office Building","phone":"202-225-5755","fax":"202-225-4085","state":"FL","district":"12","at_large":false,"geoid":"1212","missed_votes_pct":3.69,"votes_with_party_pct":98.52,"response":{"industries":{"@attributes":{"cand_name":"Gus Bilirakis (R)","cid":"N00027462","cycle":"2014","origin":"Center for Responsive Politics","source":"https://www.opensecrets.org/members-of-congress/industries?cid=N00027462&cycle=2014","last_updated":"02/27/2017"},"industry":[{"@attributes":{"industry_code":"H01","industry_name":"Health Professionals","indivs":"46529","pacs":"127500","total":"174029"}},{"@attributes":{"industry_code":"H04","industry_name":"Pharmaceuticals/Health Products","indivs":"2000","pacs":"62850","total":"64850"}},{"@attributes":{"industry_code":"H03","industry_name":"Health Services/HMOs","indivs":"3100","pacs":"50600","total":"53700"}},{"@attributes":{"industry_code":"F10","industry_name":"Real Estate","indivs":"23297","pacs":"19000","total":"42297"}},{"@attributes":{"industry_code":"F09","industry_name":"Insurance","indivs":"3150","pacs":"38000","total":"41150"}},{"@attributes":{"industry_code":"B09","industry_name":"Telecom Services","indivs":"1250","pacs":"36000","total":"37250"}},{"@attributes":{"industry_code":"K02","industry_name":"Lobbyists","indivs":"30485","pacs":"2500","total":"32985"}},{"@attributes":{"industry_code":"E01","industry_name":"Oil & Gas","indivs":"5000","pacs":"27500","total":"32500"}},{"@attributes":{"industry_code":"E08","industry_name":"Electric Utilities","indivs":"0","pacs":"28000","total":"28000"}},{"@attributes":{"industry_code":"N08","industry_name":"Lodging/Tourism","indivs":"1750","pacs":"26000","total":"27750"}}]}}}