{"id":"B001282","title":"Representative","short_title":"Rep.","api_uri":"https://api.propublica.org/congress/v1/members/B001282.json","first_name":"Andy","middle_name":null,"last_name":"Barr","suffix":null,"date_of_birth":"1973-07-24","gender":"M","party":"R","leadership_role":null,"twitter_account":"RepAndyBarr","facebook_account":"RepAndyBarr","youtube_account":"RepAndyBarr","govtrack_id":"412541","cspan_id":"61848","votesmart_id":"117290","icpsr_id":"21333","crp_id":"N00031233","google_entity_id":"/m/0ddc6r6","fec_candidate_id":"H0KY06104","url":"https://barr.house.gov","rss_url":"https://barr.house.gov/rss.xml","contact_form":null,"in_office":true,"dw_nominate":0.486,"ideal_point":null,"seniority":"6","next_election":"2018","total_votes":841,"missed_votes":20,"total_present":0,"ocd_id":"ocd-division/country:us/state:ky/cd:6","office":"1427 Longworth House Office Building","phone":"202-225-4706","fax":null,"state":"KY","district":"6","at_large":false,"geoid":"2106","missed_votes_pct":2.38,"votes_with_party_pct":96.59}