{"id":"B001267","title":"Senator, 3rd Class","short_title":"Sen.","api_uri":"https://api.propublica.org/congress/v1/members/B001267.json","first_name":"Michael","middle_name":null,"last_name":"Bennet","suffix":null,"date_of_birth":"1964-11-28","gender":"M","party":"D","leadership_role":null,"twitter_account":"SenBennetCo","facebook_account":"senbennetco","youtube_account":"SenatorBennet","govtrack_id":"412330","cspan_id":"1031622","votesmart_id":"110942","icpsr_id":"40910","crp_id":"N00030608","google_entity_id":"/m/05b60qf","fec_candidate_id":"S0CO00211","url":"https://www.bennet.senate.gov","rss_url":null,"contact_form":"https://www.bennet.senate.gov/?p=contact","in_office":true,"dw_nominate":-0.209,"ideal_point":null,"seniority":"9","next_election":"2022","total_votes":388,"missed_votes":1,"total_present":1,"ocd_id":"ocd-division/country:us/state:co","office":"261 Russell Senate Office Building","phone":"202-224-5852","fax":"202-228-5097","state":"CO","senate_class":"3","state_rank":"senior","lis_id":"S330","missed_votes_pct":0.26,"votes_with_party_pct":90.96}