{"id":"B001281","title":"Representative","short_title":"Rep.","api_uri":"https://api.propublica.org/congress/v1/members/B001281.json","first_name":"Joyce","middle_name":null,"last_name":"Beatty","suffix":null,"date_of_birth":"1950-03-12","gender":"F","party":"D","leadership_role":null,"twitter_account":"RepBeatty","facebook_account":"RepJoyceBeatty","youtube_account":null,"govtrack_id":"412565","cspan_id":"67294","votesmart_id":"2427","icpsr_id":"21352","crp_id":"N00033904","google_entity_id":"/m/03lcwb","fec_candidate_id":"H2OH03125","url":"https://beatty.house.gov","rss_url":"https://beatty.house.gov/rss.xml","contact_form":null,"in_office":true,"dw_nominate":-0.439,"ideal_point":null,"seniority":"6","next_election":"2018","total_votes":841,"missed_votes":22,"total_present":0,"ocd_id":"ocd-division/country:us/state:oh/cd:3","office":"133 Cannon House Office Building","phone":"202-225-4324","fax":"202-225-1984","state":"OH","district":"3","at_large":false,"geoid":"3903","missed_votes_pct":2.62,"votes_with_party_pct":94.26,"response":{"industries":{"@attributes":{"cand_name":"Joyce Beatty (D)","cid":"N00033904","cycle":"2012","origin":"Center for Responsive Politics","source":"https://www.opensecrets.org/members-of-congress/industries?cid=N00033904&cycle=2012","last_updated":"03/25/2013"},"industry":[{"@attributes":{"industry_code":"K01","industry_name":"Lawyers/Law Firms","indivs":"22700","pacs":"22750","total":"45450"}},{"@attributes":{"industry_code":"F03","industry_name":"Commercial Banks","indivs":"1900","pacs":"37500","total":"39400"}},{"@attributes":{"industry_code":"P04","industry_name":"Public Sector Unions","indivs":"0","pacs":"36000","total":"36000"}},{"@attributes":{"industry_code":"F09","industry_name":"Insurance","indivs":"18750","pacs":"17000","total":"35750"}},{"@attributes":{"industry_code":"N03","industry_name":"Retail Sales","indivs":"7500","pacs":"25750","total":"33250"}},{"@attributes":{"industry_code":"E08","industry_name":"Electric Utilities","indivs":"10250","pacs":"17000","total":"27250"}},{"@attributes":{"industry_code":"W04","industry_name":"Education","indivs":"26900","pacs":"0","total":"26900"}},{"@attributes":{"industry_code":"Q03","industry_name":"Leadership PACs","indivs":"0","pacs":"26208","total":"26208"}},{"@attributes":{"industry_code":"P02","industry_name":"Industrial Unions","indivs":"0","pacs":"26000","total":"26000"}},{"@attributes":{"industry_code":"W06","industry_name":"Retired","indivs":"24100","pacs":"0","total":"24100"}}]}}}