{"id":"B001250","title":"Representative","short_title":"Rep.","api_uri":"https://api.propublica.org/congress/v1/members/B001250.json","first_name":"Rob","middle_name":null,"last_name":"Bishop","suffix":null,"date_of_birth":"1951-07-13","gender":"M","party":"R","leadership_role":null,"twitter_account":"RepRobBishop","facebook_account":"RepRobBishop","youtube_account":"CongressmanBishop","govtrack_id":"400029","cspan_id":"1003621","votesmart_id":"50544","icpsr_id":"20357","crp_id":"N00025292","google_entity_id":"/m/02tn41","fec_candidate_id":"H2UT01094","url":"https://robbishop.house.gov","rss_url":null,"contact_form":null,"in_office":true,"dw_nominate":0.53,"ideal_point":null,"seniority":"16","next_election":"2018","total_votes":841,"missed_votes":26,"total_present":0,"ocd_id":"ocd-division/country:us/state:ut/cd:1","office":"123 Cannon House Office Building","phone":"202-225-0453","fax":"202-225-5857","state":"UT","district":"1","at_large":false,"geoid":"4901","missed_votes_pct":3.09,"votes_with_party_pct":97.18,"response":{"industries":{"@attributes":{"cand_name":"Rob Bishop (R)","cid":"N00025292","cycle":"2012","origin":"Center for Responsive Politics","source":"https://www.opensecrets.org/members-of-congress/industries?cid=N00025292&cycle=2012","last_updated":"03/25/2013"},"industry":[{"@attributes":{"industry_code":"E01","industry_name":"Oil & Gas","indivs":"4000","pacs":"49500","total":"53500"}},{"@attributes":{"industry_code":"K02","industry_name":"Lobbyists","indivs":"18750","pacs":"0","total":"18750"}},{"@attributes":{"industry_code":"F10","industry_name":"Real Estate","indivs":"8500","pacs":"10000","total":"18500"}},{"@attributes":{"industry_code":"M02","industry_name":"Automotive","indivs":"500","pacs":"18000","total":"18500"}},{"@attributes":{"industry_code":"E04","industry_name":"Mining","indivs":"0","pacs":"18000","total":"18000"}},{"@attributes":{"industry_code":"F09","industry_name":"Insurance","indivs":"8750","pacs":"7000","total":"15750"}},{"@attributes":{"industry_code":"D03","industry_name":"Misc Defense","indivs":"0","pacs":"15500","total":"15500"}},{"@attributes":{"industry_code":"N15","industry_name":"Misc Manufacturing & Distributing","indivs":"0","pacs":"15000","total":"15000"}},{"@attributes":{"industry_code":"B12","industry_name":"Computers/Internet","indivs":"15000","pacs":"0","total":"15000"}},{"@attributes":{"industry_code":"Q03","industry_name":"Leadership PACs","indivs":"0","pacs":"12000","total":"12000"}}]}}}