{"id":"B001135","title":"Senator, 3rd Class","short_title":"Sen.","api_uri":"https://api.propublica.org/congress/v1/members/B001135.json","first_name":"Richard","middle_name":"M.","last_name":"Burr","suffix":null,"date_of_birth":"1955-11-30","gender":"M","party":"R","leadership_role":null,"twitter_account":"SenatorBurr","facebook_account":"SenatorRichardBurr","youtube_account":"SenatorRichardBurr","govtrack_id":"400054","cspan_id":"31054","votesmart_id":"21787","icpsr_id":"29548","crp_id":"N00002221","google_entity_id":"/m/03g_s9","fec_candidate_id":"S4NC00089","url":"https://www.burr.senate.gov","rss_url":null,"contact_form":"https://www.burr.senate.gov/contact/email","in_office":true,"dw_nominate":0.453,"ideal_point":null,"seniority":"13","next_election":"2022","total_votes":388,"missed_votes":17,"total_present":0,"ocd_id":"ocd-division/country:us/state:nc","office":"217 Russell Senate Office Building","phone":"202-224-3154","fax":"202-228-2981","state":"NC","senate_class":"3","state_rank":"senior","lis_id":"S300","missed_votes_pct":4.38,"votes_with_party_pct":98.92,"response":{"industries":{"@attributes":{"cand_name":"Richard Burr (R)","cid":"N00002221","cycle":"2018","origin":"Center for Responsive Politics","source":"https://www.opensecrets.org/members-of-congress/industries?cid=N00002221&cycle=2018","last_updated":"03/26/2018"},"industry":[{"@attributes":{"industry_code":"W06","industry_name":"Retired","indivs":"1025571","pacs":"0","total":"1025571"}},{"@attributes":{"industry_code":"F07","industry_name":"Securities & Investment","indivs":"610599","pacs":"168000","total":"778599"}},{"@attributes":{"industry_code":"K01","industry_name":"Lawyers/Law Firms","indivs":"420358","pacs":"150995","total":"571353"}},{"@attributes":{"industry_code":"F09","industry_name":"Insurance","indivs":"290977","pacs":"236500","total":"527477"}},{"@attributes":{"industry_code":"Q03","industry_name":"Leadership PACs","indivs":"0","pacs":"514160","total":"514160"}},{"@attributes":{"industry_code":"H04","industry_name":"Pharmaceuticals/Health Products","indivs":"97966","pacs":"406073","total":"504039"}},{"@attributes":{"industry_code":"F10","industry_name":"Real Estate","indivs":"416129","pacs":"74500","total":"490629"}},{"@attributes":{"industry_code":"H01","industry_name":"Health Professionals","indivs":"205744","pacs":"237050","total":"442794"}},{"@attributes":{"industry_code":"K02","industry_name":"Lobbyists","indivs":"346429","pacs":"6977","total":"353406"}},{"@attributes":{"industry_code":"E01","industry_name":"Oil & Gas","indivs":"94457","pacs":"196950","total":"291407"}}]}}}