{"id":"B001278","title":"Representative","short_title":"Rep.","api_uri":"https://api.propublica.org/congress/v1/members/B001278.json","first_name":"Suzanne","middle_name":null,"last_name":"Bonamici","suffix":null,"date_of_birth":"1954-10-14","gender":"F","party":"D","leadership_role":null,"twitter_account":"RepBonamici","facebook_account":"congresswomanbonamici","youtube_account":"RepSuzanneBonamici","govtrack_id":"412501","cspan_id":"63966","votesmart_id":"59641","icpsr_id":"21198","crp_id":"N00033474","google_entity_id":"/m/02q453x","fec_candidate_id":"H2OR01133","url":"https://bonamici.house.gov","rss_url":"https://bonamici.house.gov/rss.xml","contact_form":null,"in_office":true,"dw_nominate":-0.386,"ideal_point":null,"seniority":"8","next_election":"2018","total_votes":841,"missed_votes":3,"total_present":0,"ocd_id":"ocd-division/country:us/state:or/cd:1","office":"439 Cannon House Office Building","phone":"202-225-0855","fax":"202-225-9497","state":"OR","district":"1","at_large":false,"geoid":"4101","missed_votes_pct":0.36,"votes_with_party_pct":93.56,"response":{"industries":{"@attributes":{"cand_name":"Suzanne Bonamici (D)","cid":"N00033474","cycle":"2014","origin":"Center for Responsive Politics","source":"https://www.opensecrets.org/members-of-congress/industries?cid=N00033474&cycle=2014","last_updated":"02/27/2017"},"industry":[{"@attributes":{"industry_code":"K01","industry_name":"Lawyers/Law Firms","indivs":"80600","pacs":"18500","total":"99100"}},{"@attributes":{"industry_code":"P04","industry_name":"Public Sector Unions","indivs":"0","pacs":"56750","total":"56750"}},{"@attributes":{"industry_code":"H01","industry_name":"Health Professionals","indivs":"7350","pacs":"41500","total":"48850"}},{"@attributes":{"industry_code":"W06","industry_name":"Retired","indivs":"46800","pacs":"0","total":"46800"}},{"@attributes":{"industry_code":"P01","industry_name":"Building Trade Unions","indivs":"0","pacs":"41500","total":"41500"}},{"@attributes":{"industry_code":"N15","industry_name":"Misc Manufacturing & Distributing","indivs":"8350","pacs":"25000","total":"33350"}},{"@attributes":{"industry_code":"P03","industry_name":"Transportation Unions","indivs":"0","pacs":"30500","total":"30500"}},{"@attributes":{"industry_code":"P02","industry_name":"Industrial Unions","indivs":"0","pacs":"29500","total":"29500"}},{"@attributes":{"industry_code":"B12","industry_name":"Electronics Mfg & Equip","indivs":"7200","pacs":"17000","total":"24200"}},{"@attributes":{"industry_code":"M04","industry_name":"Railroads","indivs":"8050","pacs":"15500","total":"23550"}}]}}}