{"id":"B001292","title":"Representative","short_title":"Rep.","api_uri":"https://api.propublica.org/congress/v1/members/B001292.json","first_name":"Donald","middle_name":null,"last_name":"Beyer","suffix":null,"date_of_birth":"1950-06-20","gender":"M","party":"D","leadership_role":null,"twitter_account":"repdonbeyer","facebook_account":"repdonbeyer","youtube_account":null,"govtrack_id":"412657","cspan_id":"21141","votesmart_id":"1707","icpsr_id":"21554","crp_id":"N00036018","google_entity_id":"/m/053g16","fec_candidate_id":"H4VA08224","url":"https://beyer.house.gov","rss_url":null,"contact_form":null,"in_office":true,"dw_nominate":-0.395,"ideal_point":null,"seniority":"4","next_election":"2018","total_votes":841,"missed_votes":25,"total_present":0,"ocd_id":"ocd-division/country:us/state:va/cd:8","office":"1119 Longworth House Office Building","phone":"202-225-4376","fax":"202-225-0017","state":"VA","district":"8","at_large":false,"geoid":"5108","missed_votes_pct":2.97,"votes_with_party_pct":94.12,"response":{"industries":{"@attributes":{"cand_name":"Don Beyer (D)","cid":"N00036018","cycle":"2016","origin":"Center for Responsive Politics","source":"https://www.opensecrets.org/members-of-congress/industries?cid=N00036018&cycle=2016","last_updated":"11/27/2017"},"industry":[{"@attributes":{"industry_code":"K01","industry_name":"Lawyers/Law Firms","indivs":"144420","pacs":"36950","total":"181370"}},{"@attributes":{"industry_code":"W06","industry_name":"Retired","indivs":"149313","pacs":"0","total":"149313"}},{"@attributes":{"industry_code":"F10","industry_name":"Real Estate","indivs":"107175","pacs":"25000","total":"132175"}},{"@attributes":{"industry_code":"M02","industry_name":"Automotive","indivs":"57975","pacs":"43182","total":"101157"}},{"@attributes":{"industry_code":"F07","industry_name":"Securities & Investment","indivs":"34600","pacs":"21000","total":"55600"}},{"@attributes":{"industry_code":"H01","industry_name":"Health Professionals","indivs":"10851","pacs":"41500","total":"52351"}},{"@attributes":{"industry_code":"D03","industry_name":"Misc Defense","indivs":"6950","pacs":"43300","total":"50250"}},{"@attributes":{"industry_code":"N05","industry_name":"Business Services","indivs":"39328","pacs":"10000","total":"49328"}},{"@attributes":{"industry_code":"F09","industry_name":"Insurance","indivs":"4250","pacs":"45000","total":"49250"}},{"@attributes":{"industry_code":"B12","industry_name":"Electronics Mfg & Equip","indivs":"15025","pacs":"33850","total":"48875"}}]}}}