{"id":"B001286","title":"Representative","short_title":"Rep.","api_uri":"https://api.propublica.org/congress/v1/members/B001286.json","first_name":"Cheri","middle_name":null,"last_name":"Bustos","suffix":null,"date_of_birth":"1961-10-17","gender":"F","party":"D","leadership_role":null,"twitter_account":"RepCheri","facebook_account":"RepCheri","youtube_account":"RepCheri","govtrack_id":"412537","cspan_id":"63949","votesmart_id":"134964","icpsr_id":"21329","crp_id":"N00033390","google_entity_id":"/m/0jwwtrm","fec_candidate_id":"H2IL17071","url":"https://bustos.house.gov","rss_url":"https://bustos.house.gov/category/press-release/feed/","contact_form":null,"in_office":true,"dw_nominate":-0.238,"ideal_point":null,"seniority":"6","next_election":"2018","total_votes":841,"missed_votes":5,"total_present":0,"ocd_id":"ocd-division/country:us/state:il/cd:17","office":"1009 Longworth House Office Building","phone":"202-225-5905","fax":"309-786-3720","state":"IL","district":"17","at_large":false,"geoid":"1717","missed_votes_pct":0.59,"votes_with_party_pct":91.39}