{"id":"B001274","title":"Representative","short_title":"Rep.","api_uri":"https://api.propublica.org/congress/v1/members/B001274.json","first_name":"Mo","middle_name":null,"last_name":"Brooks","suffix":null,"date_of_birth":"1954-04-29","gender":"M","party":"R","leadership_role":null,"twitter_account":"RepMoBrooks","facebook_account":"155220881193244","youtube_account":"RepMoBrooks","govtrack_id":"412395","cspan_id":"94888","votesmart_id":"121610","icpsr_id":"21193","crp_id":"N00030910","google_entity_id":"/m/0c3xdjf","fec_candidate_id":"H0AL05163","url":"https://brooks.house.gov","rss_url":null,"contact_form":null,"in_office":true,"dw_nominate":0.599,"ideal_point":null,"seniority":"8","next_election":"2018","total_votes":841,"missed_votes":67,"total_present":0,"ocd_id":"ocd-division/country:us/state:al/cd:5","office":"2400 Rayburn House Office Building","phone":"202-225-4801","fax":"202-225-4392","state":"AL","district":"5","at_large":false,"geoid":"0105","missed_votes_pct":7.97,"votes_with_party_pct":93.67,"response":{"industries":{"@attributes":{"cand_name":"Mo Brooks (R)","cid":"N00030910","cycle":"2014","origin":"Center for Responsive Politics","source":"https://www.opensecrets.org/members-of-congress/industries?cid=N00030910&cycle=2014","last_updated":"02/27/2017"},"industry":[{"@attributes":{"industry_code":"D01","industry_name":"Defense Aerospace","indivs":"3000","pacs":"63500","total":"66500"}},{"@attributes":{"industry_code":"D03","industry_name":"Misc Defense","indivs":"34650","pacs":"9100","total":"43750"}},{"@attributes":{"industry_code":"H01","industry_name":"Health Professionals","indivs":"20000","pacs":"19000","total":"39000"}},{"@attributes":{"industry_code":"D02","industry_name":"Defense Electronics","indivs":"2250","pacs":"33000","total":"35250"}},{"@attributes":{"industry_code":"K01","industry_name":"Lawyers/Law Firms","indivs":"17760","pacs":"15000","total":"32760"}},{"@attributes":{"industry_code":"W06","industry_name":"Retired","indivs":"26742","pacs":"0","total":"26742"}},{"@attributes":{"industry_code":"F10","industry_name":"Real Estate","indivs":"17500","pacs":"8000","total":"25500"}},{"@attributes":{"industry_code":"B12","industry_name":"Electronics Mfg & Equip","indivs":"16500","pacs":"5200","total":"21700"}},{"@attributes":{"industry_code":"E08","industry_name":"Electric Utilities","indivs":"0","pacs":"18500","total":"18500"}},{"@attributes":{"industry_code":"F09","industry_name":"Insurance","indivs":"1000","pacs":"14500","total":"15500"}}]}}}