{"id":"B001273","title":"Representative","short_title":"Rep.","api_uri":"https://api.propublica.org/congress/v1/members/B001273.json","first_name":"Diane","middle_name":null,"last_name":"Black","suffix":null,"date_of_birth":"1951-01-16","gender":"F","party":"R","leadership_role":"","twitter_account":"RepDianeBlack","facebook_account":"DianeBlackTN06","youtube_account":"RepDianeBlack","govtrack_id":"412478","cspan_id":"9268964","votesmart_id":"25292","icpsr_id":"21180","crp_id":"N00031539","google_entity_id":"/m/0cyvxl","fec_candidate_id":"H0TN06257","url":"https://black.house.gov","rss_url":"https://black.house.gov/rss.xml","contact_form":null,"in_office":true,"dw_nominate":0.581,"ideal_point":null,"seniority":"8","next_election":"2018","total_votes":841,"missed_votes":87,"total_present":0,"ocd_id":"ocd-division/country:us/state:tn/cd:6","office":"1131 Longworth House Office Building","phone":"202-225-4231","fax":"202-225-6887","state":"TN","district":"6","at_large":false,"geoid":"4706","missed_votes_pct":10.34,"votes_with_party_pct":98.01,"response":{"industries":{"@attributes":{"cand_name":"Diane Black (R)","cid":"N00031539","cycle":"2016","origin":"Center for Responsive Politics","source":"https://www.opensecrets.org/members-of-congress/industries?cid=N00031539&cycle=2016","last_updated":"11/27/2017"},"industry":[{"@attributes":{"industry_code":"F09","industry_name":"Insurance","indivs":"25550","pacs":"114750","total":"140300"}},{"@attributes":{"industry_code":"H01","industry_name":"Health Professionals","indivs":"29760","pacs":"97500","total":"127260"}},{"@attributes":{"industry_code":"Q10","industry_name":"Misc Issues","indivs":"107250","pacs":"380","total":"107630"}},{"@attributes":{"industry_code":"H04","industry_name":"Pharmaceuticals/Health Products","indivs":"0","pacs":"99839","total":"99839"}},{"@attributes":{"industry_code":"Q03","industry_name":"Leadership PACs","indivs":"0","pacs":"86826","total":"86826"}},{"@attributes":{"industry_code":"W06","industry_name":"Retired","indivs":"79450","pacs":"0","total":"79450"}},{"@attributes":{"industry_code":"H03","industry_name":"Health Services/HMOs","indivs":"5400","pacs":"58500","total":"63900"}},{"@attributes":{"industry_code":"F10","industry_name":"Real Estate","indivs":"19800","pacs":"38500","total":"58300"}},{"@attributes":{"industry_code":"F11","industry_name":"Accountants","indivs":"10150","pacs":"47500","total":"57650"}},{"@attributes":{"industry_code":"H02","industry_name":"Hospitals/Nursing Homes","indivs":"2100","pacs":"48200","total":"50300"}}]}}}