{"id":"B001302","title":"Representative","short_title":"Rep.","api_uri":"https://api.propublica.org/congress/v1/members/B001302.json","first_name":"Andy","middle_name":null,"last_name":"Biggs","suffix":null,"date_of_birth":"1958-11-07","gender":"M","party":"R","leadership_role":null,"twitter_account":"RepAndyBiggsAZ","facebook_account":"RepAndyBiggs","youtube_account":null,"govtrack_id":"412683","cspan_id":"105145","votesmart_id":"28088","icpsr_id":"21705","crp_id":"N00039293","google_entity_id":"/m/0_1m23v","fec_candidate_id":"H6AZ05083","url":"https://biggs.house.gov","rss_url":"https://biggs.house.gov/rss.xml","contact_form":null,"in_office":true,"dw_nominate":0.929,"ideal_point":null,"seniority":"2","next_election":"2018","total_votes":841,"missed_votes":3,"total_present":0,"ocd_id":"ocd-division/country:us/state:az/cd:5","office":"1626 Longworth House Office Building","phone":"202-225-2635","fax":null,"state":"AZ","district":"5","at_large":false,"geoid":"0405","missed_votes_pct":0.36,"votes_with_party_pct":89.86,"response":{"industries":{"@attributes":{"cand_name":"Andy Biggs (R)","cid":"N00039293","cycle":"2018","origin":"Center for Responsive Politics","source":"https://www.opensecrets.org/members-of-congress/industries?cid=N00039293&cycle=2018","last_updated":"03/26/2018"},"industry":[{"@attributes":{"industry_code":"Q03","industry_name":"Leadership PACs","indivs":"15800","pacs":"14500","total":"30300"}},{"@attributes":{"industry_code":"W06","industry_name":"Retired","indivs":"25050","pacs":"0","total":"25050"}},{"@attributes":{"industry_code":"K02","industry_name":"Lobbyists","indivs":"15750","pacs":"1000","total":"16750"}},{"@attributes":{"industry_code":"F10","industry_name":"Real Estate","indivs":"14350","pacs":"1000","total":"15350"}},{"@attributes":{"industry_code":"B12","industry_name":"Electronics Mfg & Equip","indivs":"500","pacs":"14480","total":"14980"}},{"@attributes":{"industry_code":"D01","industry_name":"Defense Aerospace","indivs":"0","pacs":"14000","total":"14000"}},{"@attributes":{"industry_code":"B09","industry_name":"Telecom Services","indivs":"3750","pacs":"8000","total":"11750"}},{"@attributes":{"industry_code":"B02","industry_name":"TV/Movies/Music","indivs":"1500","pacs":"8500","total":"10000"}},{"@attributes":{"industry_code":"N03","industry_name":"Retail Sales","indivs":"5450","pacs":"4000","total":"9450"}},{"@attributes":{"industry_code":"E07","industry_name":"Misc Energy","indivs":"250","pacs":"9000","total":"9250"}}]}}}