{"id":"B001281","title":"Representative","short_title":"Rep.","api_uri":"https://api.propublica.org/congress/v1/members/B001281.json","first_name":"Joyce","middle_name":null,"last_name":"Beatty","suffix":null,"date_of_birth":"1950-03-12","gender":"F","party":"D","leadership_role":null,"twitter_account":"RepBeatty","facebook_account":"RepJoyceBeatty","youtube_account":null,"govtrack_id":"412565","cspan_id":"67294","votesmart_id":"2427","icpsr_id":"21352","crp_id":"N00033904","google_entity_id":"/m/03lcwb","fec_candidate_id":"H2OH03125","url":"https://beatty.house.gov","rss_url":"https://beatty.house.gov/rss.xml","contact_form":null,"in_office":true,"dw_nominate":-0.439,"ideal_point":null,"seniority":"6","next_election":"2018","total_votes":841,"missed_votes":22,"total_present":0,"ocd_id":"ocd-division/country:us/state:oh/cd:3","office":"133 Cannon House Office Building","phone":"202-225-4324","fax":"202-225-1984","state":"OH","district":"3","at_large":false,"geoid":"3903","missed_votes_pct":2.62,"votes_with_party_pct":94.26,"response":{"industries":{"@attributes":{"cand_name":"Joyce Beatty (D)","cid":"N00033904","cycle":"2014","origin":"Center for Responsive Politics","source":"https://www.opensecrets.org/members-of-congress/industries?cid=N00033904&cycle=2014","last_updated":"02/27/2017"},"industry":[{"@attributes":{"industry_code":"F09","industry_name":"Insurance","indivs":"24400","pacs":"82750","total":"107150"}},{"@attributes":{"industry_code":"F03","industry_name":"Commercial Banks","indivs":"5050","pacs":"56500","total":"61550"}},{"@attributes":{"industry_code":"E08","industry_name":"Electric Utilities","indivs":"7100","pacs":"47500","total":"54600"}},{"@attributes":{"industry_code":"K01","industry_name":"Lawyers/Law Firms","indivs":"19700","pacs":"32500","total":"52200"}},{"@attributes":{"industry_code":"N03","industry_name":"Retail Sales","indivs":"16500","pacs":"27500","total":"44000"}},{"@attributes":{"industry_code":"P01","industry_name":"Building Trade Unions","indivs":"0","pacs":"40100","total":"40100"}},{"@attributes":{"industry_code":"F10","industry_name":"Real Estate","indivs":"6500","pacs":"32000","total":"38500"}},{"@attributes":{"industry_code":"F07","industry_name":"Securities & Investment","indivs":"4500","pacs":"31000","total":"35500"}},{"@attributes":{"industry_code":"H04","industry_name":"Pharmaceuticals/Health Products","indivs":"1000","pacs":"31750","total":"32750"}},{"@attributes":{"industry_code":"P02","industry_name":"Industrial Unions","indivs":"0","pacs":"31000","total":"31000"}}]}}}