{"id":"B001257","title":"Representative","short_title":"Rep.","api_uri":"https://api.propublica.org/congress/v1/members/B001257.json","first_name":"Gus","middle_name":null,"last_name":"Bilirakis","suffix":null,"date_of_birth":"1963-02-08","gender":"M","party":"R","leadership_role":null,"twitter_account":"RepGusBilirakis","facebook_account":"GusBilirakis","youtube_account":"RepGusBilirakis","govtrack_id":"412250","cspan_id":"1022873","votesmart_id":"17318","icpsr_id":"20758","crp_id":"N00027462","google_entity_id":"/m/0dy3z1","fec_candidate_id":"H6FL09070","url":"https://bilirakis.house.gov","rss_url":null,"contact_form":null,"in_office":true,"dw_nominate":0.402,"ideal_point":null,"seniority":"14","next_election":"2018","total_votes":841,"missed_votes":31,"total_present":0,"ocd_id":"ocd-division/country:us/state:fl/cd:12","office":"2112 Rayburn House Office Building","phone":"202-225-5755","fax":"202-225-4085","state":"FL","district":"12","at_large":false,"geoid":"1212","missed_votes_pct":3.69,"votes_with_party_pct":98.52,"response":{"industries":{"@attributes":{"cand_name":"Gus Bilirakis (R)","cid":"N00027462","cycle":"2018","origin":"Center for Responsive Politics","source":"https://www.opensecrets.org/members-of-congress/industries?cid=N00027462&cycle=2018","last_updated":"03/26/2018"},"industry":[{"@attributes":{"industry_code":"H01","industry_name":"Health Professionals","indivs":"41000","pacs":"98499","total":"139499"}},{"@attributes":{"industry_code":"H04","industry_name":"Pharmaceuticals/Health Products","indivs":"4450","pacs":"38500","total":"42950"}},{"@attributes":{"industry_code":"K01","industry_name":"Lawyers/Law Firms","indivs":"17575","pacs":"10750","total":"28325"}},{"@attributes":{"industry_code":"W06","industry_name":"Retired","indivs":"27538","pacs":"0","total":"27538"}},{"@attributes":{"industry_code":"E08","industry_name":"Electric Utilities","indivs":"0","pacs":"27500","total":"27500"}},{"@attributes":{"industry_code":"F09","industry_name":"Insurance","indivs":"1600","pacs":"22500","total":"24100"}},{"@attributes":{"industry_code":"K02","industry_name":"Lobbyists","indivs":"18275","pacs":"2500","total":"20775"}},{"@attributes":{"industry_code":"F10","industry_name":"Real Estate","indivs":"12880","pacs":"6500","total":"19380"}},{"@attributes":{"industry_code":"N03","industry_name":"Retail Sales","indivs":"4700","pacs":"13500","total":"18200"}},{"@attributes":{"industry_code":"H03","industry_name":"Health Services/HMOs","indivs":"0","pacs":"18156","total":"18156"}}]}}}