{"id":"B001298","title":"Representative","short_title":"Rep.","api_uri":"https://api.propublica.org/congress/v1/members/B001298.json","first_name":"Don","middle_name":null,"last_name":"Bacon","suffix":null,"date_of_birth":"1963-08-16","gender":"M","party":"R","leadership_role":null,"twitter_account":"RepDonBacon","facebook_account":null,"youtube_account":null,"govtrack_id":"412713","cspan_id":"103442","votesmart_id":"166299","icpsr_id":"21701","crp_id":"N00037049","google_entity_id":"/m/01311t71","fec_candidate_id":"H6NE02125","url":"https://bacon.house.gov","rss_url":"https://bacon.house.gov/rss.xml","contact_form":null,"in_office":true,"dw_nominate":0.442,"ideal_point":null,"seniority":"2","next_election":"2018","total_votes":841,"missed_votes":1,"total_present":0,"ocd_id":"ocd-division/country:us/state:ne/cd:2","office":"1516 Longworth House Office Building","phone":"202-225-4155","fax":null,"state":"NE","district":"2","at_large":false,"geoid":"3102","missed_votes_pct":0.12,"votes_with_party_pct":96.07,"response":{"industries":{"@attributes":{"cand_name":"Don Bacon (R)","cid":"N00037049","cycle":"2016","origin":"Center for Responsive Politics","source":"https://www.opensecrets.org/members-of-congress/industries?cid=N00037049&cycle=2016","last_updated":"11/27/2017"},"industry":[{"@attributes":{"industry_code":"Q03","industry_name":"Leadership PACs","indivs":"0","pacs":"225100","total":"225100"}},{"@attributes":{"industry_code":"W06","industry_name":"Retired","indivs":"152702","pacs":"0","total":"152702"}},{"@attributes":{"industry_code":"Q01","industry_name":"Republican/Conservative","indivs":"29665","pacs":"39998","total":"69663"}},{"@attributes":{"industry_code":"Q16","industry_name":"Candidate Committees","indivs":"0","pacs":"58725","total":"58725"}},{"@attributes":{"industry_code":"F07","industry_name":"Securities & Investment","indivs":"34075","pacs":"2000","total":"36075"}},{"@attributes":{"industry_code":"K01","industry_name":"Lawyers/Law Firms","indivs":"26032","pacs":"6000","total":"32032"}},{"@attributes":{"industry_code":"F09","industry_name":"Insurance","indivs":"16365","pacs":"14000","total":"30365"}},{"@attributes":{"industry_code":"W07","industry_name":"Other","indivs":"29900","pacs":"0","total":"29900"}},{"@attributes":{"industry_code":"H01","industry_name":"Health Professionals","indivs":"22175","pacs":"7000","total":"29175"}},{"@attributes":{"industry_code":"F10","industry_name":"Real Estate","indivs":"26462","pacs":"2500","total":"28962"}}]}}}