{"id":"B001135","title":"Senator, 3rd Class","short_title":"Sen.","api_uri":"https://api.propublica.org/congress/v1/members/B001135.json","first_name":"Richard","middle_name":"M.","last_name":"Burr","suffix":null,"date_of_birth":"1955-11-30","gender":"M","party":"R","leadership_role":null,"twitter_account":"SenatorBurr","facebook_account":"SenatorRichardBurr","youtube_account":"SenatorRichardBurr","govtrack_id":"400054","cspan_id":"31054","votesmart_id":"21787","icpsr_id":"29548","crp_id":"N00002221","google_entity_id":"/m/03g_s9","fec_candidate_id":"S4NC00089","url":"https://www.burr.senate.gov","rss_url":null,"contact_form":"https://www.burr.senate.gov/contact/email","in_office":true,"dw_nominate":0.453,"ideal_point":null,"seniority":"13","next_election":"2022","total_votes":388,"missed_votes":17,"total_present":0,"ocd_id":"ocd-division/country:us/state:nc","office":"217 Russell Senate Office Building","phone":"202-224-3154","fax":"202-228-2981","state":"NC","senate_class":"3","state_rank":"senior","lis_id":"S300","missed_votes_pct":4.38,"votes_with_party_pct":98.92}