{"id":"B001304","title":"Representative","short_title":"Rep.","api_uri":"https://api.propublica.org/congress/v1/members/B001304.json","first_name":"Anthony","middle_name":null,"last_name":"Brown","suffix":null,"date_of_birth":"1961-11-21","gender":"M","party":"D","leadership_role":null,"twitter_account":"RepAnthonyBrown","facebook_account":null,"youtube_account":null,"govtrack_id":"412707","cspan_id":"1029537","votesmart_id":"19344","icpsr_id":"21707","crp_id":"N00036999","google_entity_id":"/m/09v6fg","fec_candidate_id":"H6MD04209","url":"https://anthonybrown.house.gov","rss_url":"https://anthonybrown.house.gov/rss.xml","contact_form":null,"in_office":true,"dw_nominate":-0.354,"ideal_point":null,"seniority":"2","next_election":"2018","total_votes":841,"missed_votes":14,"total_present":0,"ocd_id":"ocd-division/country:us/state:md/cd:4","office":"1505 Longworth House Office Building","phone":"202-225-8699","fax":null,"state":"MD","district":"4","at_large":false,"geoid":"2404","missed_votes_pct":1.66,"votes_with_party_pct":94.56}