{"id":"B001285","title":"Representative","short_title":"Rep.","api_uri":"https://api.propublica.org/congress/v1/members/B001285.json","first_name":"Julia","middle_name":null,"last_name":"Brownley","suffix":null,"date_of_birth":"1952-08-28","gender":"F","party":"D","leadership_role":null,"twitter_account":"JuliaBrownley26","facebook_account":"RepJuliaBrownley","youtube_account":"RepJuliaBrownley","govtrack_id":"412516","cspan_id":"79783","votesmart_id":"59904","icpsr_id":"21308","crp_id":"N00034254","google_entity_id":"/m/027z42z","fec_candidate_id":"H2CA00120","url":"https://juliabrownley.house.gov","rss_url":"https://juliabrownley.house.gov/category/press-releases/feed/","contact_form":null,"in_office":true,"dw_nominate":-0.279,"ideal_point":null,"seniority":"6","next_election":"2018","total_votes":841,"missed_votes":19,"total_present":0,"ocd_id":"ocd-division/country:us/state:ca/cd:26","office":"1019 Longworth House Office Building","phone":"202-225-5811","fax":"202-225-1100","state":"CA","district":"26","at_large":false,"geoid":"0626","missed_votes_pct":2.26,"votes_with_party_pct":93.55}