{"id":"B001297","title":"Representative","short_title":"Rep.","api_uri":"https://api.propublica.org/congress/v1/members/B001297.json","first_name":"Ken","middle_name":null,"last_name":"Buck","suffix":null,"date_of_birth":"1959-02-16","gender":"M","party":"R","leadership_role":null,"twitter_account":"RepKenBuck","facebook_account":"repkenbuck","youtube_account":null,"govtrack_id":"412619","cspan_id":"78285","votesmart_id":"125319","icpsr_id":"21510","crp_id":"N00030829","google_entity_id":"/m/05zzjd2","fec_candidate_id":"S0CO00237","url":"https://buck.house.gov","rss_url":"https://buck.house.gov/rss.xml","contact_form":null,"in_office":true,"dw_nominate":0.728,"ideal_point":null,"seniority":"4","next_election":"2018","total_votes":841,"missed_votes":9,"total_present":0,"ocd_id":"ocd-division/country:us/state:co/cd:4","office":"1130 Longworth House Office Building","phone":"202-225-4676","fax":"202-225-5870","state":"CO","district":"4","at_large":false,"geoid":"0804","missed_votes_pct":1.07,"votes_with_party_pct":91.83,"response":{"industries":{"@attributes":{"cand_name":"Kenneth R Buck (R)","cid":"N00030829","cycle":"2018","origin":"Center for Responsive Politics","source":"https://www.opensecrets.org/members-of-congress/industries?cid=N00030829&cycle=2018","last_updated":"03/26/2018"},"industry":[{"@attributes":{"industry_code":"Q03","industry_name":"Leadership PACs","indivs":"0","pacs":"16000","total":"16000"}},{"@attributes":{"industry_code":"A01","industry_name":"Crop Production & Basic Processing","indivs":"1400","pacs":"14000","total":"15400"}},{"@attributes":{"industry_code":"E01","industry_name":"Oil & Gas","indivs":"0","pacs":"9500","total":"9500"}},{"@attributes":{"industry_code":"M02","industry_name":"Automotive","indivs":"7000","pacs":"0","total":"7000"}},{"@attributes":{"industry_code":"B09","industry_name":"Telecom Services","indivs":"5400","pacs":"1000","total":"6400"}},{"@attributes":{"industry_code":"B02","industry_name":"TV/Movies/Music","indivs":"0","pacs":"5500","total":"5500"}},{"@attributes":{"industry_code":"F10","industry_name":"Real Estate","indivs":"3500","pacs":"2000","total":"5500"}},{"@attributes":{"industry_code":"F03","industry_name":"Commercial Banks","indivs":"5400","pacs":"0","total":"5400"}},{"@attributes":{"industry_code":"D01","industry_name":"Defense Aerospace","indivs":"0","pacs":"5000","total":"5000"}},{"@attributes":{"industry_code":"W06","industry_name":"Retired","indivs":"4705","pacs":"0","total":"4705"}}]}}}