{"id":"B001286","title":"Representative","short_title":"Rep.","api_uri":"https://api.propublica.org/congress/v1/members/B001286.json","first_name":"Cheri","middle_name":null,"last_name":"Bustos","suffix":null,"date_of_birth":"1961-10-17","gender":"F","party":"D","leadership_role":null,"twitter_account":"RepCheri","facebook_account":"RepCheri","youtube_account":"RepCheri","govtrack_id":"412537","cspan_id":"63949","votesmart_id":"134964","icpsr_id":"21329","crp_id":"N00033390","google_entity_id":"/m/0jwwtrm","fec_candidate_id":"H2IL17071","url":"https://bustos.house.gov","rss_url":"https://bustos.house.gov/category/press-release/feed/","contact_form":null,"in_office":true,"dw_nominate":-0.238,"ideal_point":null,"seniority":"6","next_election":"2018","total_votes":841,"missed_votes":5,"total_present":0,"ocd_id":"ocd-division/country:us/state:il/cd:17","office":"1009 Longworth House Office Building","phone":"202-225-5905","fax":"309-786-3720","state":"IL","district":"17","at_large":false,"geoid":"1717","missed_votes_pct":0.59,"votes_with_party_pct":91.39,"response":{"industries":{"@attributes":{"cand_name":"Cheri Bustos (D)","cid":"N00033390","cycle":"2012","origin":"Center for Responsive Politics","source":"https://www.opensecrets.org/members-of-congress/industries?cid=N00033390&cycle=2012","last_updated":"03/25/2013"},"industry":[{"@attributes":{"industry_code":"Q08","industry_name":"Women's Issues","indivs":"172025","pacs":"16500","total":"188525"}},{"@attributes":{"industry_code":"K01","industry_name":"Lawyers/Law Firms","indivs":"155367","pacs":"11250","total":"166617"}},{"@attributes":{"industry_code":"Q03","industry_name":"Leadership PACs","indivs":"1750","pacs":"112750","total":"114500"}},{"@attributes":{"industry_code":"W06","industry_name":"Retired","indivs":"91346","pacs":"0","total":"91346"}},{"@attributes":{"industry_code":"P04","industry_name":"Public Sector Unions","indivs":"1250","pacs":"74500","total":"75750"}},{"@attributes":{"industry_code":"Q05","industry_name":"Pro-Israel","indivs":"67728","pacs":"5000","total":"72728"}},{"@attributes":{"industry_code":"P01","industry_name":"Building Trade Unions","indivs":"250","pacs":"64000","total":"64250"}},{"@attributes":{"industry_code":"Q16","industry_name":"Candidate Committees","indivs":"0","pacs":"55500","total":"55500"}},{"@attributes":{"industry_code":"P02","industry_name":"Industrial Unions","indivs":"2950","pacs":"49000","total":"51950"}},{"@attributes":{"industry_code":"W04","industry_name":"Education","indivs":"37800","pacs":"0","total":"37800"}}]}}}