{"id":"B001290","title":"Representative","short_title":"Rep.","api_uri":"https://api.propublica.org/congress/v1/members/B001290.json","first_name":"David","middle_name":"A.","last_name":"Brat","suffix":null,"date_of_birth":"1964-07-27","gender":"M","party":"R","leadership_role":null,"twitter_account":"RepDaveBrat","facebook_account":"RepDaveBrat","youtube_account":null,"govtrack_id":"412605","cspan_id":"75248","votesmart_id":"152270","icpsr_id":"21553","crp_id":"N00036013","google_entity_id":"/m/010qykqw","fec_candidate_id":"H4VA07143","url":"https://brat.house.gov","rss_url":null,"contact_form":null,"in_office":true,"dw_nominate":0.843,"ideal_point":null,"seniority":"6","next_election":"2018","total_votes":841,"missed_votes":11,"total_present":0,"ocd_id":"ocd-division/country:us/state:va/cd:7","office":"1628 Longworth House Office Building","phone":"202-225-2815","fax":null,"state":"VA","district":"7","at_large":false,"geoid":"5107","missed_votes_pct":1.31,"votes_with_party_pct":95.54}