{"id":"B001296","title":"Representative","short_title":"Rep.","api_uri":"https://api.propublica.org/congress/v1/members/B001296.json","first_name":"Brendan","middle_name":null,"last_name":"Boyle","suffix":null,"date_of_birth":"1977-02-06","gender":"M","party":"D","leadership_role":null,"twitter_account":"RepBrendanBoyle","facebook_account":"CongressmanBoyle","youtube_account":null,"govtrack_id":"412652","cspan_id":"76428","votesmart_id":"47357","icpsr_id":"21548","crp_id":"N00035307","google_entity_id":"/m/04f4fjk","fec_candidate_id":"H4PA13199","url":"https://boyle.house.gov","rss_url":"https://boyle.house.gov/rss.xml","contact_form":null,"in_office":true,"dw_nominate":-0.384,"ideal_point":null,"seniority":"4","next_election":"2018","total_votes":841,"missed_votes":32,"total_present":0,"ocd_id":"ocd-division/country:us/state:pa/cd:13","office":"1133 Longworth House Office Building","phone":"202-225-6111","fax":"202-226-0611","state":"PA","district":"13","at_large":false,"geoid":"4213","missed_votes_pct":3.8,"votes_with_party_pct":94.07}