{"id":"B001285","title":"Representative","short_title":"Rep.","api_uri":"https://api.propublica.org/congress/v1/members/B001285.json","first_name":"Julia","middle_name":null,"last_name":"Brownley","suffix":null,"date_of_birth":"1952-08-28","gender":"F","party":"D","leadership_role":null,"twitter_account":"JuliaBrownley26","facebook_account":"RepJuliaBrownley","youtube_account":"RepJuliaBrownley","govtrack_id":"412516","cspan_id":"79783","votesmart_id":"59904","icpsr_id":"21308","crp_id":"N00034254","google_entity_id":"/m/027z42z","fec_candidate_id":"H2CA00120","url":"https://juliabrownley.house.gov","rss_url":"https://juliabrownley.house.gov/category/press-releases/feed/","contact_form":null,"in_office":true,"dw_nominate":-0.279,"ideal_point":null,"seniority":"6","next_election":"2018","total_votes":841,"missed_votes":19,"total_present":0,"ocd_id":"ocd-division/country:us/state:ca/cd:26","office":"1019 Longworth House Office Building","phone":"202-225-5811","fax":"202-225-1100","state":"CA","district":"26","at_large":false,"geoid":"0626","missed_votes_pct":2.26,"votes_with_party_pct":93.55,"response":{"industries":{"@attributes":{"cand_name":"Julia Brownley (D)","cid":"N00034254","cycle":"2018","origin":"Center for Responsive Politics","source":"https://www.opensecrets.org/members-of-congress/industries?cid=N00034254&cycle=2018","last_updated":"03/26/2018"},"industry":[{"@attributes":{"industry_code":"Q02","industry_name":"Democratic/Liberal","indivs":"68558","pacs":"7500","total":"76058"}},{"@attributes":{"industry_code":"H01","industry_name":"Health Professionals","indivs":"9264","pacs":"55000","total":"64264"}},{"@attributes":{"industry_code":"Q03","industry_name":"Leadership PACs","indivs":"0","pacs":"61700","total":"61700"}},{"@attributes":{"industry_code":"K01","industry_name":"Lawyers/Law Firms","indivs":"50983","pacs":"7000","total":"57983"}},{"@attributes":{"industry_code":"P03","industry_name":"Transportation Unions","indivs":"0","pacs":"55000","total":"55000"}},{"@attributes":{"industry_code":"Q08","industry_name":"Women's Issues","indivs":"43367","pacs":"7500","total":"50867"}},{"@attributes":{"industry_code":"W06","industry_name":"Retired","indivs":"48570","pacs":"0","total":"48570"}},{"@attributes":{"industry_code":"F10","industry_name":"Real Estate","indivs":"42176","pacs":"3000","total":"45176"}},{"@attributes":{"industry_code":"Q09","industry_name":"Human Rights","indivs":"28456","pacs":"12500","total":"40956"}},{"@attributes":{"industry_code":"P04","industry_name":"Public Sector Unions","indivs":"0","pacs":"29000","total":"29000"}}]}}}