{"id":"B001251","title":"Representative","short_title":"Rep.","api_uri":"https://api.propublica.org/congress/v1/members/B001251.json","first_name":"G.","middle_name":"K.","last_name":"Butterfield","suffix":null,"date_of_birth":"1947-04-27","gender":"M","party":"D","leadership_role":null,"twitter_account":"GKButterfield","facebook_account":"congressmangkbutterfield","youtube_account":"GKBNC01","govtrack_id":"400616","cspan_id":"1013540","votesmart_id":"41077","icpsr_id":"20340","crp_id":"N00027035","google_entity_id":"/m/03g_pq","fec_candidate_id":"H4NC01046","url":"https://butterfield.house.gov","rss_url":null,"contact_form":null,"in_office":true,"dw_nominate":-0.404,"ideal_point":null,"seniority":"16","next_election":"2018","total_votes":841,"missed_votes":48,"total_present":0,"ocd_id":"ocd-division/country:us/state:nc/cd:1","office":"2080 Rayburn House Office Building","phone":"202-225-3101","fax":"202-225-3354","state":"NC","district":"1","at_large":false,"geoid":"3701","missed_votes_pct":5.71,"votes_with_party_pct":94.58,"response":{"industries":{"@attributes":{"cand_name":"G K Butterfield (D)","cid":"N00027035","cycle":"2014","origin":"Center for Responsive Politics","source":"https://www.opensecrets.org/members-of-congress/industries?cid=N00027035&cycle=2014","last_updated":"02/27/2017"},"industry":[{"@attributes":{"industry_code":"H04","industry_name":"Pharmaceuticals/Health Products","indivs":"2950","pacs":"79500","total":"82450"}},{"@attributes":{"industry_code":"H01","industry_name":"Health Professionals","indivs":"6966","pacs":"60000","total":"66966"}},{"@attributes":{"industry_code":"B09","industry_name":"Telecom Services","indivs":"5500","pacs":"44000","total":"49500"}},{"@attributes":{"industry_code":"K01","industry_name":"Lawyers/Law Firms","indivs":"12900","pacs":"25536","total":"38436"}},{"@attributes":{"industry_code":"E08","industry_name":"Electric Utilities","indivs":"3000","pacs":"29250","total":"32250"}},{"@attributes":{"industry_code":"B08","industry_name":"Telephone Utilities","indivs":"250","pacs":"30000","total":"30250"}},{"@attributes":{"industry_code":"P01","industry_name":"Building Trade Unions","indivs":"0","pacs":"25000","total":"25000"}},{"@attributes":{"industry_code":"M02","industry_name":"Automotive","indivs":"1000","pacs":"23500","total":"24500"}},{"@attributes":{"industry_code":"F09","industry_name":"Insurance","indivs":"5916","pacs":"18000","total":"23916"}},{"@attributes":{"industry_code":"B02","industry_name":"TV/Movies/Music","indivs":"750","pacs":"22004","total":"22754"}}]}}}