{"id":"B001299","title":"Representative","short_title":"Rep.","api_uri":"https://api.propublica.org/congress/v1/members/B001299.json","first_name":"Jim","middle_name":null,"last_name":"Banks","suffix":null,"date_of_birth":"1979-07-16","gender":"M","party":"R","leadership_role":null,"twitter_account":"RepJimBanks","facebook_account":"RepJimBanks","youtube_account":null,"govtrack_id":"412702","cspan_id":"89806","votesmart_id":"116801","icpsr_id":"21702","crp_id":"N00037185","google_entity_id":"/m/0j621nj","fec_candidate_id":"H6IN03229","url":"https://banks.house.gov","rss_url":null,"contact_form":null,"in_office":true,"dw_nominate":0.668,"ideal_point":null,"seniority":"2","next_election":"2018","total_votes":841,"missed_votes":2,"total_present":0,"ocd_id":"ocd-division/country:us/state:in/cd:3","office":"509 Cannon House Office Building","phone":"202-225-4436","fax":null,"state":"IN","district":"3","at_large":false,"geoid":"1803","missed_votes_pct":0.24,"votes_with_party_pct":97.5,"response":{"industries":{"@attributes":{"cand_name":"Jim Banks (R)","cid":"N00037185","cycle":"2018","origin":"Center for Responsive Politics","source":"https://www.opensecrets.org/members-of-congress/industries?cid=N00037185&cycle=2018","last_updated":"03/26/2018"},"industry":[{"@attributes":{"industry_code":"D02","industry_name":"Defense Electronics","indivs":"1000","pacs":"42999","total":"43999"}},{"@attributes":{"industry_code":"D01","industry_name":"Defense Aerospace","indivs":"0","pacs":"32500","total":"32500"}},{"@attributes":{"industry_code":"Q03","industry_name":"Leadership PACs","indivs":"0","pacs":"30250","total":"30250"}},{"@attributes":{"industry_code":"H04","industry_name":"Pharmaceuticals/Health Products","indivs":"1500","pacs":"15000","total":"16500"}},{"@attributes":{"industry_code":"F07","industry_name":"Securities & Investment","indivs":"4000","pacs":"11000","total":"15000"}},{"@attributes":{"industry_code":"W06","industry_name":"Retired","indivs":"14910","pacs":"0","total":"14910"}},{"@attributes":{"industry_code":"F10","industry_name":"Real Estate","indivs":"6975","pacs":"4000","total":"10975"}},{"@attributes":{"industry_code":"N15","industry_name":"Misc Manufacturing & Distributing","indivs":"8150","pacs":"2706","total":"10856"}},{"@attributes":{"industry_code":"F09","industry_name":"Insurance","indivs":"500","pacs":"8500","total":"9000"}},{"@attributes":{"industry_code":"K02","industry_name":"Lobbyists","indivs":"7950","pacs":"1000","total":"8950"}}]}}}