{"id":"B001297","title":"Representative","short_title":"Rep.","api_uri":"https://api.propublica.org/congress/v1/members/B001297.json","first_name":"Ken","middle_name":null,"last_name":"Buck","suffix":null,"date_of_birth":"1959-02-16","gender":"M","party":"R","leadership_role":null,"twitter_account":"RepKenBuck","facebook_account":"repkenbuck","youtube_account":null,"govtrack_id":"412619","cspan_id":"78285","votesmart_id":"125319","icpsr_id":"21510","crp_id":"N00030829","google_entity_id":"/m/05zzjd2","fec_candidate_id":"S0CO00237","url":"https://buck.house.gov","rss_url":"https://buck.house.gov/rss.xml","contact_form":null,"in_office":true,"dw_nominate":0.728,"ideal_point":null,"seniority":"4","next_election":"2018","total_votes":841,"missed_votes":9,"total_present":0,"ocd_id":"ocd-division/country:us/state:co/cd:4","office":"1130 Longworth House Office Building","phone":"202-225-4676","fax":"202-225-5870","state":"CO","district":"4","at_large":false,"geoid":"0804","missed_votes_pct":1.07,"votes_with_party_pct":91.83}