{"id":"B001275","title":"Representative","short_title":"Rep.","api_uri":"https://api.propublica.org/congress/v1/members/B001275.json","first_name":"Larry","middle_name":null,"last_name":"Bucshon","suffix":null,"date_of_birth":"1962-05-31","gender":"M","party":"R","leadership_role":null,"twitter_account":"RepLarryBucshon","facebook_account":"RepLarryBucshon","youtube_account":"RepLarryBucshon","govtrack_id":"412427","cspan_id":"61837","votesmart_id":"120335","icpsr_id":"21132","crp_id":"N00031227","google_entity_id":"/m/0dd9k_y","fec_candidate_id":"H0IN08114","url":"https://bucshon.house.gov","rss_url":null,"contact_form":null,"in_office":true,"dw_nominate":0.388,"ideal_point":null,"seniority":"8","next_election":"2018","total_votes":841,"missed_votes":11,"total_present":0,"ocd_id":"ocd-division/country:us/state:in/cd:8","office":"1005 Longworth House Office Building","phone":"202-225-4636","fax":"202-225-3284","state":"IN","district":"8","at_large":false,"geoid":"1808","missed_votes_pct":1.31,"votes_with_party_pct":94.7}