{"id":"B001293","title":"Representative","short_title":"Rep.","api_uri":"https://api.propublica.org/congress/v1/members/B001293.json","first_name":"Mike","middle_name":null,"last_name":"Bishop","suffix":null,"date_of_birth":"1967-03-18","gender":"M","party":"R","leadership_role":null,"twitter_account":"RepMikeBishop","facebook_account":"RepMikeBishop","youtube_account":null,"govtrack_id":"412635","cspan_id":"78290","votesmart_id":"20157","icpsr_id":"21527","crp_id":"N00036449","google_entity_id":"/m/027qc0m","fec_candidate_id":"H4MI08135","url":"https://mikebishop.house.gov","rss_url":null,"contact_form":null,"in_office":true,"dw_nominate":0.448,"ideal_point":null,"seniority":"4","next_election":"2018","total_votes":841,"missed_votes":6,"total_present":0,"ocd_id":"ocd-division/country:us/state:mi/cd:8","office":"428 Cannon House Office Building","phone":"202-225-4872","fax":"202-225-5820","state":"MI","district":"8","at_large":false,"geoid":"2608","missed_votes_pct":0.71,"votes_with_party_pct":94.73,"response":{"industries":{"@attributes":{"cand_name":"Mike Bishop (R)","cid":"N00036449","cycle":"2018","origin":"Center for Responsive Politics","source":"https://www.opensecrets.org/members-of-congress/industries?cid=N00036449&cycle=2018","last_updated":"03/26/2018"},"industry":[{"@attributes":{"industry_code":"F09","industry_name":"Insurance","indivs":"5000","pacs":"95000","total":"100000"}},{"@attributes":{"industry_code":"Q03","industry_name":"Leadership PACs","indivs":"0","pacs":"67000","total":"67000"}},{"@attributes":{"industry_code":"F10","industry_name":"Real Estate","indivs":"36800","pacs":"28500","total":"65300"}},{"@attributes":{"industry_code":"H04","industry_name":"Pharmaceuticals/Health Products","indivs":"1000","pacs":"51500","total":"52500"}},{"@attributes":{"industry_code":"H01","industry_name":"Health Professionals","indivs":"4000","pacs":"47000","total":"51000"}},{"@attributes":{"industry_code":"E08","industry_name":"Electric Utilities","indivs":"0","pacs":"43000","total":"43000"}},{"@attributes":{"industry_code":"K01","industry_name":"Lawyers/Law Firms","indivs":"28350","pacs":"13250","total":"41600"}},{"@attributes":{"industry_code":"F11","industry_name":"Accountants","indivs":"1750","pacs":"35000","total":"36750"}},{"@attributes":{"industry_code":"M02","industry_name":"Automotive","indivs":"6500","pacs":"26000","total":"32500"}},{"@attributes":{"industry_code":"N03","industry_name":"Retail Sales","indivs":"16200","pacs":"16000","total":"32200"}}]}}}