{"id":"B001303","title":"Representative","short_title":"Rep.","api_uri":"https://api.propublica.org/congress/v1/members/B001303.json","first_name":"Lisa","middle_name":null,"last_name":"Blunt Rochester","suffix":null,"date_of_birth":"1962-02-10","gender":"F","party":"D","leadership_role":null,"twitter_account":"RepBRochester","facebook_account":"Rep.BluntRochester","youtube_account":null,"govtrack_id":"412689","cspan_id":"104772","votesmart_id":"173249","icpsr_id":"21706","crp_id":"N00038414","google_entity_id":"/g/11c328y56v","fec_candidate_id":"H6DE00206","url":"https://bluntrochester.house.gov","rss_url":null,"contact_form":null,"in_office":true,"dw_nominate":-0.368,"ideal_point":null,"seniority":"2","next_election":"2018","total_votes":841,"missed_votes":13,"total_present":0,"ocd_id":"ocd-division/country:us/state:de/cd:1","office":"1123 Longworth House Office Building","phone":"202-225-4165","fax":null,"state":"DE","district":"At-Large","at_large":true,"geoid":"1000","missed_votes_pct":1.55,"votes_with_party_pct":95.41,"response":{"industries":{"@attributes":{"cand_name":"Lisa Blunt Rochester (D)","cid":"N00038414","cycle":"2016","origin":"Center for Responsive Politics","source":"https://www.opensecrets.org/members-of-congress/industries?cid=N00038414&cycle=2016","last_updated":"11/27/2017"},"industry":[{"@attributes":{"industry_code":"Q08","industry_name":"Women's Issues","indivs":"74508","pacs":"5500","total":"80008"}},{"@attributes":{"industry_code":"Q03","industry_name":"Leadership PACs","indivs":"0","pacs":"68150","total":"68150"}},{"@attributes":{"industry_code":"W06","industry_name":"Retired","indivs":"62611","pacs":"0","total":"62611"}},{"@attributes":{"industry_code":"K01","industry_name":"Lawyers/Law Firms","indivs":"43590","pacs":"10500","total":"54090"}},{"@attributes":{"industry_code":"Q09","industry_name":"Human Rights","indivs":"22508","pacs":"13214","total":"35722"}},{"@attributes":{"industry_code":"P04","industry_name":"Public Sector Unions","indivs":"0","pacs":"32000","total":"32000"}},{"@attributes":{"industry_code":"P02","industry_name":"Industrial Unions","indivs":"0","pacs":"29500","total":"29500"}},{"@attributes":{"industry_code":"H01","industry_name":"Health Professionals","indivs":"11075","pacs":"15500","total":"26575"}},{"@attributes":{"industry_code":"F03","industry_name":"Commercial Banks","indivs":"7550","pacs":"18500","total":"26050"}},{"@attributes":{"industry_code":"Q16","industry_name":"Candidate Committees","indivs":"0","pacs":"24814","total":"24814"}}]}}}