{"id":"B001303","title":"Representative","short_title":"Rep.","api_uri":"https://api.propublica.org/congress/v1/members/B001303.json","first_name":"Lisa","middle_name":null,"last_name":"Blunt Rochester","suffix":null,"date_of_birth":"1962-02-10","gender":"F","party":"D","leadership_role":null,"twitter_account":"RepBRochester","facebook_account":"Rep.BluntRochester","youtube_account":null,"govtrack_id":"412689","cspan_id":"104772","votesmart_id":"173249","icpsr_id":"21706","crp_id":"N00038414","google_entity_id":"/g/11c328y56v","fec_candidate_id":"H6DE00206","url":"https://bluntrochester.house.gov","rss_url":null,"contact_form":null,"in_office":true,"dw_nominate":-0.368,"ideal_point":null,"seniority":"2","next_election":"2018","total_votes":841,"missed_votes":13,"total_present":0,"ocd_id":"ocd-division/country:us/state:de/cd:1","office":"1123 Longworth House Office Building","phone":"202-225-4165","fax":null,"state":"DE","district":"At-Large","at_large":true,"geoid":"1000","missed_votes_pct":1.55,"votes_with_party_pct":95.41}