{"id":"B001282","title":"Representative","short_title":"Rep.","api_uri":"https://api.propublica.org/congress/v1/members/B001282.json","first_name":"Andy","middle_name":null,"last_name":"Barr","suffix":null,"date_of_birth":"1973-07-24","gender":"M","party":"R","leadership_role":null,"twitter_account":"RepAndyBarr","facebook_account":"RepAndyBarr","youtube_account":"RepAndyBarr","govtrack_id":"412541","cspan_id":"61848","votesmart_id":"117290","icpsr_id":"21333","crp_id":"N00031233","google_entity_id":"/m/0ddc6r6","fec_candidate_id":"H0KY06104","url":"https://barr.house.gov","rss_url":"https://barr.house.gov/rss.xml","contact_form":null,"in_office":true,"dw_nominate":0.486,"ideal_point":null,"seniority":"6","next_election":"2018","total_votes":841,"missed_votes":20,"total_present":0,"ocd_id":"ocd-division/country:us/state:ky/cd:6","office":"1427 Longworth House Office Building","phone":"202-225-4706","fax":null,"state":"KY","district":"6","at_large":false,"geoid":"2106","missed_votes_pct":2.38,"votes_with_party_pct":96.59,"response":{"industries":{"@attributes":{"cand_name":"Andy Barr (R)","cid":"N00031233","cycle":"2012","origin":"Center for Responsive Politics","source":"https://www.opensecrets.org/members-of-congress/industries?cid=N00031233&cycle=2012","last_updated":"03/25/2013"},"industry":[{"@attributes":{"industry_code":"E04","industry_name":"Mining","indivs":"182582","pacs":"43500","total":"226082"}},{"@attributes":{"industry_code":"W06","industry_name":"Retired","indivs":"191115","pacs":"0","total":"191115"}},{"@attributes":{"industry_code":"Q03","industry_name":"Leadership PACs","indivs":"0","pacs":"133600","total":"133600"}},{"@attributes":{"industry_code":"H01","industry_name":"Health Professionals","indivs":"54950","pacs":"33000","total":"87950"}},{"@attributes":{"industry_code":"A01","industry_name":"Crop Production & Basic Processing","indivs":"78450","pacs":"0","total":"78450"}},{"@attributes":{"industry_code":"F07","industry_name":"Securities & Investment","indivs":"70300","pacs":"5000","total":"75300"}},{"@attributes":{"industry_code":"F10","industry_name":"Real Estate","indivs":"55640","pacs":"2500","total":"58140"}},{"@attributes":{"industry_code":"K01","industry_name":"Lawyers/Law Firms","indivs":"50013","pacs":"2500","total":"52513"}},{"@attributes":{"industry_code":"N15","industry_name":"Misc Manufacturing & Distributing","indivs":"42050","pacs":"1000","total":"43050"}},{"@attributes":{"industry_code":"F09","industry_name":"Insurance","indivs":"31550","pacs":"10500","total":"42050"}}]}}}