{"id":"B001227","title":"Representative","short_title":"Rep.","api_uri":"https://api.propublica.org/congress/v1/members/B001227.json","first_name":"Robert","middle_name":"A.","last_name":"Brady","suffix":null,"date_of_birth":"1945-04-07","gender":"M","party":"D","leadership_role":"","twitter_account":"RepBrady","facebook_account":"RepRobertBrady","youtube_account":"BradyPA01","govtrack_id":"400047","cspan_id":"55227","votesmart_id":"2519","icpsr_id":"29777","crp_id":"N00001619","google_entity_id":"/m/03tq5z","fec_candidate_id":"H8PA01153","url":"https://brady.house.gov","rss_url":"https://brady.house.gov/rss.xml","contact_form":null,"in_office":true,"dw_nominate":-0.482,"ideal_point":null,"seniority":"22","next_election":"2018","total_votes":841,"missed_votes":23,"total_present":0,"ocd_id":"ocd-division/country:us/state:pa/cd:1","office":"2004 Rayburn House Office Building","phone":"202-225-4731","fax":"202-225-0088","state":"PA","district":"1","at_large":false,"geoid":"4201","missed_votes_pct":2.73,"votes_with_party_pct":94.25}