{"id":"B001283","title":"Representative","short_title":"Rep.","api_uri":"https://api.propublica.org/congress/v1/members/B001283.json","first_name":"Jim","middle_name":null,"last_name":"Bridenstine","suffix":null,"date_of_birth":"1975-06-15","gender":"M","party":"R","leadership_role":null,"twitter_account":"RepJBridenstine","facebook_account":"CongressmanJimBridenstine","youtube_account":"RepJimBridenstine","govtrack_id":"412567","cspan_id":"79705","votesmart_id":"135894","icpsr_id":"21354","crp_id":"N00033532","google_entity_id":"/m/0jwyd6r","fec_candidate_id":"H2OK01143","url":"https://bridenstine.house.gov","rss_url":null,"contact_form":null,"in_office":true,"dw_nominate":0.69,"ideal_point":null,"seniority":"6","next_election":"2018","total_votes":841,"missed_votes":319,"total_present":0,"ocd_id":"ocd-division/country:us/state:ok/cd:1","office":"216 Cannon House Office Building","phone":"202-225-2211","fax":"918-935-2716","state":"OK","district":"1","at_large":false,"geoid":"4001","missed_votes_pct":37.93,"votes_with_party_pct":96.55}