{"id":"B001275","title":"Representative","short_title":"Rep.","api_uri":"https://api.propublica.org/congress/v1/members/B001275.json","first_name":"Larry","middle_name":null,"last_name":"Bucshon","suffix":null,"date_of_birth":"1962-05-31","gender":"M","party":"R","leadership_role":null,"twitter_account":"RepLarryBucshon","facebook_account":"RepLarryBucshon","youtube_account":"RepLarryBucshon","govtrack_id":"412427","cspan_id":"61837","votesmart_id":"120335","icpsr_id":"21132","crp_id":"N00031227","google_entity_id":"/m/0dd9k_y","fec_candidate_id":"H0IN08114","url":"https://bucshon.house.gov","rss_url":null,"contact_form":null,"in_office":true,"dw_nominate":0.388,"ideal_point":null,"seniority":"8","next_election":"2018","total_votes":841,"missed_votes":11,"total_present":0,"ocd_id":"ocd-division/country:us/state:in/cd:8","office":"1005 Longworth House Office Building","phone":"202-225-4636","fax":"202-225-3284","state":"IN","district":"8","at_large":false,"geoid":"1808","missed_votes_pct":1.31,"votes_with_party_pct":94.7,"response":{"industries":{"@attributes":{"cand_name":"Larry Bucshon (R)","cid":"N00031227","cycle":"2018","origin":"Center for Responsive Politics","source":"https://www.opensecrets.org/members-of-congress/industries?cid=N00031227&cycle=2018","last_updated":"03/26/2018"},"industry":[{"@attributes":{"industry_code":"H01","industry_name":"Health Professionals","indivs":"25363","pacs":"80625","total":"105988"}},{"@attributes":{"industry_code":"H04","industry_name":"Pharmaceuticals/Health Products","indivs":"2002","pacs":"54650","total":"56652"}},{"@attributes":{"industry_code":"K01","industry_name":"Lawyers/Law Firms","indivs":"10528","pacs":"12500","total":"23028"}},{"@attributes":{"industry_code":"Q03","industry_name":"Leadership PACs","indivs":"0","pacs":"19000","total":"19000"}},{"@attributes":{"industry_code":"H03","industry_name":"Health Services/HMOs","indivs":"312","pacs":"18656","total":"18968"}},{"@attributes":{"industry_code":"E08","industry_name":"Electric Utilities","indivs":"2500","pacs":"12000","total":"14500"}},{"@attributes":{"industry_code":"F10","industry_name":"Real Estate","indivs":"12350","pacs":"2000","total":"14350"}},{"@attributes":{"industry_code":"P01","industry_name":"Building Trade Unions","indivs":"0","pacs":"13000","total":"13000"}},{"@attributes":{"industry_code":"K02","industry_name":"Lobbyists","indivs":"6657","pacs":"5000","total":"11657"}},{"@attributes":{"industry_code":"F09","industry_name":"Insurance","indivs":"2350","pacs":"8250","total":"10600"}}]}}}