{"id":"B001281","title":"Representative","short_title":"Rep.","api_uri":"https://api.propublica.org/congress/v1/members/B001281.json","first_name":"Joyce","middle_name":null,"last_name":"Beatty","suffix":null,"date_of_birth":"1950-03-12","gender":"F","party":"D","leadership_role":null,"twitter_account":"RepBeatty","facebook_account":"RepJoyceBeatty","youtube_account":null,"govtrack_id":"412565","cspan_id":"67294","votesmart_id":"2427","icpsr_id":"21352","crp_id":"N00033904","google_entity_id":"/m/03lcwb","fec_candidate_id":"H2OH03125","url":"https://beatty.house.gov","rss_url":"https://beatty.house.gov/rss.xml","contact_form":null,"in_office":true,"dw_nominate":-0.439,"ideal_point":null,"seniority":"6","next_election":"2018","total_votes":841,"missed_votes":22,"total_present":0,"ocd_id":"ocd-division/country:us/state:oh/cd:3","office":"133 Cannon House Office Building","phone":"202-225-4324","fax":"202-225-1984","state":"OH","district":"3","at_large":false,"geoid":"3903","missed_votes_pct":2.62,"votes_with_party_pct":94.26}