{"id":"B001296","title":"Representative","short_title":"Rep.","api_uri":"https://api.propublica.org/congress/v1/members/B001296.json","first_name":"Brendan","middle_name":null,"last_name":"Boyle","suffix":null,"date_of_birth":"1977-02-06","gender":"M","party":"D","leadership_role":null,"twitter_account":"RepBrendanBoyle","facebook_account":"CongressmanBoyle","youtube_account":null,"govtrack_id":"412652","cspan_id":"76428","votesmart_id":"47357","icpsr_id":"21548","crp_id":"N00035307","google_entity_id":"/m/04f4fjk","fec_candidate_id":"H4PA13199","url":"https://boyle.house.gov","rss_url":"https://boyle.house.gov/rss.xml","contact_form":null,"in_office":true,"dw_nominate":-0.384,"ideal_point":null,"seniority":"4","next_election":"2018","total_votes":841,"missed_votes":32,"total_present":0,"ocd_id":"ocd-division/country:us/state:pa/cd:13","office":"1133 Longworth House Office Building","phone":"202-225-6111","fax":"202-226-0611","state":"PA","district":"13","at_large":false,"geoid":"4213","missed_votes_pct":3.8,"votes_with_party_pct":94.07,"response":{"industries":{"@attributes":{"cand_name":"Brendan Boyle (D)","cid":"N00035307","cycle":"2016","origin":"Center for Responsive Politics","source":"https://www.opensecrets.org/members-of-congress/industries?cid=N00035307&cycle=2016","last_updated":"11/27/2017"},"industry":[{"@attributes":{"industry_code":"K01","industry_name":"Lawyers/Law Firms","indivs":"56450","pacs":"19000","total":"75450"}},{"@attributes":{"industry_code":"P04","industry_name":"Public Sector Unions","indivs":"0","pacs":"60000","total":"60000"}},{"@attributes":{"industry_code":"P01","industry_name":"Building Trade Unions","indivs":"0","pacs":"53012","total":"53012"}},{"@attributes":{"industry_code":"F10","industry_name":"Real Estate","indivs":"35650","pacs":"10500","total":"46150"}},{"@attributes":{"industry_code":"F09","industry_name":"Insurance","indivs":"9500","pacs":"35500","total":"45000"}},{"@attributes":{"industry_code":"F07","industry_name":"Securities & Investment","indivs":"36050","pacs":"7500","total":"43550"}},{"@attributes":{"industry_code":"P03","industry_name":"Transportation Unions","indivs":"0","pacs":"43000","total":"43000"}},{"@attributes":{"industry_code":"H04","industry_name":"Pharmaceuticals/Health Products","indivs":"500","pacs":"41500","total":"42000"}},{"@attributes":{"industry_code":"P02","industry_name":"Industrial Unions","indivs":"0","pacs":"40000","total":"40000"}},{"@attributes":{"industry_code":"Q05","industry_name":"Pro-Israel","indivs":"15900","pacs":"17500","total":"33400"}}]}}}