{"id":"B001236","title":"Senator, 3rd Class","short_title":"Sen.","api_uri":"https://api.propublica.org/congress/v1/members/B001236.json","first_name":"John","middle_name":null,"last_name":"Boozman","suffix":null,"date_of_birth":"1950-12-10","gender":"M","party":"R","leadership_role":null,"twitter_account":"JohnBoozman","facebook_account":"JohnBoozman","youtube_account":"BoozmanPressOffice","govtrack_id":"400040","cspan_id":"92069","votesmart_id":"27958","icpsr_id":"20101","crp_id":"N00013873","google_entity_id":"/m/024s3v","fec_candidate_id":"S0AR00150","url":"https://www.boozman.senate.gov/public","rss_url":"https://www.boozman.senate.gov/public/index.cfm/rss/feed","contact_form":"https://www.boozman.senate.gov/public/index.cfm/contact","in_office":true,"dw_nominate":0.402,"ideal_point":null,"seniority":"7","next_election":"2022","total_votes":388,"missed_votes":0,"total_present":0,"ocd_id":"ocd-division/country:us/state:ar","office":"141 Hart Senate Office Building","phone":"202-224-4843","fax":"202-228-1371","state":"AR","senate_class":"3","state_rank":"senior","lis_id":"S343","missed_votes_pct":0,"votes_with_party_pct":98.97,"response":{"industries":{"@attributes":{"cand_name":"John Boozman (R)","cid":"N00013873","cycle":"2014","origin":"Center for Responsive Politics","source":"https://www.opensecrets.org/members-of-congress/industries?cid=N00013873&cycle=2014","last_updated":"02/27/2017"},"industry":[{"@attributes":{"industry_code":"W06","industry_name":"Retired","indivs":"319726","pacs":"0","total":"319726"}},{"@attributes":{"industry_code":"H01","industry_name":"Health Professionals","indivs":"219714","pacs":"64000","total":"283714"}},{"@attributes":{"industry_code":"Q03","industry_name":"Leadership PACs","indivs":"0","pacs":"247536","total":"247536"}},{"@attributes":{"industry_code":"F07","industry_name":"Securities & Investment","indivs":"210229","pacs":"20000","total":"230229"}},{"@attributes":{"industry_code":"N03","industry_name":"Retail Sales","indivs":"77900","pacs":"26000","total":"103900"}},{"@attributes":{"industry_code":"F10","industry_name":"Real Estate","indivs":"94748","pacs":"8500","total":"103248"}},{"@attributes":{"industry_code":"F03","industry_name":"Commercial Banks","indivs":"65230","pacs":"31500","total":"96730"}},{"@attributes":{"industry_code":"E01","industry_name":"Oil & Gas","indivs":"67502","pacs":"29000","total":"96502"}},{"@attributes":{"industry_code":"K01","industry_name":"Lawyers/Law Firms","indivs":"66041","pacs":"26798","total":"92839"}},{"@attributes":{"industry_code":"K02","industry_name":"Lobbyists","indivs":"84443","pacs":"918","total":"85361"}}]}}}