{"id":"B001293","title":"Representative","short_title":"Rep.","api_uri":"https://api.propublica.org/congress/v1/members/B001293.json","first_name":"Mike","middle_name":null,"last_name":"Bishop","suffix":null,"date_of_birth":"1967-03-18","gender":"M","party":"R","leadership_role":null,"twitter_account":"RepMikeBishop","facebook_account":"RepMikeBishop","youtube_account":null,"govtrack_id":"412635","cspan_id":"78290","votesmart_id":"20157","icpsr_id":"21527","crp_id":"N00036449","google_entity_id":"/m/027qc0m","fec_candidate_id":"H4MI08135","url":"https://mikebishop.house.gov","rss_url":null,"contact_form":null,"in_office":true,"dw_nominate":0.448,"ideal_point":null,"seniority":"4","next_election":"2018","total_votes":841,"missed_votes":6,"total_present":0,"ocd_id":"ocd-division/country:us/state:mi/cd:8","office":"428 Cannon House Office Building","phone":"202-225-4872","fax":"202-225-5820","state":"MI","district":"8","at_large":false,"geoid":"2608","missed_votes_pct":0.71,"votes_with_party_pct":94.73}