{"id":"B001248","title":"Representative","short_title":"Rep.","api_uri":"https://api.propublica.org/congress/v1/members/B001248.json","first_name":"Michael","middle_name":"C.","last_name":"Burgess","suffix":null,"date_of_birth":"1950-12-23","gender":"M","party":"R","leadership_role":null,"twitter_account":"MichaelCBurgess","facebook_account":"michaelcburgess","youtube_account":"michaelcburgessmd","govtrack_id":"400052","cspan_id":"1003620","votesmart_id":"50120","icpsr_id":"20355","crp_id":"N00025219","google_entity_id":"/m/03tq8_","fec_candidate_id":"H2TX26093","url":"https://burgess.house.gov","rss_url":"https://burgess.house.gov/news/rss.aspx","contact_form":null,"in_office":true,"dw_nominate":0.57,"ideal_point":null,"seniority":"16","next_election":"2018","total_votes":841,"missed_votes":19,"total_present":0,"ocd_id":"ocd-division/country:us/state:tx/cd:26","office":"2336 Rayburn House Office Building","phone":"202-225-7772","fax":"202-225-2919","state":"TX","district":"26","at_large":false,"geoid":"4826","missed_votes_pct":2.26,"votes_with_party_pct":94.04,"response":{"industries":{"@attributes":{"cand_name":"Michael Burgess (R)","cid":"N00025219","cycle":"2012","origin":"Center for Responsive Politics","source":"https://www.opensecrets.org/members-of-congress/industries?cid=N00025219&cycle=2012","last_updated":"03/25/2013"},"industry":[{"@attributes":{"industry_code":"H01","industry_name":"Health Professionals","indivs":"32388","pacs":"259000","total":"291388"}},{"@attributes":{"industry_code":"H04","industry_name":"Pharmaceuticals/Health Products","indivs":"500","pacs":"159750","total":"160250"}},{"@attributes":{"industry_code":"H03","industry_name":"Health Services/HMOs","indivs":"3000","pacs":"69000","total":"72000"}},{"@attributes":{"industry_code":"E01","industry_name":"Oil & Gas","indivs":"3000","pacs":"65000","total":"68000"}},{"@attributes":{"industry_code":"H02","industry_name":"Hospitals/Nursing Homes","indivs":"5750","pacs":"32000","total":"37750"}},{"@attributes":{"industry_code":"K02","industry_name":"Lobbyists","indivs":"34594","pacs":"0","total":"34594"}},{"@attributes":{"industry_code":"K01","industry_name":"Lawyers/Law Firms","indivs":"7550","pacs":"23500","total":"31050"}},{"@attributes":{"industry_code":"E08","industry_name":"Electric Utilities","indivs":"500","pacs":"30000","total":"30500"}},{"@attributes":{"industry_code":"F09","industry_name":"Insurance","indivs":"1200","pacs":"23500","total":"24700"}},{"@attributes":{"industry_code":"B02","industry_name":"TV/Movies/Music","indivs":"500","pacs":"22000","total":"22500"}}]}}}