{"id":"B001230","title":"Senator, 1st Class","short_title":"Sen.","api_uri":"https://api.propublica.org/congress/v1/members/B001230.json","first_name":"Tammy","middle_name":null,"last_name":"Baldwin","suffix":null,"date_of_birth":"1962-02-11","gender":"F","party":"D","leadership_role":null,"twitter_account":"SenatorBaldwin","facebook_account":"TammyBaldwin","youtube_account":"witammybaldwin","govtrack_id":"400013","cspan_id":"57884","votesmart_id":"3470","icpsr_id":"29940","crp_id":"N00004367","google_entity_id":"/m/024v02","fec_candidate_id":"S2WI00219","url":"https://www.baldwin.senate.gov","rss_url":"https://www.baldwin.senate.gov/rss/feeds/?type=all","contact_form":"https://www.baldwin.senate.gov/feedback","in_office":true,"dw_nominate":-0.536,"ideal_point":null,"seniority":"5","next_election":"2018","total_votes":388,"missed_votes":3,"total_present":1,"ocd_id":"ocd-division/country:us/state:wi","office":"709 Hart","phone":"202-224-5653","fax":"202-225-6942","state":"WI","senate_class":"1","state_rank":"junior","lis_id":"S354","missed_votes_pct":0.77,"votes_with_party_pct":96.1,"response":{"industries":{"@attributes":{"cand_name":"Tammy Baldwin (D)","cid":"N00004367","cycle":"2012","origin":"Center for Responsive Politics","source":"https://www.opensecrets.org/members-of-congress/industries?cid=N00004367&cycle=2012","last_updated":"03/25/2013"},"industry":[{"@attributes":{"industry_code":"Q08","industry_name":"Women's Issues","indivs":"878510","pacs":"36972","total":"915482"}},{"@attributes":{"industry_code":"W06","industry_name":"Retired","indivs":"791756","pacs":"0","total":"791756"}},{"@attributes":{"industry_code":"K01","industry_name":"Lawyers/Law Firms","indivs":"579424","pacs":"18250","total":"597674"}},{"@attributes":{"industry_code":"Q02","industry_name":"Democratic/Liberal","indivs":"382027","pacs":"173765","total":"555792"}},{"@attributes":{"industry_code":"Q03","industry_name":"Leadership PACs","indivs":"8750","pacs":"300680","total":"309430"}},{"@attributes":{"industry_code":"W04","industry_name":"Education","indivs":"298298","pacs":"0","total":"298298"}},{"@attributes":{"industry_code":"Q09","industry_name":"Human Rights","indivs":"185546","pacs":"29993","total":"215539"}},{"@attributes":{"industry_code":"H01","industry_name":"Health Professionals","indivs":"161904","pacs":"40750","total":"202654"}},{"@attributes":{"industry_code":"Q05","industry_name":"Pro-Israel","indivs":"147665","pacs":"24715","total":"172380"}},{"@attributes":{"industry_code":"N05","industry_name":"Business Services","indivs":"163238","pacs":"0","total":"163238"}}]}}}