{"id":"B001300","title":"Representative","short_title":"Rep.","api_uri":"https://api.propublica.org/congress/v1/members/B001300.json","first_name":"Nanette","middle_name":null,"last_name":"Barragán","suffix":null,"date_of_birth":"1976-09-15","gender":"F","party":"D","leadership_role":null,"twitter_account":"RepBarragan","facebook_account":"CongresswomanBarragan","youtube_account":null,"govtrack_id":"412687","cspan_id":"104730","votesmart_id":"166270","icpsr_id":"21703","crp_id":"N00037019","google_entity_id":"/g/11bx55ybbz","fec_candidate_id":"H6CA44103","url":"https://barragan.house.gov","rss_url":null,"contact_form":null,"in_office":true,"dw_nominate":-0.537,"ideal_point":null,"seniority":"2","next_election":"2018","total_votes":841,"missed_votes":27,"total_present":0,"ocd_id":"ocd-division/country:us/state:ca/cd:44","office":"1320 Longworth House Office Building","phone":"202-225-8220","fax":null,"state":"CA","district":"44","at_large":false,"geoid":"0644","missed_votes_pct":3.21,"votes_with_party_pct":94.35,"response":{"industries":{"@attributes":{"cand_name":"Nanette Barragan (D)","cid":"N00037019","cycle":"2018","origin":"Center for Responsive Politics","source":"https://www.opensecrets.org/members-of-congress/industries?cid=N00037019&cycle=2018","last_updated":"03/26/2018"},"industry":[{"@attributes":{"industry_code":"K01","industry_name":"Lawyers/Law Firms","indivs":"120579","pacs":"12000","total":"132579"}},{"@attributes":{"industry_code":"Q02","industry_name":"Democratic/Liberal","indivs":"32709","pacs":"8000","total":"40709"}},{"@attributes":{"industry_code":"P02","industry_name":"Industrial Unions","indivs":"0","pacs":"31000","total":"31000"}},{"@attributes":{"industry_code":"F07","industry_name":"Securities & Investment","indivs":"29310","pacs":"1000","total":"30310"}},{"@attributes":{"industry_code":"P01","industry_name":"Building Trade Unions","indivs":"0","pacs":"30000","total":"30000"}},{"@attributes":{"industry_code":"Q03","industry_name":"Leadership PACs","indivs":"0","pacs":"26000","total":"26000"}},{"@attributes":{"industry_code":"F10","industry_name":"Real Estate","indivs":"20315","pacs":"5500","total":"25815"}},{"@attributes":{"industry_code":"P03","industry_name":"Transportation Unions","indivs":"0","pacs":"25000","total":"25000"}},{"@attributes":{"industry_code":"P05","industry_name":"Misc Unions","indivs":"39","pacs":"21000","total":"21039"}},{"@attributes":{"industry_code":"B02","industry_name":"TV/Movies/Music","indivs":"18131","pacs":"1000","total":"19131"}}]}}}