{"id":"B001273","title":"Representative","short_title":"Rep.","api_uri":"https://api.propublica.org/congress/v1/members/B001273.json","first_name":"Diane","middle_name":null,"last_name":"Black","suffix":null,"date_of_birth":"1951-01-16","gender":"F","party":"R","leadership_role":"","twitter_account":"RepDianeBlack","facebook_account":"DianeBlackTN06","youtube_account":"RepDianeBlack","govtrack_id":"412478","cspan_id":"9268964","votesmart_id":"25292","icpsr_id":"21180","crp_id":"N00031539","google_entity_id":"/m/0cyvxl","fec_candidate_id":"H0TN06257","url":"https://black.house.gov","rss_url":"https://black.house.gov/rss.xml","contact_form":null,"in_office":true,"dw_nominate":0.581,"ideal_point":null,"seniority":"8","next_election":"2018","total_votes":841,"missed_votes":87,"total_present":0,"ocd_id":"ocd-division/country:us/state:tn/cd:6","office":"1131 Longworth House Office Building","phone":"202-225-4231","fax":"202-225-6887","state":"TN","district":"6","at_large":false,"geoid":"4706","missed_votes_pct":10.34,"votes_with_party_pct":98.01}