{"id":"B001294","title":"Representative","short_title":"Rep.","api_uri":"https://api.propublica.org/congress/v1/members/B001294.json","first_name":"Rod","middle_name":null,"last_name":"Blum","suffix":null,"date_of_birth":"1955-04-26","gender":"M","party":"R","leadership_role":null,"twitter_account":"RepRodBlum","facebook_account":"congressmanrodblum","youtube_account":null,"govtrack_id":"412627","cspan_id":"623771","votesmart_id":"135714","icpsr_id":"21520","crp_id":"N00033744","google_entity_id":"/m/0127p02j","fec_candidate_id":"H2IA01055","url":"https://blum.house.gov","rss_url":null,"contact_form":null,"in_office":true,"dw_nominate":0.52,"ideal_point":null,"seniority":"4","next_election":"2018","total_votes":841,"missed_votes":17,"total_present":1,"ocd_id":"ocd-division/country:us/state:ia/cd:1","office":"1108 Longworth House Office Building","phone":"202-225-2911","fax":null,"state":"IA","district":"1","at_large":false,"geoid":"1901","missed_votes_pct":2.02,"votes_with_party_pct":89.93,"response":{"industries":{"@attributes":{"cand_name":"Rod Blum (R)","cid":"N00033744","cycle":"2016","origin":"Center for Responsive Politics","source":"https://www.opensecrets.org/members-of-congress/industries?cid=N00033744&cycle=2016","last_updated":"11/27/2017"},"industry":[{"@attributes":{"industry_code":"Q03","industry_name":"Leadership PACs","indivs":"20625","pacs":"150750","total":"171375"}},{"@attributes":{"industry_code":"Q01","industry_name":"Republican/Conservative","indivs":"124183","pacs":"28000","total":"152183"}},{"@attributes":{"industry_code":"W06","industry_name":"Retired","indivs":"143969","pacs":"0","total":"143969"}},{"@attributes":{"industry_code":"F09","industry_name":"Insurance","indivs":"27100","pacs":"35000","total":"62100"}},{"@attributes":{"industry_code":"Q16","industry_name":"Candidate Committees","indivs":"500","pacs":"55900","total":"56400"}},{"@attributes":{"industry_code":"F03","industry_name":"Commercial Banks","indivs":"19225","pacs":"22300","total":"41525"}},{"@attributes":{"industry_code":"A01","industry_name":"Crop Production & Basic Processing","indivs":"21000","pacs":"17000","total":"38000"}},{"@attributes":{"industry_code":"M03","industry_name":"Trucking","indivs":"33150","pacs":"1000","total":"34150"}},{"@attributes":{"industry_code":"F07","industry_name":"Securities & Investment","indivs":"27720","pacs":"4000","total":"31720"}},{"@attributes":{"industry_code":"F10","industry_name":"Real Estate","indivs":"21800","pacs":"9000","total":"30800"}}]}}}