{"id":"B001302","title":"Representative","short_title":"Rep.","api_uri":"https://api.propublica.org/congress/v1/members/B001302.json","first_name":"Andy","middle_name":null,"last_name":"Biggs","suffix":null,"date_of_birth":"1958-11-07","gender":"M","party":"R","leadership_role":null,"twitter_account":"RepAndyBiggsAZ","facebook_account":"RepAndyBiggs","youtube_account":null,"govtrack_id":"412683","cspan_id":"105145","votesmart_id":"28088","icpsr_id":"21705","crp_id":"N00039293","google_entity_id":"/m/0_1m23v","fec_candidate_id":"H6AZ05083","url":"https://biggs.house.gov","rss_url":"https://biggs.house.gov/rss.xml","contact_form":null,"in_office":true,"dw_nominate":0.929,"ideal_point":null,"seniority":"2","next_election":"2018","total_votes":841,"missed_votes":3,"total_present":0,"ocd_id":"ocd-division/country:us/state:az/cd:5","office":"1626 Longworth House Office Building","phone":"202-225-2635","fax":null,"state":"AZ","district":"5","at_large":false,"geoid":"0405","missed_votes_pct":0.36,"votes_with_party_pct":89.86,"response":{"industries":{"@attributes":{"cand_name":"Andy Biggs (R)","cid":"N00039293","cycle":"2016","origin":"Center for Responsive Politics","source":"https://www.opensecrets.org/members-of-congress/industries?cid=N00039293&cycle=2016","last_updated":"11/27/2017"},"industry":[{"@attributes":{"industry_code":"Q01","industry_name":"Republican/Conservative","indivs":"74522","pacs":"17150","total":"91672"}},{"@attributes":{"industry_code":"W06","industry_name":"Retired","indivs":"57510","pacs":"0","total":"57510"}},{"@attributes":{"industry_code":"Q03","industry_name":"Leadership PACs","indivs":"6650","pacs":"42000","total":"48650"}},{"@attributes":{"industry_code":"F10","industry_name":"Real Estate","indivs":"33550","pacs":"6000","total":"39550"}},{"@attributes":{"industry_code":"Q16","industry_name":"Candidate Committees","indivs":"0","pacs":"32000","total":"32000"}},{"@attributes":{"industry_code":"H01","industry_name":"Health Professionals","indivs":"14200","pacs":"10500","total":"24700"}},{"@attributes":{"industry_code":"F06","industry_name":"Finance/Credit Companies","indivs":"17200","pacs":"5000","total":"22200"}},{"@attributes":{"industry_code":"M02","industry_name":"Automotive","indivs":"13800","pacs":"7500","total":"21300"}},{"@attributes":{"industry_code":"C02","industry_name":"Home Builders","indivs":"10000","pacs":"10500","total":"20500"}},{"@attributes":{"industry_code":"E08","industry_name":"Electric Utilities","indivs":"4600","pacs":"15000","total":"19600"}}]}}}