{"id":"B001305","title":"Representative","short_title":"Rep.","api_uri":"https://api.propublica.org/congress/v1/members/B001305.json","first_name":"Ted","middle_name":null,"last_name":"Budd","suffix":null,"date_of_birth":"1971-10-21","gender":"M","party":"R","leadership_role":null,"twitter_account":"RepTedBudd","facebook_account":"RepTedBudd","youtube_account":null,"govtrack_id":"412712","cspan_id":"103513","votesmart_id":"171489","icpsr_id":"21708","crp_id":"N00039551","google_entity_id":"/g/11c2nmnsj0","fec_candidate_id":"H6NC13129","url":"https://budd.house.gov","rss_url":null,"contact_form":null,"in_office":true,"dw_nominate":0.814,"ideal_point":null,"seniority":"2","next_election":"2018","total_votes":841,"missed_votes":2,"total_present":0,"ocd_id":"ocd-division/country:us/state:nc/cd:13","office":"118 Cannon House Office Building","phone":"202-225-4531","fax":null,"state":"NC","district":"13","at_large":false,"geoid":"3713","missed_votes_pct":0.24,"votes_with_party_pct":95.95}