{"id":"B001274","title":"Representative","short_title":"Rep.","api_uri":"https://api.propublica.org/congress/v1/members/B001274.json","first_name":"Mo","middle_name":null,"last_name":"Brooks","suffix":null,"date_of_birth":"1954-04-29","gender":"M","party":"R","leadership_role":null,"twitter_account":"RepMoBrooks","facebook_account":"155220881193244","youtube_account":"RepMoBrooks","govtrack_id":"412395","cspan_id":"94888","votesmart_id":"121610","icpsr_id":"21193","crp_id":"N00030910","google_entity_id":"/m/0c3xdjf","fec_candidate_id":"H0AL05163","url":"https://brooks.house.gov","rss_url":null,"contact_form":null,"in_office":true,"dw_nominate":0.599,"ideal_point":null,"seniority":"8","next_election":"2018","total_votes":841,"missed_votes":67,"total_present":0,"ocd_id":"ocd-division/country:us/state:al/cd:5","office":"2400 Rayburn House Office Building","phone":"202-225-4801","fax":"202-225-4392","state":"AL","district":"5","at_large":false,"geoid":"0105","missed_votes_pct":7.97,"votes_with_party_pct":93.67}