{"id":"B001297","title":"Representative","short_title":"Rep.","api_uri":"https://api.propublica.org/congress/v1/members/B001297.json","first_name":"Ken","middle_name":null,"last_name":"Buck","suffix":null,"date_of_birth":"1959-02-16","gender":"M","party":"R","leadership_role":null,"twitter_account":"RepKenBuck","facebook_account":"repkenbuck","youtube_account":null,"govtrack_id":"412619","cspan_id":"78285","votesmart_id":"125319","icpsr_id":"21510","crp_id":"N00030829","google_entity_id":"/m/05zzjd2","fec_candidate_id":"S0CO00237","url":"https://buck.house.gov","rss_url":"https://buck.house.gov/rss.xml","contact_form":null,"in_office":true,"dw_nominate":0.728,"ideal_point":null,"seniority":"4","next_election":"2018","total_votes":841,"missed_votes":9,"total_present":0,"ocd_id":"ocd-division/country:us/state:co/cd:4","office":"1130 Longworth House Office Building","phone":"202-225-4676","fax":"202-225-5870","state":"CO","district":"4","at_large":false,"geoid":"0804","missed_votes_pct":1.07,"votes_with_party_pct":91.83,"response":{"industries":{"@attributes":{"cand_name":"Ken Buck (R)","cid":"N00030829","cycle":"2014","origin":"Center for Responsive Politics","source":"https://www.opensecrets.org/members-of-congress/industries?cid=N00030829&cycle=2014","last_updated":"02/27/2017"},"industry":[{"@attributes":{"industry_code":"W06","industry_name":"Retired","indivs":"138750","pacs":"0","total":"138750"}},{"@attributes":{"industry_code":"E01","industry_name":"Oil & Gas","indivs":"63650","pacs":"52800","total":"116450"}},{"@attributes":{"industry_code":"Q03","industry_name":"Leadership PACs","indivs":"0","pacs":"66000","total":"66000"}},{"@attributes":{"industry_code":"F10","industry_name":"Real Estate","indivs":"57050","pacs":"5000","total":"62050"}},{"@attributes":{"industry_code":"C01","industry_name":"General Contractors","indivs":"41600","pacs":"7000","total":"48600"}},{"@attributes":{"industry_code":"N05","industry_name":"Business Services","indivs":"44425","pacs":"0","total":"44425"}},{"@attributes":{"industry_code":"Q13","industry_name":"Gun Rights","indivs":"28800","pacs":"13058","total":"41858"}},{"@attributes":{"industry_code":"M02","industry_name":"Automotive","indivs":"33200","pacs":"8000","total":"41200"}},{"@attributes":{"industry_code":"H01","industry_name":"Health Professionals","indivs":"24430","pacs":"16000","total":"40430"}},{"@attributes":{"industry_code":"F13","industry_name":"Misc Finance","indivs":"35100","pacs":"2500","total":"37600"}}]}}}