{"id":"B001287","title":"Representative","short_title":"Rep.","api_uri":"https://api.propublica.org/congress/v1/members/B001287.json","first_name":"Ami","middle_name":null,"last_name":"Bera","suffix":null,"date_of_birth":"1965-03-02","gender":"M","party":"D","leadership_role":null,"twitter_account":"RepBera","facebook_account":"RepAmiBera","youtube_account":"repamibera","govtrack_id":"412512","cspan_id":"1033636","votesmart_id":"120030","icpsr_id":"21304","crp_id":"N00030717","google_entity_id":"/m/0dgqnts","fec_candidate_id":"H0CA03078","url":"https://bera.house.gov","rss_url":"https://bera.house.gov/rss.xml","contact_form":null,"in_office":true,"dw_nominate":-0.225,"ideal_point":null,"seniority":"6","next_election":"2018","total_votes":841,"missed_votes":1,"total_present":0,"ocd_id":"ocd-division/country:us/state:ca/cd:7","office":"1431 Longworth House Office Building","phone":"202-225-5716","fax":"202-226-1298","state":"CA","district":"7","at_large":false,"geoid":"0607","missed_votes_pct":0.12,"votes_with_party_pct":90}