{"id":"B001281","title":"Representative","short_title":"Rep.","api_uri":"https://api.propublica.org/congress/v1/members/B001281.json","first_name":"Joyce","middle_name":null,"last_name":"Beatty","suffix":null,"date_of_birth":"1950-03-12","gender":"F","party":"D","leadership_role":null,"twitter_account":"RepBeatty","facebook_account":"RepJoyceBeatty","youtube_account":null,"govtrack_id":"412565","cspan_id":"67294","votesmart_id":"2427","icpsr_id":"21352","crp_id":"N00033904","google_entity_id":"/m/03lcwb","fec_candidate_id":"H2OH03125","url":"https://beatty.house.gov","rss_url":"https://beatty.house.gov/rss.xml","contact_form":null,"in_office":true,"dw_nominate":-0.439,"ideal_point":null,"seniority":"6","next_election":"2018","total_votes":841,"missed_votes":22,"total_present":0,"ocd_id":"ocd-division/country:us/state:oh/cd:3","office":"133 Cannon House Office Building","phone":"202-225-4324","fax":"202-225-1984","state":"OH","district":"3","at_large":false,"geoid":"3903","missed_votes_pct":2.62,"votes_with_party_pct":94.26,"response":{"industries":{"@attributes":{"cand_name":"Joyce Beatty (D)","cid":"N00033904","cycle":"2018","origin":"Center for Responsive Politics","source":"https://www.opensecrets.org/members-of-congress/industries?cid=N00033904&cycle=2018","last_updated":"03/26/2018"},"industry":[{"@attributes":{"industry_code":"F09","industry_name":"Insurance","indivs":"10700","pacs":"76758","total":"87458"}},{"@attributes":{"industry_code":"F07","industry_name":"Securities & Investment","indivs":"1500","pacs":"32500","total":"34000"}},{"@attributes":{"industry_code":"F03","industry_name":"Commercial Banks","indivs":"2950","pacs":"26500","total":"29450"}},{"@attributes":{"industry_code":"K01","industry_name":"Lawyers/Law Firms","indivs":"3900","pacs":"16550","total":"20450"}},{"@attributes":{"industry_code":"P02","industry_name":"Industrial Unions","indivs":"0","pacs":"18500","total":"18500"}},{"@attributes":{"industry_code":"P01","industry_name":"Building Trade Unions","indivs":"0","pacs":"17500","total":"17500"}},{"@attributes":{"industry_code":"F10","industry_name":"Real Estate","indivs":"1600","pacs":"15500","total":"17100"}},{"@attributes":{"industry_code":"H04","industry_name":"Pharmaceuticals/Health Products","indivs":"0","pacs":"17000","total":"17000"}},{"@attributes":{"industry_code":"E08","industry_name":"Electric Utilities","indivs":"0","pacs":"16500","total":"16500"}},{"@attributes":{"industry_code":"N02","industry_name":"Beer, Wine & Liquor","indivs":"0","pacs":"13500","total":"13500"}},{"@attributes":{"industry_code":"F11","industry_name":"Accountants","indivs":"0","pacs":"13500","total":"13500"}}]}}}