{"id":"B001275","title":"Representative","short_title":"Rep.","api_uri":"https://api.propublica.org/congress/v1/members/B001275.json","first_name":"Larry","middle_name":null,"last_name":"Bucshon","suffix":null,"date_of_birth":"1962-05-31","gender":"M","party":"R","leadership_role":null,"twitter_account":"RepLarryBucshon","facebook_account":"RepLarryBucshon","youtube_account":"RepLarryBucshon","govtrack_id":"412427","cspan_id":"61837","votesmart_id":"120335","icpsr_id":"21132","crp_id":"N00031227","google_entity_id":"/m/0dd9k_y","fec_candidate_id":"H0IN08114","url":"https://bucshon.house.gov","rss_url":null,"contact_form":null,"in_office":true,"dw_nominate":0.388,"ideal_point":null,"seniority":"8","next_election":"2018","total_votes":841,"missed_votes":11,"total_present":0,"ocd_id":"ocd-division/country:us/state:in/cd:8","office":"1005 Longworth House Office Building","phone":"202-225-4636","fax":"202-225-3284","state":"IN","district":"8","at_large":false,"geoid":"1808","missed_votes_pct":1.31,"votes_with_party_pct":94.7,"response":{"industries":{"@attributes":{"cand_name":"Larry Bucshon (R)","cid":"N00031227","cycle":"2014","origin":"Center for Responsive Politics","source":"https://www.opensecrets.org/members-of-congress/industries?cid=N00031227&cycle=2014","last_updated":"02/27/2017"},"industry":[{"@attributes":{"industry_code":"H01","industry_name":"Health Professionals","indivs":"9450","pacs":"143000","total":"152450"}},{"@attributes":{"industry_code":"E04","industry_name":"Mining","indivs":"59500","pacs":"26000","total":"85500"}},{"@attributes":{"industry_code":"C05","industry_name":"Building Materials & Equipment","indivs":"38950","pacs":"13000","total":"51950"}},{"@attributes":{"industry_code":"F10","industry_name":"Real Estate","indivs":"26192","pacs":"12500","total":"38692"}},{"@attributes":{"industry_code":"F09","industry_name":"Insurance","indivs":"18900","pacs":"18000","total":"36900"}},{"@attributes":{"industry_code":"Q03","industry_name":"Leadership PACs","indivs":"0","pacs":"33678","total":"33678"}},{"@attributes":{"industry_code":"C04","industry_name":"Construction Services","indivs":"24000","pacs":"7000","total":"31000"}},{"@attributes":{"industry_code":"M04","industry_name":"Railroads","indivs":"3500","pacs":"27000","total":"30500"}},{"@attributes":{"industry_code":"N15","industry_name":"Misc Manufacturing & Distributing","indivs":"24550","pacs":"5500","total":"30050"}},{"@attributes":{"industry_code":"E08","industry_name":"Electric Utilities","indivs":"3500","pacs":"23250","total":"26750"}}]}}}