{"id":"C000984","title":"Representative","short_title":"Rep.","api_uri":"https://api.propublica.org/congress/v1/members/C000984.json","first_name":"Elijah","middle_name":"E.","last_name":"Cummings","suffix":null,"date_of_birth":"1951-01-18","gender":"M","party":"D","leadership_role":null,"twitter_account":"RepCummings","facebook_account":"elijahcummings","youtube_account":"ElijahECummings","govtrack_id":"400090","cspan_id":"43300","votesmart_id":"345","icpsr_id":"29587","crp_id":"N00001971","google_entity_id":"/m/025k9h","fec_candidate_id":"H6MD07160","url":"https://cummings.house.gov","rss_url":"https://cummings.house.gov/rss.xml","contact_form":null,"in_office":true,"dw_nominate":-0.438,"ideal_point":null,"seniority":"24","next_election":"2018","total_votes":841,"missed_votes":368,"total_present":0,"ocd_id":"ocd-division/country:us/state:md/cd:7","office":"2163 Rayburn House Office Building","phone":"202-225-4741","fax":"202-225-3178","state":"MD","district":"7","at_large":false,"geoid":"2407","missed_votes_pct":43.76,"votes_with_party_pct":95.14,"response":{"industries":{"@attributes":{"cand_name":"Elijah E Cummings (D)","cid":"N00001971","cycle":"2016","origin":"Center for Responsive Politics","source":"https://www.opensecrets.org/members-of-congress/industries?cid=N00001971&cycle=2016","last_updated":"11/27/2017"},"industry":[{"@attributes":{"industry_code":"P04","industry_name":"Public Sector Unions","indivs":"500","pacs":"93300","total":"93800"}},{"@attributes":{"industry_code":"P03","industry_name":"Transportation Unions","indivs":"0","pacs":"81700","total":"81700"}},{"@attributes":{"industry_code":"K01","industry_name":"Lawyers/Law Firms","indivs":"30850","pacs":"25500","total":"56350"}},{"@attributes":{"industry_code":"F10","industry_name":"Real Estate","indivs":"40100","pacs":"10000","total":"50100"}},{"@attributes":{"industry_code":"H01","industry_name":"Health Professionals","indivs":"20425","pacs":"26900","total":"47325"}},{"@attributes":{"industry_code":"M04","industry_name":"Railroads","indivs":"2500","pacs":"32000","total":"34500"}},{"@attributes":{"industry_code":"E01","industry_name":"Oil & Gas","indivs":"28000","pacs":"4000","total":"32000"}},{"@attributes":{"industry_code":"P02","industry_name":"Industrial Unions","indivs":"0","pacs":"31000","total":"31000"}},{"@attributes":{"industry_code":"M05","industry_name":"Sea Transport","indivs":"1250","pacs":"29000","total":"30250"}},{"@attributes":{"industry_code":"M01","industry_name":"Air Transport","indivs":"0","pacs":"27500","total":"27500"}}]}}}