{"id":"C000754","title":"Representative","short_title":"Rep.","api_uri":"https://api.propublica.org/congress/v1/members/C000754.json","first_name":"Jim","middle_name":null,"last_name":"Cooper","suffix":null,"date_of_birth":"1954-06-19","gender":"M","party":"D","leadership_role":null,"twitter_account":"RepJimCooper","facebook_account":"JimCooper","youtube_account":"RepJimCooper","govtrack_id":"400081","cspan_id":"1201","votesmart_id":"48891","icpsr_id":"15019","crp_id":"N00003132","google_entity_id":"/m/03tm2p","fec_candidate_id":"H2TN05131","url":"https://cooper.house.gov","rss_url":"https://cooper.house.gov/rss.xml","contact_form":null,"in_office":true,"dw_nominate":-0.161,"ideal_point":null,"seniority":"16","next_election":"2018","total_votes":841,"missed_votes":4,"total_present":0,"ocd_id":"ocd-division/country:us/state:tn/cd:5","office":"1536 Longworth House Office Building","phone":"202-225-4311","fax":"202-226-1035","state":"TN","district":"5","at_large":false,"geoid":"4705","missed_votes_pct":0.48,"votes_with_party_pct":86.74}