{"id":"C000714","title":"Representative","short_title":"Rep.","api_uri":"https://api.propublica.org/congress/v1/members/C000714.json","first_name":"John","middle_name":null,"last_name":"Conyers","suffix":"Jr.","date_of_birth":"1929-05-16","gender":"M","party":"D","leadership_role":"","twitter_account":"RepJohnConyers","facebook_account":"CongressmanConyers","youtube_account":"JCMI14","govtrack_id":"400080","cspan_id":"1824","votesmart_id":"26904","icpsr_id":"10713","crp_id":"N00004029","google_entity_id":"/m/02hy5d","fec_candidate_id":"H6MI01028","url":"https://conyers.house.gov/","rss_url":"https://conyers.house.gov/rss.xml","contact_form":null,"in_office":false,"dw_nominate":-0.658,"ideal_point":null,"seniority":"54","next_election":"2018","total_votes":659,"missed_votes":34,"total_present":0,"ocd_id":"ocd-division/country:us/state:mi/cd:13","office":"2426 Rayburn House Office Building","phone":"202-225-5126","fax":"202-225-0072","state":"MI","district":"13","at_large":false,"geoid":"2613","missed_votes_pct":5.16,"votes_with_party_pct":94.4,"response":{"industries":{"@attributes":{"cand_name":"John Conyers Jr (D)","cid":"N00004029","cycle":"2014","origin":"Center for Responsive Politics","source":"https://www.opensecrets.org/members-of-congress/industries?cid=N00004029&cycle=2014","last_updated":"02/27/2017"},"industry":[{"@attributes":{"industry_code":"K01","industry_name":"Lawyers/Law Firms","indivs":"21650","pacs":"46392","total":"68042"}},{"@attributes":{"industry_code":"B09","industry_name":"Telecom Services","indivs":"16000","pacs":"52000","total":"68000"}},{"@attributes":{"industry_code":"B02","industry_name":"TV/Movies/Music","indivs":"13750","pacs":"49000","total":"62750"}},{"@attributes":{"industry_code":"P04","industry_name":"Public Sector Unions","indivs":"0","pacs":"47000","total":"47000"}},{"@attributes":{"industry_code":"N03","industry_name":"Retail Sales","indivs":"500","pacs":"37000","total":"37500"}},{"@attributes":{"industry_code":"P01","industry_name":"Building Trade Unions","indivs":"0","pacs":"36500","total":"36500"}},{"@attributes":{"industry_code":"P02","industry_name":"Industrial Unions","indivs":"0","pacs":"33500","total":"33500"}},{"@attributes":{"industry_code":"P05","industry_name":"Misc Unions","indivs":"0","pacs":"30000","total":"30000"}},{"@attributes":{"industry_code":"B08","industry_name":"Telephone Utilities","indivs":"0","pacs":"27000","total":"27000"}},{"@attributes":{"industry_code":"Q03","industry_name":"Leadership PACs","indivs":"0","pacs":"25000","total":"25000"}}]}}}