{"id":"C000567","title":"Senator, 2nd Class","short_title":"Sen.","api_uri":"https://api.propublica.org/congress/v1/members/C000567.json","first_name":"Thad","middle_name":null,"last_name":"Cochran","suffix":null,"date_of_birth":"1937-12-07","gender":"M","party":"R","leadership_role":"","twitter_account":"SenThadCochran","facebook_account":null,"youtube_account":"sencochran","govtrack_id":"300023","cspan_id":"1200","votesmart_id":"53312","icpsr_id":"14009","crp_id":"N00003328","google_entity_id":"/m/01fmcd","fec_candidate_id":"S8MS00055","url":"https://www.cochran.senate.gov","rss_url":"https://www.cochran.senate.gov/public/index.cfm/rss/taggedfeed?Type=news-releases&region=&issue=","contact_form":"https://www.cochran.senate.gov/public/index.cfm/email-me","in_office":true,"dw_nominate":0.287,"ideal_point":null,"seniority":"39","next_election":"2020","total_votes":388,"missed_votes":37,"total_present":0,"ocd_id":"ocd-division/country:us/state:ms","office":"113 Dirksen Senate Office Building","phone":"202-224-5054","fax":"202-224-9450","state":"MS","senate_class":"2","state_rank":"senior","lis_id":"S136","missed_votes_pct":9.54,"votes_with_party_pct":99.15,"response":{"industries":{"@attributes":{"cand_name":"Thad Cochran (R)","cid":"N00003328","cycle":"2014","origin":"Center for Responsive Politics","source":"https://www.opensecrets.org/members-of-congress/industries?cid=N00003328&cycle=2014","last_updated":"02/27/2017"},"industry":[{"@attributes":{"industry_code":"A01","industry_name":"Crop Production & Basic Processing","indivs":"263925","pacs":"239350","total":"503275"}},{"@attributes":{"industry_code":"Q03","industry_name":"Leadership PACs","indivs":"0","pacs":"463300","total":"463300"}},{"@attributes":{"industry_code":"K01","industry_name":"Lawyers/Law Firms","indivs":"159050","pacs":"138500","total":"297550"}},{"@attributes":{"industry_code":"A07","industry_name":"Agricultural Services/Products","indivs":"21000","pacs":"210500","total":"231500"}},{"@attributes":{"industry_code":"E01","industry_name":"Oil & Gas","indivs":"85505","pacs":"141000","total":"226505"}},{"@attributes":{"industry_code":"K02","industry_name":"Lobbyists","indivs":"213425","pacs":"6001","total":"219426"}},{"@attributes":{"industry_code":"D01","industry_name":"Defense Aerospace","indivs":"61800","pacs":"149000","total":"210800"}},{"@attributes":{"industry_code":"W06","industry_name":"Retired","indivs":"182254","pacs":"0","total":"182254"}},{"@attributes":{"industry_code":"H01","industry_name":"Health Professionals","indivs":"52509","pacs":"107150","total":"159659"}},{"@attributes":{"industry_code":"F09","industry_name":"Insurance","indivs":"33200","pacs":"121300","total":"154500"}}]}}}