{"id":"C000059","title":"Representative","short_title":"Rep.","api_uri":"https://api.propublica.org/congress/v1/members/C000059.json","first_name":"Ken","middle_name":null,"last_name":"Calvert","suffix":null,"date_of_birth":"1953-06-08","gender":"M","party":"R","leadership_role":null,"twitter_account":"KenCalvert","facebook_account":"RepKenCalvert","youtube_account":"RepKenCalvert","govtrack_id":"400057","cspan_id":"26709","votesmart_id":"26777","icpsr_id":"29323","crp_id":"N00007099","google_entity_id":"/m/024xl1","fec_candidate_id":"H2CA37023","url":"https://calvert.house.gov","rss_url":null,"contact_form":null,"in_office":true,"dw_nominate":0.348,"ideal_point":null,"seniority":"26","next_election":"2018","total_votes":841,"missed_votes":10,"total_present":0,"ocd_id":"ocd-division/country:us/state:ca/cd:42","office":"2205 Rayburn House Office Building","phone":"202-225-1986","fax":"202-225-2004","state":"CA","district":"42","at_large":false,"geoid":"0642","missed_votes_pct":1.19,"votes_with_party_pct":97.35}