{"id":"C000984","title":"Representative","short_title":"Rep.","api_uri":"https://api.propublica.org/congress/v1/members/C000984.json","first_name":"Elijah","middle_name":"E.","last_name":"Cummings","suffix":null,"date_of_birth":"1951-01-18","gender":"M","party":"D","leadership_role":null,"twitter_account":"RepCummings","facebook_account":"elijahcummings","youtube_account":"ElijahECummings","govtrack_id":"400090","cspan_id":"43300","votesmart_id":"345","icpsr_id":"29587","crp_id":"N00001971","google_entity_id":"/m/025k9h","fec_candidate_id":"H6MD07160","url":"https://cummings.house.gov","rss_url":"https://cummings.house.gov/rss.xml","contact_form":null,"in_office":true,"dw_nominate":-0.438,"ideal_point":null,"seniority":"24","next_election":"2018","total_votes":841,"missed_votes":368,"total_present":0,"ocd_id":"ocd-division/country:us/state:md/cd:7","office":"2163 Rayburn House Office Building","phone":"202-225-4741","fax":"202-225-3178","state":"MD","district":"7","at_large":false,"geoid":"2407","missed_votes_pct":43.76,"votes_with_party_pct":95.14,"response":{"industries":{"@attributes":{"cand_name":"Elijah E Cummings (D)","cid":"N00001971","cycle":"2014","origin":"Center for Responsive Politics","source":"https://www.opensecrets.org/members-of-congress/industries?cid=N00001971&cycle=2014","last_updated":"02/27/2017"},"industry":[{"@attributes":{"industry_code":"P04","industry_name":"Public Sector Unions","indivs":"0","pacs":"103000","total":"103000"}},{"@attributes":{"industry_code":"P03","industry_name":"Transportation Unions","indivs":"0","pacs":"80500","total":"80500"}},{"@attributes":{"industry_code":"M05","industry_name":"Sea Transport","indivs":"9700","pacs":"38500","total":"48200"}},{"@attributes":{"industry_code":"E01","industry_name":"Oil & Gas","indivs":"37050","pacs":"2000","total":"39050"}},{"@attributes":{"industry_code":"P01","industry_name":"Building Trade Unions","indivs":"400","pacs":"34000","total":"34400"}},{"@attributes":{"industry_code":"M01","industry_name":"Air Transport","indivs":"0","pacs":"33000","total":"33000"}},{"@attributes":{"industry_code":"H01","industry_name":"Health Professionals","indivs":"14300","pacs":"18000","total":"32300"}},{"@attributes":{"industry_code":"P02","industry_name":"Industrial Unions","indivs":"0","pacs":"31000","total":"31000"}},{"@attributes":{"industry_code":"M04","industry_name":"Railroads","indivs":"0","pacs":"29500","total":"29500"}},{"@attributes":{"industry_code":"K01","industry_name":"Lawyers/Law Firms","indivs":"16000","pacs":"12500","total":"28500"}}]}}}