{"id":"C000141","title":"Senator, 1st Class","short_title":"Sen.","api_uri":"https://api.propublica.org/congress/v1/members/C000141.json","first_name":"Benjamin","middle_name":"L.","last_name":"Cardin","suffix":null,"date_of_birth":"1943-10-05","gender":"M","party":"D","leadership_role":null,"twitter_account":"SenatorCardin","facebook_account":"senatorbencardin","youtube_account":"senatorcardin","govtrack_id":"400064","cspan_id":"4004","votesmart_id":"26888","icpsr_id":"15408","crp_id":"N00001955","google_entity_id":"/m/025k3k","fec_candidate_id":"S6MD03177","url":"https://www.cardin.senate.gov","rss_url":null,"contact_form":"http://www.cardin.senate.gov/contact/","in_office":true,"dw_nominate":-0.328,"ideal_point":null,"seniority":"11","next_election":"2018","total_votes":388,"missed_votes":1,"total_present":1,"ocd_id":"ocd-division/country:us/state:md","office":"509 Hart Senate Office Building","phone":"202-224-4524","fax":"202-224-1651","state":"MD","senate_class":"1","state_rank":"senior","lis_id":"S308","missed_votes_pct":0.26,"votes_with_party_pct":96.64,"response":{"industries":{"@attributes":{"cand_name":"Ben Cardin (D)","cid":"N00001955","cycle":"2018","origin":"Center for Responsive Politics","source":"https://www.opensecrets.org/members-of-congress/industries?cid=N00001955&cycle=2018","last_updated":"03/26/2018"},"industry":[{"@attributes":{"industry_code":"F09","industry_name":"Insurance","indivs":"65510","pacs":"190500","total":"256010"}},{"@attributes":{"industry_code":"K01","industry_name":"Lawyers/Law Firms","indivs":"154885","pacs":"37250","total":"192135"}},{"@attributes":{"industry_code":"F07","industry_name":"Securities & Investment","indivs":"98050","pacs":"93000","total":"191050"}},{"@attributes":{"industry_code":"H01","industry_name":"Health Professionals","indivs":"49039","pacs":"142000","total":"191039"}},{"@attributes":{"industry_code":"Q05","industry_name":"Pro-Israel","indivs":"157500","pacs":"23700","total":"181200"}},{"@attributes":{"industry_code":"F10","industry_name":"Real Estate","indivs":"130932","pacs":"26000","total":"156932"}},{"@attributes":{"industry_code":"W06","industry_name":"Retired","indivs":"146697","pacs":"0","total":"146697"}},{"@attributes":{"industry_code":"F13","industry_name":"Misc Finance","indivs":"86600","pacs":"36000","total":"122600"}},{"@attributes":{"industry_code":"Q03","industry_name":"Leadership PACs","indivs":"3000","pacs":"115000","total":"118000"}},{"@attributes":{"industry_code":"H03","industry_name":"Health Services/HMOs","indivs":"13876","pacs":"69109","total":"82985"}}]}}}