{"id":"C000567","title":"Senator, 2nd Class","short_title":"Sen.","api_uri":"https://api.propublica.org/congress/v1/members/C000567.json","first_name":"Thad","middle_name":null,"last_name":"Cochran","suffix":null,"date_of_birth":"1937-12-07","gender":"M","party":"R","leadership_role":"","twitter_account":"SenThadCochran","facebook_account":null,"youtube_account":"sencochran","govtrack_id":"300023","cspan_id":"1200","votesmart_id":"53312","icpsr_id":"14009","crp_id":"N00003328","google_entity_id":"/m/01fmcd","fec_candidate_id":"S8MS00055","url":"https://www.cochran.senate.gov","rss_url":"https://www.cochran.senate.gov/public/index.cfm/rss/taggedfeed?Type=news-releases&region=&issue=","contact_form":"https://www.cochran.senate.gov/public/index.cfm/email-me","in_office":true,"dw_nominate":0.287,"ideal_point":null,"seniority":"39","next_election":"2020","total_votes":388,"missed_votes":37,"total_present":0,"ocd_id":"ocd-division/country:us/state:ms","office":"113 Dirksen Senate Office Building","phone":"202-224-5054","fax":"202-224-9450","state":"MS","senate_class":"2","state_rank":"senior","lis_id":"S136","missed_votes_pct":9.54,"votes_with_party_pct":99.15}