{"id":"C000754","title":"Representative","short_title":"Rep.","api_uri":"https://api.propublica.org/congress/v1/members/C000754.json","first_name":"Jim","middle_name":null,"last_name":"Cooper","suffix":null,"date_of_birth":"1954-06-19","gender":"M","party":"D","leadership_role":null,"twitter_account":"RepJimCooper","facebook_account":"JimCooper","youtube_account":"RepJimCooper","govtrack_id":"400081","cspan_id":"1201","votesmart_id":"48891","icpsr_id":"15019","crp_id":"N00003132","google_entity_id":"/m/03tm2p","fec_candidate_id":"H2TN05131","url":"https://cooper.house.gov","rss_url":"https://cooper.house.gov/rss.xml","contact_form":null,"in_office":true,"dw_nominate":-0.161,"ideal_point":null,"seniority":"16","next_election":"2018","total_votes":841,"missed_votes":4,"total_present":0,"ocd_id":"ocd-division/country:us/state:tn/cd:5","office":"1536 Longworth House Office Building","phone":"202-225-4311","fax":"202-226-1035","state":"TN","district":"5","at_large":false,"geoid":"4705","missed_votes_pct":0.48,"votes_with_party_pct":86.74,"response":{"industries":{"@attributes":{"cand_name":"Jim Cooper (D)","cid":"N00003132","cycle":"2014","origin":"Center for Responsive Politics","source":"https://www.opensecrets.org/members-of-congress/industries?cid=N00003132&cycle=2014","last_updated":"02/27/2017"},"industry":[{"@attributes":{"industry_code":"K01","industry_name":"Lawyers/Law Firms","indivs":"64100","pacs":"14500","total":"78600"}},{"@attributes":{"industry_code":"F10","industry_name":"Real Estate","indivs":"35100","pacs":"5000","total":"40100"}},{"@attributes":{"industry_code":"D01","industry_name":"Defense Aerospace","indivs":"0","pacs":"40000","total":"40000"}},{"@attributes":{"industry_code":"F07","industry_name":"Securities & Investment","indivs":"33900","pacs":"6000","total":"39900"}},{"@attributes":{"industry_code":"W06","industry_name":"Retired","indivs":"32350","pacs":"0","total":"32350"}},{"@attributes":{"industry_code":"F09","industry_name":"Insurance","indivs":"8700","pacs":"22000","total":"30700"}},{"@attributes":{"industry_code":"F11","industry_name":"Accountants","indivs":"5250","pacs":"24500","total":"29750"}},{"@attributes":{"industry_code":"W04","industry_name":"Education","indivs":"20200","pacs":"5000","total":"25200"}},{"@attributes":{"industry_code":"N02","industry_name":"Beer, Wine & Liquor","indivs":"14400","pacs":"8500","total":"22900"}},{"@attributes":{"industry_code":"P01","industry_name":"Building Trade Unions","indivs":"0","pacs":"20000","total":"20000"}}]}}}