{"id":"C000127","title":"Senator, 1st Class","short_title":"Sen.","api_uri":"https://api.propublica.org/congress/v1/members/C000127.json","first_name":"Maria","middle_name":null,"last_name":"Cantwell","suffix":null,"date_of_birth":"1958-10-13","gender":"F","party":"D","leadership_role":null,"twitter_account":"SenatorCantwell","facebook_account":"senatorcantwell","youtube_account":"SenatorCantwell","govtrack_id":"300018","cspan_id":"26137","votesmart_id":"27122","icpsr_id":"39310","crp_id":"N00007836","google_entity_id":"/m/01x68t","fec_candidate_id":"S8WA00194","url":"https://www.cantwell.senate.gov","rss_url":null,"contact_form":"http://www.cantwell.senate.gov/public/index.cfm/email-maria","in_office":true,"dw_nominate":-0.289,"ideal_point":null,"seniority":"17","next_election":"2018","total_votes":388,"missed_votes":2,"total_present":1,"ocd_id":"ocd-division/country:us/state:wa","office":"511 Hart Senate Office Building","phone":"202-224-3441","fax":"202-228-0514","state":"WA","senate_class":"1","state_rank":"junior","lis_id":"S275","missed_votes_pct":0.52,"votes_with_party_pct":96.11}