{"id":"C000141","title":"Senator, 1st Class","short_title":"Sen.","api_uri":"https://api.propublica.org/congress/v1/members/C000141.json","first_name":"Benjamin","middle_name":"L.","last_name":"Cardin","suffix":null,"date_of_birth":"1943-10-05","gender":"M","party":"D","leadership_role":null,"twitter_account":"SenatorCardin","facebook_account":"senatorbencardin","youtube_account":"senatorcardin","govtrack_id":"400064","cspan_id":"4004","votesmart_id":"26888","icpsr_id":"15408","crp_id":"N00001955","google_entity_id":"/m/025k3k","fec_candidate_id":"S6MD03177","url":"https://www.cardin.senate.gov","rss_url":null,"contact_form":"http://www.cardin.senate.gov/contact/","in_office":true,"dw_nominate":-0.328,"ideal_point":null,"seniority":"11","next_election":"2018","total_votes":388,"missed_votes":1,"total_present":1,"ocd_id":"ocd-division/country:us/state:md","office":"509 Hart Senate Office Building","phone":"202-224-4524","fax":"202-224-1651","state":"MD","senate_class":"1","state_rank":"senior","lis_id":"S308","missed_votes_pct":0.26,"votes_with_party_pct":96.64}