{"id":"C000266","title":"Representative","short_title":"Rep.","api_uri":"https://api.propublica.org/congress/v1/members/C000266.json","first_name":"Steven","middle_name":"J.","last_name":"Chabot","suffix":null,"date_of_birth":"1953-01-22","gender":"M","party":"R","leadership_role":null,"twitter_account":"RepSteveChabot","facebook_account":"RepSteveChabot","youtube_account":"congressmanchabot","govtrack_id":"400071","cspan_id":"36705","votesmart_id":"21790","icpsr_id":"29550","crp_id":"N00003689","google_entity_id":"/m/0343vk","fec_candidate_id":"H8OH01043","url":"https://chabot.house.gov","rss_url":null,"contact_form":null,"in_office":true,"dw_nominate":0.584,"ideal_point":null,"seniority":"8","next_election":"2018","total_votes":841,"missed_votes":1,"total_present":0,"ocd_id":"ocd-division/country:us/state:oh/cd:1","office":"2371 Rayburn House Office Building","phone":"202-225-2216","fax":"202-225-3012","state":"OH","district":"1","at_large":false,"geoid":"3901","missed_votes_pct":0.12,"votes_with_party_pct":98.21,"response":{"industries":{"@attributes":{"cand_name":"Steve Chabot (R)","cid":"N00003689","cycle":"2012","origin":"Center for Responsive Politics","source":"https://www.opensecrets.org/members-of-congress/industries?cid=N00003689&cycle=2012","last_updated":"03/25/2013"},"industry":[{"@attributes":{"industry_code":"W06","industry_name":"Retired","indivs":"62300","pacs":"0","total":"62300"}},{"@attributes":{"industry_code":"N15","industry_name":"Misc Manufacturing & Distributing","indivs":"41300","pacs":"20500","total":"61800"}},{"@attributes":{"industry_code":"K01","industry_name":"Lawyers/Law Firms","indivs":"44100","pacs":"17250","total":"61350"}},{"@attributes":{"industry_code":"Q03","industry_name":"Leadership PACs","indivs":"0","pacs":"54552","total":"54552"}},{"@attributes":{"industry_code":"H01","industry_name":"Health Professionals","indivs":"31950","pacs":"20000","total":"51950"}},{"@attributes":{"industry_code":"F09","industry_name":"Insurance","indivs":"24200","pacs":"13300","total":"37500"}},{"@attributes":{"industry_code":"B02","industry_name":"TV/Movies/Music","indivs":"500","pacs":"28500","total":"29000"}},{"@attributes":{"industry_code":"M02","industry_name":"Automotive","indivs":"7500","pacs":"21500","total":"29000"}},{"@attributes":{"industry_code":"F10","industry_name":"Real Estate","indivs":"21750","pacs":"6000","total":"27750"}},{"@attributes":{"industry_code":"A09","industry_name":"Food Processing & Sales","indivs":"17950","pacs":"9000","total":"26950"}}]}}}