{"id":"C000174","title":"Senator, 1st Class","short_title":"Sen.","api_uri":"https://api.propublica.org/congress/v1/members/C000174.json","first_name":"Thomas","middle_name":"R.","last_name":"Carper","suffix":null,"date_of_birth":"1947-01-23","gender":"M","party":"D","leadership_role":null,"twitter_account":"SenatorCarper","facebook_account":"tomcarper","youtube_account":"senatorcarper","govtrack_id":"300019","cspan_id":"663","votesmart_id":"22421","icpsr_id":"15015","crp_id":"N00012508","google_entity_id":"/m/01xw7t","fec_candidate_id":"S8DE00079","url":"https://www.carper.senate.gov/public","rss_url":"https://www.carper.senate.gov/public/index.cfm/rss/feed","contact_form":"http://www.carper.senate.gov/public/index.cfm/email-senator-carper","in_office":true,"dw_nominate":-0.174,"ideal_point":null,"seniority":"17","next_election":"2018","total_votes":388,"missed_votes":5,"total_present":1,"ocd_id":"ocd-division/country:us/state:de","office":"513 Hart Senate Office Building","phone":"202-224-2441","fax":"202-228-2190","state":"DE","senate_class":"1","state_rank":"senior","lis_id":"S277","missed_votes_pct":1.29,"votes_with_party_pct":88.77}