{"id":"C000984","title":"Representative","short_title":"Rep.","api_uri":"https://api.propublica.org/congress/v1/members/C000984.json","first_name":"Elijah","middle_name":"E.","last_name":"Cummings","suffix":null,"date_of_birth":"1951-01-18","gender":"M","party":"D","leadership_role":null,"twitter_account":"RepCummings","facebook_account":"elijahcummings","youtube_account":"ElijahECummings","govtrack_id":"400090","cspan_id":"43300","votesmart_id":"345","icpsr_id":"29587","crp_id":"N00001971","google_entity_id":"/m/025k9h","fec_candidate_id":"H6MD07160","url":"https://cummings.house.gov","rss_url":"https://cummings.house.gov/rss.xml","contact_form":null,"in_office":true,"dw_nominate":-0.438,"ideal_point":null,"seniority":"24","next_election":"2018","total_votes":841,"missed_votes":368,"total_present":0,"ocd_id":"ocd-division/country:us/state:md/cd:7","office":"2163 Rayburn House Office Building","phone":"202-225-4741","fax":"202-225-3178","state":"MD","district":"7","at_large":false,"geoid":"2407","missed_votes_pct":43.76,"votes_with_party_pct":95.14}