{"id":"C000127","title":"Senator, 1st Class","short_title":"Sen.","api_uri":"https://api.propublica.org/congress/v1/members/C000127.json","first_name":"Maria","middle_name":null,"last_name":"Cantwell","suffix":null,"date_of_birth":"1958-10-13","gender":"F","party":"D","leadership_role":null,"twitter_account":"SenatorCantwell","facebook_account":"senatorcantwell","youtube_account":"SenatorCantwell","govtrack_id":"300018","cspan_id":"26137","votesmart_id":"27122","icpsr_id":"39310","crp_id":"N00007836","google_entity_id":"/m/01x68t","fec_candidate_id":"S8WA00194","url":"https://www.cantwell.senate.gov","rss_url":null,"contact_form":"http://www.cantwell.senate.gov/public/index.cfm/email-maria","in_office":true,"dw_nominate":-0.289,"ideal_point":null,"seniority":"17","next_election":"2018","total_votes":388,"missed_votes":2,"total_present":1,"ocd_id":"ocd-division/country:us/state:wa","office":"511 Hart Senate Office Building","phone":"202-224-3441","fax":"202-228-0514","state":"WA","senate_class":"1","state_rank":"junior","lis_id":"S275","missed_votes_pct":0.52,"votes_with_party_pct":96.11,"response":{"industries":{"@attributes":{"cand_name":"Maria Cantwell (D)","cid":"N00007836","cycle":"2018","origin":"Center for Responsive Politics","source":"https://www.opensecrets.org/members-of-congress/industries?cid=N00007836&cycle=2018","last_updated":"03/26/2018"},"industry":[{"@attributes":{"industry_code":"W06","industry_name":"Retired","indivs":"484647","pacs":"0","total":"484647"}},{"@attributes":{"industry_code":"K01","industry_name":"Lawyers/Law Firms","indivs":"478090","pacs":"2500","total":"480590"}},{"@attributes":{"industry_code":"F10","industry_name":"Real Estate","indivs":"326856","pacs":"2847","total":"329703"}},{"@attributes":{"industry_code":"K02","industry_name":"Lobbyists","indivs":"265909","pacs":"0","total":"265909"}},{"@attributes":{"industry_code":"Q08","industry_name":"Women's Issues","indivs":"207157","pacs":"12756","total":"219913"}},{"@attributes":{"industry_code":"F07","industry_name":"Securities & Investment","indivs":"198780","pacs":"0","total":"198780"}},{"@attributes":{"industry_code":"N07","industry_name":"Casinos/Gambling","indivs":"137315","pacs":"0","total":"137315"}},{"@attributes":{"industry_code":"Q11","industry_name":"Environment","indivs":"115043","pacs":"-2500","total":"112543"}},{"@attributes":{"industry_code":"B12","industry_name":"Electronics Mfg & Equip","indivs":"103491","pacs":"0","total":"103491"}},{"@attributes":{"industry_code":"N05","industry_name":"Business Services","indivs":"101479","pacs":"0","total":"101479"}}]}}}