{"id":"C000714","title":"Representative","short_title":"Rep.","api_uri":"https://api.propublica.org/congress/v1/members/C000714.json","first_name":"John","middle_name":null,"last_name":"Conyers","suffix":"Jr.","date_of_birth":"1929-05-16","gender":"M","party":"D","leadership_role":"","twitter_account":"RepJohnConyers","facebook_account":"CongressmanConyers","youtube_account":"JCMI14","govtrack_id":"400080","cspan_id":"1824","votesmart_id":"26904","icpsr_id":"10713","crp_id":"N00004029","google_entity_id":"/m/02hy5d","fec_candidate_id":"H6MI01028","url":"https://conyers.house.gov/","rss_url":"https://conyers.house.gov/rss.xml","contact_form":null,"in_office":false,"dw_nominate":-0.658,"ideal_point":null,"seniority":"54","next_election":"2018","total_votes":659,"missed_votes":34,"total_present":0,"ocd_id":"ocd-division/country:us/state:mi/cd:13","office":"2426 Rayburn House Office Building","phone":"202-225-5126","fax":"202-225-0072","state":"MI","district":"13","at_large":false,"geoid":"2613","missed_votes_pct":5.16,"votes_with_party_pct":94.4}