{"id":"C000714","title":"Representative","short_title":"Rep.","api_uri":"https://api.propublica.org/congress/v1/members/C000714.json","first_name":"John","middle_name":null,"last_name":"Conyers","suffix":"Jr.","date_of_birth":"1929-05-16","gender":"M","party":"D","leadership_role":"","twitter_account":"RepJohnConyers","facebook_account":"CongressmanConyers","youtube_account":"JCMI14","govtrack_id":"400080","cspan_id":"1824","votesmart_id":"26904","icpsr_id":"10713","crp_id":"N00004029","google_entity_id":"/m/02hy5d","fec_candidate_id":"H6MI01028","url":"https://conyers.house.gov/","rss_url":"https://conyers.house.gov/rss.xml","contact_form":null,"in_office":false,"dw_nominate":-0.658,"ideal_point":null,"seniority":"54","next_election":"2018","total_votes":659,"missed_votes":34,"total_present":0,"ocd_id":"ocd-division/country:us/state:mi/cd:13","office":"2426 Rayburn House Office Building","phone":"202-225-5126","fax":"202-225-0072","state":"MI","district":"13","at_large":false,"geoid":"2613","missed_votes_pct":5.16,"votes_with_party_pct":94.4,"response":{"industries":{"@attributes":{"cand_name":"John Conyers Jr (D)","cid":"N00004029","cycle":"2016","origin":"Center for Responsive Politics","source":"https://www.opensecrets.org/members-of-congress/industries?cid=N00004029&cycle=2016","last_updated":"11/27/2017"},"industry":[{"@attributes":{"industry_code":"K01","industry_name":"Lawyers/Law Firms","indivs":"39878","pacs":"15000","total":"54878"}},{"@attributes":{"industry_code":"B02","industry_name":"TV/Movies/Music","indivs":"6675","pacs":"47500","total":"54175"}},{"@attributes":{"industry_code":"B09","industry_name":"Telecom Services","indivs":"2000","pacs":"37000","total":"39000"}},{"@attributes":{"industry_code":"P02","industry_name":"Industrial Unions","indivs":"0","pacs":"36000","total":"36000"}},{"@attributes":{"industry_code":"P04","industry_name":"Public Sector Unions","indivs":"0","pacs":"31500","total":"31500"}},{"@attributes":{"industry_code":"P01","industry_name":"Building Trade Unions","indivs":"0","pacs":"30000","total":"30000"}},{"@attributes":{"industry_code":"H01","industry_name":"Health Professionals","indivs":"1010","pacs":"19500","total":"20510"}},{"@attributes":{"industry_code":"N03","industry_name":"Retail Sales","indivs":"33","pacs":"20000","total":"20033"}},{"@attributes":{"industry_code":"M02","industry_name":"Automotive","indivs":"1755","pacs":"14000","total":"15755"}},{"@attributes":{"industry_code":"P05","industry_name":"Misc Unions","indivs":"0","pacs":"15500","total":"15500"}}]}}}