{"id":"C000174","title":"Senator, 1st Class","short_title":"Sen.","api_uri":"https://api.propublica.org/congress/v1/members/C000174.json","first_name":"Thomas","middle_name":"R.","last_name":"Carper","suffix":null,"date_of_birth":"1947-01-23","gender":"M","party":"D","leadership_role":null,"twitter_account":"SenatorCarper","facebook_account":"tomcarper","youtube_account":"senatorcarper","govtrack_id":"300019","cspan_id":"663","votesmart_id":"22421","icpsr_id":"15015","crp_id":"N00012508","google_entity_id":"/m/01xw7t","fec_candidate_id":"S8DE00079","url":"https://www.carper.senate.gov/public","rss_url":"https://www.carper.senate.gov/public/index.cfm/rss/feed","contact_form":"http://www.carper.senate.gov/public/index.cfm/email-senator-carper","in_office":true,"dw_nominate":-0.174,"ideal_point":null,"seniority":"17","next_election":"2018","total_votes":388,"missed_votes":5,"total_present":1,"ocd_id":"ocd-division/country:us/state:de","office":"513 Hart Senate Office Building","phone":"202-224-2441","fax":"202-228-2190","state":"DE","senate_class":"1","state_rank":"senior","lis_id":"S277","missed_votes_pct":1.29,"votes_with_party_pct":88.77,"response":{"industries":{"@attributes":{"cand_name":"Tom Carper (D)","cid":"N00012508","cycle":"2014","origin":"Center for Responsive Politics","source":"https://www.opensecrets.org/members-of-congress/industries?cid=N00012508&cycle=2014","last_updated":"02/27/2017"},"industry":[{"@attributes":{"industry_code":"F09","industry_name":"Insurance","indivs":"106920","pacs":"295740","total":"402660"}},{"@attributes":{"industry_code":"F07","industry_name":"Securities & Investment","indivs":"137690","pacs":"210500","total":"348190"}},{"@attributes":{"industry_code":"K01","industry_name":"Lawyers/Law Firms","indivs":"184895","pacs":"124621","total":"309516"}},{"@attributes":{"industry_code":"K02","industry_name":"Lobbyists","indivs":"213012","pacs":"9220","total":"222232"}},{"@attributes":{"industry_code":"H04","industry_name":"Pharmaceuticals/Health Products","indivs":"50950","pacs":"166410","total":"217360"}},{"@attributes":{"industry_code":"F03","industry_name":"Commercial Banks","indivs":"76920","pacs":"103490","total":"180410"}},{"@attributes":{"industry_code":"N13","industry_name":"Chemical & Related Manufacturing","indivs":"58287","pacs":"111060","total":"169347"}},{"@attributes":{"industry_code":"H01","industry_name":"Health Professionals","indivs":"24950","pacs":"138820","total":"163770"}},{"@attributes":{"industry_code":"Q03","industry_name":"Leadership PACs","indivs":"0","pacs":"162500","total":"162500"}},{"@attributes":{"industry_code":"W06","industry_name":"Retired","indivs":"133470","pacs":"0","total":"133470"}}]}}}