{"id":"C000880","title":"Senator, 3rd Class","short_title":"Sen.","api_uri":"https://api.propublica.org/congress/v1/members/C000880.json","first_name":"Michael","middle_name":"D.","last_name":"Crapo","suffix":null,"date_of_birth":"1951-05-20","gender":"M","party":"R","leadership_role":null,"twitter_account":"MikeCrapo","facebook_account":"mikecrapo","youtube_account":"senatorcrapo","govtrack_id":"300030","cspan_id":"26440","votesmart_id":"26830","icpsr_id":"29345","crp_id":"N00006267","google_entity_id":"/m/021pgp","fec_candidate_id":"S8ID00027","url":"https://www.crapo.senate.gov","rss_url":null,"contact_form":"http://www.crapo.senate.gov/contact/email.cfm","in_office":true,"dw_nominate":0.508,"ideal_point":null,"seniority":"19","next_election":"2022","total_votes":388,"missed_votes":1,"total_present":0,"ocd_id":"ocd-division/country:us/state:id","office":"239 Dirksen Senate Office Building","phone":"202-224-6142","fax":"202-228-1375","state":"ID","senate_class":"3","state_rank":"senior","lis_id":"S266","missed_votes_pct":0.26,"votes_with_party_pct":96.64}