{"id":"C000059","title":"Representative","short_title":"Rep.","api_uri":"https://api.propublica.org/congress/v1/members/C000059.json","first_name":"Ken","middle_name":null,"last_name":"Calvert","suffix":null,"date_of_birth":"1953-06-08","gender":"M","party":"R","leadership_role":null,"twitter_account":"KenCalvert","facebook_account":"RepKenCalvert","youtube_account":"RepKenCalvert","govtrack_id":"400057","cspan_id":"26709","votesmart_id":"26777","icpsr_id":"29323","crp_id":"N00007099","google_entity_id":"/m/024xl1","fec_candidate_id":"H2CA37023","url":"https://calvert.house.gov","rss_url":null,"contact_form":null,"in_office":true,"dw_nominate":0.348,"ideal_point":null,"seniority":"26","next_election":"2018","total_votes":841,"missed_votes":10,"total_present":0,"ocd_id":"ocd-division/country:us/state:ca/cd:42","office":"2205 Rayburn House Office Building","phone":"202-225-1986","fax":"202-225-2004","state":"CA","district":"42","at_large":false,"geoid":"0642","missed_votes_pct":1.19,"votes_with_party_pct":97.35,"response":{"industries":{"@attributes":{"cand_name":"Ken Calvert (R)","cid":"N00007099","cycle":"2012","origin":"Center for Responsive Politics","source":"https://www.opensecrets.org/members-of-congress/industries?cid=N00007099&cycle=2012","last_updated":"03/25/2013"},"industry":[{"@attributes":{"industry_code":"K02","industry_name":"Lobbyists","indivs":"50301","pacs":"2000","total":"52301"}},{"@attributes":{"industry_code":"F10","industry_name":"Real Estate","indivs":"36640","pacs":"12000","total":"48640"}},{"@attributes":{"industry_code":"M01","industry_name":"Air Transport","indivs":"3500","pacs":"43500","total":"47000"}},{"@attributes":{"industry_code":"N15","industry_name":"Misc Manufacturing & Distributing","indivs":"20486","pacs":"24884","total":"45370"}},{"@attributes":{"industry_code":"D02","industry_name":"Defense Electronics","indivs":"1000","pacs":"41000","total":"42000"}},{"@attributes":{"industry_code":"C04","industry_name":"Construction Services","indivs":"25250","pacs":"15500","total":"40750"}},{"@attributes":{"industry_code":"C05","industry_name":"Building Materials & Equipment","indivs":"30300","pacs":"9500","total":"39800"}},{"@attributes":{"industry_code":"D01","industry_name":"Defense Aerospace","indivs":"0","pacs":"36000","total":"36000"}},{"@attributes":{"industry_code":"N07","industry_name":"Casinos/Gambling","indivs":"34000","pacs":"0","total":"34000"}},{"@attributes":{"industry_code":"A01","industry_name":"Crop Production & Basic Processing","indivs":"12325","pacs":"21500","total":"33825"}}]}}}