{"id":"C000266","title":"Representative","short_title":"Rep.","api_uri":"https://api.propublica.org/congress/v1/members/C000266.json","first_name":"Steven","middle_name":"J.","last_name":"Chabot","suffix":null,"date_of_birth":"1953-01-22","gender":"M","party":"R","leadership_role":null,"twitter_account":"RepSteveChabot","facebook_account":"RepSteveChabot","youtube_account":"congressmanchabot","govtrack_id":"400071","cspan_id":"36705","votesmart_id":"21790","icpsr_id":"29550","crp_id":"N00003689","google_entity_id":"/m/0343vk","fec_candidate_id":"H8OH01043","url":"https://chabot.house.gov","rss_url":null,"contact_form":null,"in_office":true,"dw_nominate":0.584,"ideal_point":null,"seniority":"8","next_election":"2018","total_votes":841,"missed_votes":1,"total_present":0,"ocd_id":"ocd-division/country:us/state:oh/cd:1","office":"2371 Rayburn House Office Building","phone":"202-225-2216","fax":"202-225-3012","state":"OH","district":"1","at_large":false,"geoid":"3901","missed_votes_pct":0.12,"votes_with_party_pct":98.21}