{"id":"C000537","title":"Representative","short_title":"Rep.","api_uri":"https://api.propublica.org/congress/v1/members/C000537.json","first_name":"James","middle_name":"E.","last_name":"Clyburn","suffix":null,"date_of_birth":"1940-07-21","gender":"M","party":"D","leadership_role":"Assistant Leader","twitter_account":"Clyburn","facebook_account":"jameseclyburn","youtube_account":"repjamesclyburn","govtrack_id":"400075","cspan_id":"21607","votesmart_id":"27066","icpsr_id":"39301","crp_id":"N00002408","google_entity_id":"/m/03c469","fec_candidate_id":"H2SC02042","url":"https://clyburn.house.gov","rss_url":"https://clyburn.house.gov/rss.xml","contact_form":null,"in_office":true,"dw_nominate":-0.465,"ideal_point":null,"seniority":"26","next_election":"2018","total_votes":841,"missed_votes":82,"total_present":0,"ocd_id":"ocd-division/country:us/state:sc/cd:6","office":"242 Cannon House Office Building","phone":"202-225-3315","fax":"202-225-2313","state":"SC","district":"6","at_large":false,"geoid":"4506","missed_votes_pct":9.75,"votes_with_party_pct":94.6}