{"id":"C001035","title":"Senator, 2nd Class","short_title":"Sen.","api_uri":"https://api.propublica.org/congress/v1/members/C001035.json","first_name":"Susan","middle_name":null,"last_name":"Collins","suffix":null,"date_of_birth":"1952-12-07","gender":"F","party":"R","leadership_role":null,"twitter_account":"SenatorCollins","facebook_account":"susancollins","youtube_account":"SenatorSusanCollins","govtrack_id":"300025","cspan_id":"45738","votesmart_id":"379","icpsr_id":"49703","crp_id":"N00000491","google_entity_id":"/m/020y8m","fec_candidate_id":"S6ME00159","url":"https://www.collins.senate.gov","rss_url":"https://www.collins.senate.gov/?q=rss.xml","contact_form":"http://www.collins.senate.gov/contact","in_office":true,"dw_nominate":0.108,"ideal_point":null,"seniority":"21","next_election":"2020","total_votes":388,"missed_votes":0,"total_present":0,"ocd_id":"ocd-division/country:us/state:me","office":"413 Dirksen Senate Office Building","phone":"202-224-2523","fax":"202-224-2693","state":"ME","senate_class":"2","state_rank":"senior","lis_id":"S252","missed_votes_pct":0,"votes_with_party_pct":89.69,"response":{"industries":{"@attributes":{"cand_name":"Susan Collins (R)","cid":"N00000491","cycle":"2014","origin":"Center for Responsive Politics","source":"https://www.opensecrets.org/members-of-congress/industries?cid=N00000491&cycle=2014","last_updated":"02/27/2017"},"industry":[{"@attributes":{"industry_code":"W06","industry_name":"Retired","indivs":"414200","pacs":"0","total":"414200"}},{"@attributes":{"industry_code":"K01","industry_name":"Lawyers/Law Firms","indivs":"247256","pacs":"125750","total":"373006"}},{"@attributes":{"industry_code":"F07","industry_name":"Securities & Investment","indivs":"310350","pacs":"62600","total":"372950"}},{"@attributes":{"industry_code":"Q03","industry_name":"Leadership PACs","indivs":"0","pacs":"326000","total":"326000"}},{"@attributes":{"industry_code":"K02","industry_name":"Lobbyists","indivs":"301010","pacs":"9500","total":"310510"}},{"@attributes":{"industry_code":"H01","industry_name":"Health Professionals","indivs":"58150","pacs":"230300","total":"288450"}},{"@attributes":{"industry_code":"F09","industry_name":"Insurance","indivs":"36500","pacs":"198500","total":"235000"}},{"@attributes":{"industry_code":"F10","industry_name":"Real Estate","indivs":"121250","pacs":"53000","total":"174250"}},{"@attributes":{"industry_code":"N15","industry_name":"Misc Manufacturing & Distributing","indivs":"57400","pacs":"64500","total":"121900"}},{"@attributes":{"industry_code":"N05","industry_name":"Business Services","indivs":"94200","pacs":"26000","total":"120200"}}]}}}