{"id":"C001053","title":"Representative","short_title":"Rep.","api_uri":"https://api.propublica.org/congress/v1/members/C001053.json","first_name":"Tom","middle_name":null,"last_name":"Cole","suffix":null,"date_of_birth":"1949-04-28","gender":"M","party":"R","leadership_role":null,"twitter_account":"TomColeOK04","facebook_account":"TomColeOK04","youtube_account":"reptomcole","govtrack_id":"400077","cspan_id":"1003609","votesmart_id":"46034","icpsr_id":"20344","crp_id":"N00025726","google_entity_id":"/m/03tqb0","fec_candidate_id":"H2OK04055","url":"https://cole.house.gov","rss_url":"https://cole.house.gov/rss.xml","contact_form":null,"in_office":true,"dw_nominate":0.335,"ideal_point":null,"seniority":"16","next_election":"2018","total_votes":841,"missed_votes":19,"total_present":0,"ocd_id":"ocd-division/country:us/state:ok/cd:4","office":"2467 Rayburn House Office Building","phone":"202-225-6165","fax":"202-225-3512","state":"OK","district":"4","at_large":false,"geoid":"4004","missed_votes_pct":2.26,"votes_with_party_pct":95.13,"response":{"industries":{"@attributes":{"cand_name":"Tom Cole (R)","cid":"N00025726","cycle":"2014","origin":"Center for Responsive Politics","source":"https://www.opensecrets.org/members-of-congress/industries?cid=N00025726&cycle=2014","last_updated":"02/27/2017"},"industry":[{"@attributes":{"industry_code":"N07","industry_name":"Casinos/Gambling","indivs":"157025","pacs":"1000","total":"158025"}},{"@attributes":{"industry_code":"E01","industry_name":"Oil & Gas","indivs":"40000","pacs":"73500","total":"113500"}},{"@attributes":{"industry_code":"K02","industry_name":"Lobbyists","indivs":"50048","pacs":"2000","total":"52048"}},{"@attributes":{"industry_code":"D01","industry_name":"Defense Aerospace","indivs":"500","pacs":"50000","total":"50500"}},{"@attributes":{"industry_code":"F03","industry_name":"Commercial Banks","indivs":"33900","pacs":"14500","total":"48400"}},{"@attributes":{"industry_code":"F10","industry_name":"Real Estate","indivs":"16900","pacs":"27000","total":"43900"}},{"@attributes":{"industry_code":"K01","industry_name":"Lawyers/Law Firms","indivs":"26700","pacs":"10750","total":"37450"}},{"@attributes":{"industry_code":"H01","industry_name":"Health Professionals","indivs":"4850","pacs":"28500","total":"33350"}},{"@attributes":{"industry_code":"D02","industry_name":"Defense Electronics","indivs":"0","pacs":"33000","total":"33000"}},{"@attributes":{"industry_code":"F09","industry_name":"Insurance","indivs":"8600","pacs":"24100","total":"32700"}}]}}}