{"id":"C001056","title":"Senator, 2nd Class","short_title":"Sen.","api_uri":"https://api.propublica.org/congress/v1/members/C001056.json","first_name":"John","middle_name":null,"last_name":"Cornyn","suffix":null,"date_of_birth":"1952-02-02","gender":"M","party":"R","leadership_role":"Assistant Leader","twitter_account":"JohnCornyn","facebook_account":"sen.johncornyn","youtube_account":"senjohncornyn","govtrack_id":"300027","cspan_id":"93131","votesmart_id":"15375","icpsr_id":"40305","crp_id":"N00024852","google_entity_id":"/m/01xcqs","fec_candidate_id":"S2TX00106","url":"https://www.cornyn.senate.gov","rss_url":null,"contact_form":"https://www.cornyn.senate.gov/contact","in_office":true,"dw_nominate":0.496,"ideal_point":null,"seniority":"15","next_election":"2020","total_votes":388,"missed_votes":0,"total_present":0,"ocd_id":"ocd-division/country:us/state:tx","office":"517 Hart Senate Office Building","phone":"202-224-2934","fax":"202-228-2856","state":"TX","senate_class":"2","state_rank":"senior","lis_id":"S287","missed_votes_pct":0,"votes_with_party_pct":98.97,"response":{"industries":{"@attributes":{"cand_name":"John Cornyn (R)","cid":"N00024852","cycle":"2012","origin":"Center for Responsive Politics","source":"https://www.opensecrets.org/members-of-congress/industries?cid=N00024852&cycle=2012","last_updated":"03/25/2013"},"industry":[{"@attributes":{"industry_code":"K01","industry_name":"Lawyers/Law Firms","indivs":"951356","pacs":"148890","total":"1100246"}},{"@attributes":{"industry_code":"E01","industry_name":"Oil & Gas","indivs":"867675","pacs":"197700","total":"1065375"}},{"@attributes":{"industry_code":"W06","industry_name":"Retired","indivs":"1051708","pacs":"0","total":"1051708"}},{"@attributes":{"industry_code":"H01","industry_name":"Health Professionals","indivs":"664863","pacs":"172050","total":"836913"}},{"@attributes":{"industry_code":"F10","industry_name":"Real Estate","indivs":"669815","pacs":"68310","total":"738125"}},{"@attributes":{"industry_code":"F13","industry_name":"Misc Finance","indivs":"654896","pacs":"37000","total":"691896"}},{"@attributes":{"industry_code":"F07","industry_name":"Securities & Investment","indivs":"564495","pacs":"97000","total":"661495"}},{"@attributes":{"industry_code":"F09","industry_name":"Insurance","indivs":"290880","pacs":"179114","total":"469994"}},{"@attributes":{"industry_code":"K02","industry_name":"Lobbyists","indivs":"312992","pacs":"9785","total":"322777"}},{"@attributes":{"industry_code":"F03","industry_name":"Commercial Banks","indivs":"242835","pacs":"72598","total":"315433"}}]}}}