{"id":"C001075","title":"Senator, 2nd Class","short_title":"Sen.","api_uri":"https://api.propublica.org/congress/v1/members/C001075.json","first_name":"Bill","middle_name":null,"last_name":"Cassidy","suffix":null,"date_of_birth":"1957-09-28","gender":"M","party":"R","leadership_role":null,"twitter_account":null,"facebook_account":null,"youtube_account":"SenatorBillCassidy","govtrack_id":"412269","cspan_id":"1030546","votesmart_id":"69494","icpsr_id":"20919","crp_id":"N00030245","google_entity_id":"/m/0286t7r","fec_candidate_id":"S4LA00107","url":"https://www.cassidy.senate.gov","rss_url":null,"contact_form":"https://www.cassidy.senate.gov/contact","in_office":true,"dw_nominate":0.451,"ideal_point":null,"seniority":"3","next_election":"2020","total_votes":388,"missed_votes":1,"total_present":0,"ocd_id":"ocd-division/country:us/state:la","office":"520 Hart Senate Office Building","phone":"202-224-5824","fax":"202-225-7313","state":"LA","senate_class":"2","state_rank":"senior","lis_id":"S373","missed_votes_pct":0.26,"votes_with_party_pct":97.67,"response":{"industries":{"@attributes":{"cand_name":"Bill Cassidy (R)","cid":"N00030245","cycle":"2014","origin":"Center for Responsive Politics","source":"https://www.opensecrets.org/members-of-congress/industries?cid=N00030245&cycle=2014","last_updated":"02/27/2017"},"industry":[{"@attributes":{"industry_code":"H01","industry_name":"Health Professionals","indivs":"810665","pacs":"317600","total":"1128265"}},{"@attributes":{"industry_code":"W06","industry_name":"Retired","indivs":"1097041","pacs":"0","total":"1097041"}},{"@attributes":{"industry_code":"F07","industry_name":"Securities & Investment","indivs":"935076","pacs":"2500","total":"937576"}},{"@attributes":{"industry_code":"E01","industry_name":"Oil & Gas","indivs":"640670","pacs":"106000","total":"746670"}},{"@attributes":{"industry_code":"Q03","industry_name":"Leadership PACs","indivs":"0","pacs":"609162","total":"609162"}},{"@attributes":{"industry_code":"F10","industry_name":"Real Estate","indivs":"399550","pacs":"5400","total":"404950"}},{"@attributes":{"industry_code":"Q01","industry_name":"Republican/Conservative","indivs":"195208","pacs":"104714","total":"299922"}},{"@attributes":{"industry_code":"K01","industry_name":"Lawyers/Law Firms","indivs":"240585","pacs":"10500","total":"251085"}},{"@attributes":{"industry_code":"C01","industry_name":"General Contractors","indivs":"213800","pacs":"32500","total":"246300"}},{"@attributes":{"industry_code":"F13","industry_name":"Misc Finance","indivs":"238867","pacs":"1000","total":"239867"}}]}}}