{"id":"C001037","title":"Representative","short_title":"Rep.","api_uri":"https://api.propublica.org/congress/v1/members/C001037.json","first_name":"Michael","middle_name":"E.","last_name":"Capuano","suffix":null,"date_of_birth":"1952-01-09","gender":"M","party":"D","leadership_role":null,"twitter_account":"RepMikeCapuano","facebook_account":"RepMichaelCapuano","youtube_account":"RepMikeCapuano","govtrack_id":"400063","cspan_id":"56760","votesmart_id":"18883","icpsr_id":"29919","crp_id":"N00000267","google_entity_id":"/m/028vsm","fec_candidate_id":"H8MA08071","url":"http://capuano.house.gov","rss_url":null,"contact_form":"http://capuano.house.gov/contact/email.shtml","in_office":true,"dw_nominate":-0.579,"ideal_point":null,"seniority":"20","next_election":"2018","total_votes":837,"missed_votes":10,"total_present":1,"ocd_id":"ocd-division/country:us/state:ma/cd:7","office":"1414 Longworth HOB","phone":"202-225-5111","fax":"202-225-9322","state":"MA","district":"7","at_large":false,"geoid":"2507","missed_votes_pct":1.19,"votes_with_party_pct":93.47}