{"id":"C001063","title":"Representative","short_title":"Rep.","api_uri":"https://api.propublica.org/congress/v1/members/C001063.json","first_name":"Henry","middle_name":null,"last_name":"Cuellar","suffix":null,"date_of_birth":"1955-09-19","gender":"M","party":"D","leadership_role":null,"twitter_account":"RepCuellar","facebook_account":"152569121550","youtube_account":"henrycuellar","govtrack_id":"400657","cspan_id":"1013062","votesmart_id":"5486","icpsr_id":"20533","crp_id":"N00024978","google_entity_id":"/m/04clj6","fec_candidate_id":"H2TX23082","url":"https://cuellar.house.gov","rss_url":"https://cuellar.house.gov/news/rss.aspx","contact_form":null,"in_office":true,"dw_nominate":-0.227,"ideal_point":null,"seniority":"14","next_election":"2018","total_votes":841,"missed_votes":13,"total_present":0,"ocd_id":"ocd-division/country:us/state:tx/cd:28","office":"2209 Rayburn House Office Building","phone":"202-225-1640","fax":"202-225-1641","state":"TX","district":"28","at_large":false,"geoid":"4828","missed_votes_pct":1.55,"votes_with_party_pct":78.38,"response":{"industries":{"@attributes":{"cand_name":"Henry Cuellar (D)","cid":"N00024978","cycle":"2016","origin":"Center for Responsive Politics","source":"https://www.opensecrets.org/members-of-congress/industries?cid=N00024978&cycle=2016","last_updated":"11/27/2017"},"industry":[{"@attributes":{"industry_code":"E01","industry_name":"Oil & Gas","indivs":"20650","pacs":"131202","total":"151852"}},{"@attributes":{"industry_code":"K01","industry_name":"Lawyers/Law Firms","indivs":"59841","pacs":"22450","total":"82291"}},{"@attributes":{"industry_code":"A01","industry_name":"Crop Production & Basic Processing","indivs":"16600","pacs":"48000","total":"64600"}},{"@attributes":{"industry_code":"H01","industry_name":"Health Professionals","indivs":"37097","pacs":"22500","total":"59597"}},{"@attributes":{"industry_code":"F09","industry_name":"Insurance","indivs":"2250","pacs":"53000","total":"55250"}},{"@attributes":{"industry_code":"N03","industry_name":"Retail Sales","indivs":"21178","pacs":"27000","total":"48178"}},{"@attributes":{"industry_code":"F10","industry_name":"Real Estate","indivs":"31200","pacs":"16500","total":"47700"}},{"@attributes":{"industry_code":"M02","industry_name":"Automotive","indivs":"11350","pacs":"31995","total":"43345"}},{"@attributes":{"industry_code":"C04","industry_name":"Construction Services","indivs":"26300","pacs":"16000","total":"42300"}},{"@attributes":{"industry_code":"N12","industry_name":"Misc Business","indivs":"21200","pacs":"14690","total":"35890"}}]}}}