{"id":"C001063","title":"Representative","short_title":"Rep.","api_uri":"https://api.propublica.org/congress/v1/members/C001063.json","first_name":"Henry","middle_name":null,"last_name":"Cuellar","suffix":null,"date_of_birth":"1955-09-19","gender":"M","party":"D","leadership_role":null,"twitter_account":"RepCuellar","facebook_account":"152569121550","youtube_account":"henrycuellar","govtrack_id":"400657","cspan_id":"1013062","votesmart_id":"5486","icpsr_id":"20533","crp_id":"N00024978","google_entity_id":"/m/04clj6","fec_candidate_id":"H2TX23082","url":"https://cuellar.house.gov","rss_url":"https://cuellar.house.gov/news/rss.aspx","contact_form":null,"in_office":true,"dw_nominate":-0.227,"ideal_point":null,"seniority":"14","next_election":"2018","total_votes":841,"missed_votes":13,"total_present":0,"ocd_id":"ocd-division/country:us/state:tx/cd:28","office":"2209 Rayburn House Office Building","phone":"202-225-1640","fax":"202-225-1641","state":"TX","district":"28","at_large":false,"geoid":"4828","missed_votes_pct":1.55,"votes_with_party_pct":78.38}