{"id":"C001078","title":"Representative","short_title":"Rep.","api_uri":"https://api.propublica.org/congress/v1/members/C001078.json","first_name":"Gerald","middle_name":"E.","last_name":"Connolly","suffix":null,"date_of_birth":"1950-03-30","gender":"M","party":"D","leadership_role":null,"twitter_account":"GerryConnolly","facebook_account":"CongressmanGerryConnolly","youtube_account":"repconnolly","govtrack_id":"412272","cspan_id":"1015936","votesmart_id":"95078","icpsr_id":"20952","crp_id":"N00029891","google_entity_id":"/m/04f40kn","fec_candidate_id":"H8VA11062","url":"https://connolly.house.gov","rss_url":null,"contact_form":null,"in_office":true,"dw_nominate":-0.305,"ideal_point":null,"seniority":"10","next_election":"2018","total_votes":841,"missed_votes":6,"total_present":0,"ocd_id":"ocd-division/country:us/state:va/cd:11","office":"2238 Rayburn House Office Building","phone":"202-225-1492","fax":"202-225-3071","state":"VA","district":"11","at_large":false,"geoid":"5111","missed_votes_pct":0.71,"votes_with_party_pct":93.65,"response":{"industries":{"@attributes":{"cand_name":"Gerry Connolly (D)","cid":"N00029891","cycle":"2014","origin":"Center for Responsive Politics","source":"https://www.opensecrets.org/members-of-congress/industries?cid=N00029891&cycle=2014","last_updated":"02/27/2017"},"industry":[{"@attributes":{"industry_code":"B12","industry_name":"Electronics Mfg & Equip","indivs":"30550","pacs":"79500","total":"110050"}},{"@attributes":{"industry_code":"P04","industry_name":"Public Sector Unions","indivs":"250","pacs":"108500","total":"108750"}},{"@attributes":{"industry_code":"W06","industry_name":"Retired","indivs":"84221","pacs":"0","total":"84221"}},{"@attributes":{"industry_code":"N05","industry_name":"Business Services","indivs":"62250","pacs":"14000","total":"76250"}},{"@attributes":{"industry_code":"F10","industry_name":"Real Estate","indivs":"55450","pacs":"15500","total":"70950"}},{"@attributes":{"industry_code":"K02","industry_name":"Lobbyists","indivs":"58151","pacs":"1000","total":"59151"}},{"@attributes":{"industry_code":"K01","industry_name":"Lawyers/Law Firms","indivs":"28866","pacs":"24750","total":"53616"}},{"@attributes":{"industry_code":"D02","industry_name":"Defense Electronics","indivs":"5330","pacs":"46000","total":"51330"}},{"@attributes":{"industry_code":"P03","industry_name":"Transportation Unions","indivs":"250","pacs":"47000","total":"47250"}},{"@attributes":{"industry_code":"D01","industry_name":"Defense Aerospace","indivs":"5900","pacs":"40000","total":"45900"}}]}}}