{"id":"C001062","title":"Representative","short_title":"Rep.","api_uri":"https://api.propublica.org/congress/v1/members/C001062.json","first_name":"K.","middle_name":"Michael","last_name":"Conaway","suffix":null,"date_of_birth":"1948-06-11","gender":"M","party":"R","leadership_role":null,"twitter_account":"ConawayTX11","facebook_account":"mike.conaway","youtube_account":"mikeconaway11","govtrack_id":"400655","cspan_id":"1004595","votesmart_id":"49935","icpsr_id":"20531","crp_id":"N00026041","google_entity_id":"/m/04cmt7","fec_candidate_id":"H4TX19136","url":"https://conaway.house.gov","rss_url":null,"contact_form":null,"in_office":true,"dw_nominate":0.591,"ideal_point":null,"seniority":"14","next_election":"2018","total_votes":841,"missed_votes":1,"total_present":0,"ocd_id":"ocd-division/country:us/state:tx/cd:11","office":"2430 Rayburn House Office Building","phone":"202-225-3605","fax":"202-225-1783","state":"TX","district":"11","at_large":false,"geoid":"4811","missed_votes_pct":0.12,"votes_with_party_pct":95}