{"id":"C001084","title":"Representative","short_title":"Rep.","api_uri":"https://api.propublica.org/congress/v1/members/C001084.json","first_name":"David","middle_name":null,"last_name":"Cicilline","suffix":null,"date_of_birth":"1961-07-15","gender":"M","party":"D","leadership_role":null,"twitter_account":"RepCicilline","facebook_account":"CongressmanDavidCicilline","youtube_account":"RepDavidCicilline","govtrack_id":"412470","cspan_id":"1033865","votesmart_id":"7349","icpsr_id":"21172","crp_id":"N00032019","google_entity_id":"/m/04t97v","fec_candidate_id":"H0RI01073","url":"https://cicilline.house.gov","rss_url":"https://cicilline.house.gov/rss.xml","contact_form":null,"in_office":true,"dw_nominate":-0.394,"ideal_point":null,"seniority":"8","next_election":"2018","total_votes":841,"missed_votes":12,"total_present":0,"ocd_id":"ocd-division/country:us/state:ri/cd:1","office":"2244 Rayburn House Office Building","phone":"202-225-4911","fax":"202-225-3290","state":"RI","district":"1","at_large":false,"geoid":"4401","missed_votes_pct":1.43,"votes_with_party_pct":95.05}