{"id":"C001072","title":"Representative","short_title":"Rep.","api_uri":"https://api.propublica.org/congress/v1/members/C001072.json","first_name":"André","middle_name":null,"last_name":"Carson","suffix":null,"date_of_birth":"1974-10-16","gender":"M","party":"D","leadership_role":null,"twitter_account":"RepAndreCarson","facebook_account":"CongressmanAndreCarson","youtube_account":"repandrecarson","govtrack_id":"412258","cspan_id":"1027364","votesmart_id":"84917","icpsr_id":"20757","crp_id":"N00029513","google_entity_id":"/m/03qcvz1","fec_candidate_id":"H8IN07184","url":"https://carson.house.gov","rss_url":"https://carson.house.gov/rss.xml","contact_form":null,"in_office":true,"dw_nominate":-0.431,"ideal_point":null,"seniority":"12","next_election":"2018","total_votes":841,"missed_votes":20,"total_present":0,"ocd_id":"ocd-division/country:us/state:in/cd:7","office":"2135 Rayburn House Office Building","phone":"202-225-4011","fax":"202-225-5633","state":"IN","district":"7","at_large":false,"geoid":"1807","missed_votes_pct":2.38,"votes_with_party_pct":93.54,"response":{"industries":{"@attributes":{"cand_name":"Andre Carson (D)","cid":"N00029513","cycle":"2014","origin":"Center for Responsive Politics","source":"https://www.opensecrets.org/members-of-congress/industries?cid=N00029513&cycle=2014","last_updated":"02/27/2017"},"industry":[{"@attributes":{"industry_code":"K01","industry_name":"Lawyers/Law Firms","indivs":"73071","pacs":"18800","total":"91871"}},{"@attributes":{"industry_code":"H01","industry_name":"Health Professionals","indivs":"73380","pacs":"13000","total":"86380"}},{"@attributes":{"industry_code":"P01","industry_name":"Building Trade Unions","indivs":"400","pacs":"50750","total":"51150"}},{"@attributes":{"industry_code":"P03","industry_name":"Transportation Unions","indivs":"0","pacs":"47000","total":"47000"}},{"@attributes":{"industry_code":"P02","industry_name":"Industrial Unions","indivs":"0","pacs":"45000","total":"45000"}},{"@attributes":{"industry_code":"D01","industry_name":"Defense Aerospace","indivs":"250","pacs":"43000","total":"43250"}},{"@attributes":{"industry_code":"F10","industry_name":"Real Estate","indivs":"28800","pacs":"14000","total":"42800"}},{"@attributes":{"industry_code":"M01","industry_name":"Air Transport","indivs":"500","pacs":"34000","total":"34500"}},{"@attributes":{"industry_code":"C04","industry_name":"Construction Services","indivs":"24550","pacs":"6000","total":"30550"}},{"@attributes":{"industry_code":"H04","industry_name":"Pharmaceuticals/Health Products","indivs":"12700","pacs":"15500","total":"28200"}}]}}}