{"id":"C001038","title":"Representative","short_title":"Rep.","api_uri":"https://api.propublica.org/congress/v1/members/C001038.json","first_name":"Joseph","middle_name":null,"last_name":"Crowley","suffix":null,"date_of_birth":"1962-03-16","gender":"M","party":"D","leadership_role":"Caucus Chair","twitter_account":"RepJoeCrowley","facebook_account":"repjoecrowley","youtube_account":"RepJoeCrowley","govtrack_id":"400087","cspan_id":"57880","votesmart_id":"4295","icpsr_id":"29925","crp_id":"N00001127","google_entity_id":"/m/03v10s","fec_candidate_id":"H8NY07046","url":"https://crowley.house.gov","rss_url":"https://crowley.house.gov/rss.xml","contact_form":null,"in_office":true,"dw_nominate":-0.408,"ideal_point":null,"seniority":"20","next_election":"2018","total_votes":841,"missed_votes":25,"total_present":0,"ocd_id":"ocd-division/country:us/state:ny/cd:14","office":"1035 Longworth House Office Building","phone":"202-225-3965","fax":"202-225-1909","state":"NY","district":"14","at_large":false,"geoid":"3614","missed_votes_pct":2.97,"votes_with_party_pct":94.73}