{"id":"C001076","title":"Representative","short_title":"Rep.","api_uri":"https://api.propublica.org/congress/v1/members/C001076.json","first_name":"Jason","middle_name":null,"last_name":"Chaffetz","suffix":null,"date_of_birth":"1967-03-26","gender":"M","party":"R","leadership_role":null,"twitter_account":"JasonInTheHouse","facebook_account":"CongressmanJasonChaffetz","youtube_account":"JasonChaffetz","govtrack_id":"412270","cspan_id":"1031362","votesmart_id":"103482","icpsr_id":"20949","crp_id":"N00028958","google_entity_id":"/m/047blr4","fec_candidate_id":"H8UT03089","url":"http://clerk.house.gov/member_info/vacancies_pr.aspx?pr=house&amp;vid=111","rss_url":null,"contact_form":null,"in_office":false,"dw_nominate":0.647,"ideal_point":null,"seniority":"10","next_election":"2018","total_votes":344,"missed_votes":45,"total_present":0,"ocd_id":"ocd-division/country:us/state:ut/cd:3","office":"2236 Rayburn House Office Building","phone":"202-225-7751","fax":"202-225-5629","state":"UT","district":"3","at_large":false,"geoid":"4903","missed_votes_pct":13.08,"votes_with_party_pct":98.33,"response":{"industries":{"@attributes":{"cand_name":"Jason Chaffetz (R)","cid":"N00028958","cycle":"2016","origin":"Center for Responsive Politics","source":"https://www.opensecrets.org/members-of-congress/industries?cid=N00028958&cycle=2016","last_updated":"11/27/2017"},"industry":[{"@attributes":{"industry_code":"H04","industry_name":"Pharmaceuticals/Health Products","indivs":"23350","pacs":"66000","total":"89350"}},{"@attributes":{"industry_code":"K01","industry_name":"Lawyers/Law Firms","indivs":"41700","pacs":"27250","total":"68950"}},{"@attributes":{"industry_code":"B13","industry_name":"Internet","indivs":"42600","pacs":"26000","total":"68600"}},{"@attributes":{"industry_code":"N03","industry_name":"Retail Sales","indivs":"3000","pacs":"64500","total":"67500"}},{"@attributes":{"industry_code":"K02","industry_name":"Lobbyists","indivs":"56900","pacs":"2041","total":"58941"}},{"@attributes":{"industry_code":"F10","industry_name":"Real Estate","indivs":"40600","pacs":"16000","total":"56600"}},{"@attributes":{"industry_code":"F07","industry_name":"Securities & Investment","indivs":"26600","pacs":"28000","total":"54600"}},{"@attributes":{"industry_code":"B12","industry_name":"Electronics Mfg & Equip","indivs":"14550","pacs":"37000","total":"51550"}},{"@attributes":{"industry_code":"N15","industry_name":"Misc Manufacturing & Distributing","indivs":"24400","pacs":"25500","total":"49900"}},{"@attributes":{"industry_code":"E01","industry_name":"Oil & Gas","indivs":"14300","pacs":"35500","total":"49800"}}]}}}