{"id":"C001069","title":"Representative","short_title":"Rep.","api_uri":"https://api.propublica.org/congress/v1/members/C001069.json","first_name":"Joe","middle_name":null,"last_name":"Courtney","suffix":null,"date_of_birth":"1953-04-06","gender":"M","party":"D","leadership_role":null,"twitter_account":"RepJoeCourtney","facebook_account":"joecourtney","youtube_account":"repcourtney","govtrack_id":"412193","cspan_id":"1021284","votesmart_id":"30333","icpsr_id":"20706","crp_id":"N00024842","google_entity_id":"/m/0700nd","fec_candidate_id":"H2CT02112","url":"https://courtney.house.gov","rss_url":"https://courtney.house.gov/rss.xml","contact_form":null,"in_office":true,"dw_nominate":-0.34,"ideal_point":null,"seniority":"12","next_election":"2018","total_votes":841,"missed_votes":14,"total_present":0,"ocd_id":"ocd-division/country:us/state:ct/cd:2","office":"2348 Rayburn House Office Building","phone":"202-225-2076","fax":"202-225-4977","state":"CT","district":"2","at_large":false,"geoid":"0902","missed_votes_pct":1.66,"votes_with_party_pct":93.95,"response":{"industries":{"@attributes":{"cand_name":"Joe Courtney (D)","cid":"N00024842","cycle":"2014","origin":"Center for Responsive Politics","source":"https://www.opensecrets.org/members-of-congress/industries?cid=N00024842&cycle=2014","last_updated":"02/27/2017"},"industry":[{"@attributes":{"industry_code":"K01","industry_name":"Lawyers/Law Firms","indivs":"73987","pacs":"13000","total":"86987"}},{"@attributes":{"industry_code":"H01","industry_name":"Health Professionals","indivs":"13151","pacs":"71250","total":"84401"}},{"@attributes":{"industry_code":"P01","industry_name":"Building Trade Unions","indivs":"0","pacs":"64000","total":"64000"}},{"@attributes":{"industry_code":"P04","industry_name":"Public Sector Unions","indivs":"0","pacs":"63500","total":"63500"}},{"@attributes":{"industry_code":"D01","industry_name":"Defense Aerospace","indivs":"500","pacs":"61500","total":"62000"}},{"@attributes":{"industry_code":"F09","industry_name":"Insurance","indivs":"2350","pacs":"53000","total":"55350"}},{"@attributes":{"industry_code":"D03","industry_name":"Misc Defense","indivs":"20150","pacs":"32500","total":"52650"}},{"@attributes":{"industry_code":"W06","industry_name":"Retired","indivs":"48950","pacs":"0","total":"48950"}},{"@attributes":{"industry_code":"P02","industry_name":"Industrial Unions","indivs":"0","pacs":"48000","total":"48000"}},{"@attributes":{"industry_code":"D02","industry_name":"Defense Electronics","indivs":"7250","pacs":"30500","total":"37750"}}]}}}