{"id":"C001070","title":"Senator, 1st Class","short_title":"Sen.","api_uri":"https://api.propublica.org/congress/v1/members/C001070.json","first_name":"Bob","middle_name":null,"last_name":"Casey","suffix":null,"date_of_birth":"1960-04-13","gender":"M","party":"D","leadership_role":null,"twitter_account":"SenBobCasey","facebook_account":"SenatorBobCasey","youtube_account":"SenatorBobCasey","govtrack_id":"412246","cspan_id":"47036","votesmart_id":"2541","icpsr_id":"40703","crp_id":"N00027503","google_entity_id":"/m/047ymw","fec_candidate_id":"S6PA00217","url":"https://www.casey.senate.gov","rss_url":"https://www.casey.senate.gov/rss/feeds/?all","contact_form":"https://www.casey.senate.gov/contact/","in_office":true,"dw_nominate":-0.295,"ideal_point":null,"seniority":"11","next_election":"2018","total_votes":388,"missed_votes":1,"total_present":1,"ocd_id":"ocd-division/country:us/state:pa","office":"393 Russell Senate Office Building","phone":"202-224-6324","fax":"202-228-0604","state":"PA","senate_class":"1","state_rank":"senior","lis_id":"S309","missed_votes_pct":0.26,"votes_with_party_pct":96.38,"response":{"industries":{"@attributes":{"cand_name":"Bob Casey (D)","cid":"N00027503","cycle":"2012","origin":"Center for Responsive Politics","source":"https://www.opensecrets.org/members-of-congress/industries?cid=N00027503&cycle=2012","last_updated":"03/25/2013"},"industry":[{"@attributes":{"industry_code":"K01","industry_name":"Lawyers/Law Firms","indivs":"1848398","pacs":"227952","total":"2076350"}},{"@attributes":{"industry_code":"F07","industry_name":"Securities & Investment","indivs":"272848","pacs":"118500","total":"391348"}},{"@attributes":{"industry_code":"F10","industry_name":"Real Estate","indivs":"318908","pacs":"65500","total":"384408"}},{"@attributes":{"industry_code":"W06","industry_name":"Retired","indivs":"373071","pacs":"0","total":"373071"}},{"@attributes":{"industry_code":"K02","industry_name":"Lobbyists","indivs":"353291","pacs":"7800","total":"361091"}},{"@attributes":{"industry_code":"H01","industry_name":"Health Professionals","indivs":"210835","pacs":"149000","total":"359835"}},{"@attributes":{"industry_code":"H04","industry_name":"Pharmaceuticals/Health Products","indivs":"113550","pacs":"233830","total":"347380"}},{"@attributes":{"industry_code":"H02","industry_name":"Hospitals/Nursing Homes","indivs":"207297","pacs":"89750","total":"297047"}},{"@attributes":{"industry_code":"F09","industry_name":"Insurance","indivs":"138300","pacs":"126750","total":"265050"}},{"@attributes":{"industry_code":"Q03","industry_name":"Leadership PACs","indivs":"1000","pacs":"258364","total":"259364"}}]}}}