{"id":"C001059","title":"Representative","short_title":"Rep.","api_uri":"https://api.propublica.org/congress/v1/members/C001059.json","first_name":"Jim","middle_name":null,"last_name":"Costa","suffix":null,"date_of_birth":"1952-04-13","gender":"M","party":"D","leadership_role":null,"twitter_account":"RepJimCosta","facebook_account":"RepJimCosta","youtube_account":"RepJimCostaCA20","govtrack_id":"400618","cspan_id":"19599","votesmart_id":"3577","icpsr_id":"20501","crp_id":"N00026341","google_entity_id":"/m/04chm2","fec_candidate_id":"H4CA20082","url":"https://costa.house.gov","rss_url":"https://costa.house.gov/rss.xml","contact_form":null,"in_office":true,"dw_nominate":-0.186,"ideal_point":null,"seniority":"14","next_election":"2018","total_votes":841,"missed_votes":131,"total_present":0,"ocd_id":"ocd-division/country:us/state:ca/cd:16","office":"2081 Rayburn House Office Building","phone":"202-225-3341","fax":"202-225-9308","state":"CA","district":"16","at_large":false,"geoid":"0616","missed_votes_pct":15.58,"votes_with_party_pct":80.99,"response":{"industries":{"@attributes":{"cand_name":"Jim Costa (D)","cid":"N00026341","cycle":"2014","origin":"Center for Responsive Politics","source":"https://www.opensecrets.org/members-of-congress/industries?cid=N00026341&cycle=2014","last_updated":"02/27/2017"},"industry":[{"@attributes":{"industry_code":"A01","industry_name":"Crop Production & Basic Processing","indivs":"130900","pacs":"90050","total":"220950"}},{"@attributes":{"industry_code":"E01","industry_name":"Oil & Gas","indivs":"0","pacs":"98499","total":"98499"}},{"@attributes":{"industry_code":"A04","industry_name":"Dairy","indivs":"33350","pacs":"30500","total":"63850"}},{"@attributes":{"industry_code":"F10","industry_name":"Real Estate","indivs":"49605","pacs":"9990","total":"59595"}},{"@attributes":{"industry_code":"A07","industry_name":"Agricultural Services/Products","indivs":"4300","pacs":"53500","total":"57800"}},{"@attributes":{"industry_code":"A06","industry_name":"Livestock","indivs":"20650","pacs":"26500","total":"47150"}},{"@attributes":{"industry_code":"K01","industry_name":"Lawyers/Law Firms","indivs":"38400","pacs":"7750","total":"46150"}},{"@attributes":{"industry_code":"H01","industry_name":"Health Professionals","indivs":"33950","pacs":"2000","total":"35950"}},{"@attributes":{"industry_code":"E08","industry_name":"Electric Utilities","indivs":"6750","pacs":"28750","total":"35500"}},{"@attributes":{"industry_code":"P04","industry_name":"Public Sector Unions","indivs":"0","pacs":"35500","total":"35500"}}]}}}