{"id":"C001048","title":"Representative","short_title":"Rep.","api_uri":"https://api.propublica.org/congress/v1/members/C001048.json","first_name":"John","middle_name":null,"last_name":"Culberson","suffix":null,"date_of_birth":"1956-08-24","gender":"M","party":"R","leadership_role":null,"twitter_account":"CongCulberson","facebook_account":null,"youtube_account":"johnculbersontx07","govtrack_id":"400089","cspan_id":"88078","votesmart_id":"5488","icpsr_id":"20139","crp_id":"N00009738","google_entity_id":"/m/03sfhc","fec_candidate_id":"H0TX07055","url":"https://culberson.house.gov","rss_url":null,"contact_form":null,"in_office":true,"dw_nominate":0.503,"ideal_point":null,"seniority":"18","next_election":"2018","total_votes":841,"missed_votes":11,"total_present":0,"ocd_id":"ocd-division/country:us/state:tx/cd:7","office":"2161 Rayburn House Office Building","phone":"202-225-2571","fax":"202-225-4381","state":"TX","district":"7","at_large":false,"geoid":"4807","missed_votes_pct":1.31,"votes_with_party_pct":97.59}