{"id":"C001053","title":"Representative","short_title":"Rep.","api_uri":"https://api.propublica.org/congress/v1/members/C001053.json","first_name":"Tom","middle_name":null,"last_name":"Cole","suffix":null,"date_of_birth":"1949-04-28","gender":"M","party":"R","leadership_role":null,"twitter_account":"TomColeOK04","facebook_account":"TomColeOK04","youtube_account":"reptomcole","govtrack_id":"400077","cspan_id":"1003609","votesmart_id":"46034","icpsr_id":"20344","crp_id":"N00025726","google_entity_id":"/m/03tqb0","fec_candidate_id":"H2OK04055","url":"https://cole.house.gov","rss_url":"https://cole.house.gov/rss.xml","contact_form":null,"in_office":true,"dw_nominate":0.335,"ideal_point":null,"seniority":"16","next_election":"2018","total_votes":841,"missed_votes":19,"total_present":0,"ocd_id":"ocd-division/country:us/state:ok/cd:4","office":"2467 Rayburn House Office Building","phone":"202-225-6165","fax":"202-225-3512","state":"OK","district":"4","at_large":false,"geoid":"4004","missed_votes_pct":2.26,"votes_with_party_pct":95.13}