{"id":"C001063","title":"Representative","short_title":"Rep.","api_uri":"https://api.propublica.org/congress/v1/members/C001063.json","first_name":"Henry","middle_name":null,"last_name":"Cuellar","suffix":null,"date_of_birth":"1955-09-19","gender":"M","party":"D","leadership_role":null,"twitter_account":"RepCuellar","facebook_account":"152569121550","youtube_account":"henrycuellar","govtrack_id":"400657","cspan_id":"1013062","votesmart_id":"5486","icpsr_id":"20533","crp_id":"N00024978","google_entity_id":"/m/04clj6","fec_candidate_id":"H2TX23082","url":"https://cuellar.house.gov","rss_url":"https://cuellar.house.gov/news/rss.aspx","contact_form":null,"in_office":true,"dw_nominate":-0.227,"ideal_point":null,"seniority":"14","next_election":"2018","total_votes":841,"missed_votes":13,"total_present":0,"ocd_id":"ocd-division/country:us/state:tx/cd:28","office":"2209 Rayburn House Office Building","phone":"202-225-1640","fax":"202-225-1641","state":"TX","district":"28","at_large":false,"geoid":"4828","missed_votes_pct":1.55,"votes_with_party_pct":78.38,"response":{"industries":{"@attributes":{"cand_name":"Henry Cuellar (D)","cid":"N00024978","cycle":"2014","origin":"Center for Responsive Politics","source":"https://www.opensecrets.org/members-of-congress/industries?cid=N00024978&cycle=2014","last_updated":"02/27/2017"},"industry":[{"@attributes":{"industry_code":"E01","industry_name":"Oil & Gas","indivs":"40800","pacs":"89000","total":"129800"}},{"@attributes":{"industry_code":"H01","industry_name":"Health Professionals","indivs":"32150","pacs":"30500","total":"62650"}},{"@attributes":{"industry_code":"K01","industry_name":"Lawyers/Law Firms","indivs":"36783","pacs":"18625","total":"55408"}},{"@attributes":{"industry_code":"M02","industry_name":"Automotive","indivs":"9200","pacs":"39000","total":"48200"}},{"@attributes":{"industry_code":"C04","industry_name":"Construction Services","indivs":"32300","pacs":"14000","total":"46300"}},{"@attributes":{"industry_code":"A01","industry_name":"Crop Production & Basic Processing","indivs":"7000","pacs":"35850","total":"42850"}},{"@attributes":{"industry_code":"N02","industry_name":"Beer, Wine & Liquor","indivs":"20200","pacs":"17500","total":"37700"}},{"@attributes":{"industry_code":"D01","industry_name":"Defense Aerospace","indivs":"1250","pacs":"30000","total":"31250"}},{"@attributes":{"industry_code":"N03","industry_name":"Retail Sales","indivs":"20200","pacs":"11000","total":"31200"}},{"@attributes":{"industry_code":"F09","industry_name":"Insurance","indivs":"1500","pacs":"25500","total":"27000"}}]}}}