{"id":"C001078","title":"Representative","short_title":"Rep.","api_uri":"https://api.propublica.org/congress/v1/members/C001078.json","first_name":"Gerald","middle_name":"E.","last_name":"Connolly","suffix":null,"date_of_birth":"1950-03-30","gender":"M","party":"D","leadership_role":null,"twitter_account":"GerryConnolly","facebook_account":"CongressmanGerryConnolly","youtube_account":"repconnolly","govtrack_id":"412272","cspan_id":"1015936","votesmart_id":"95078","icpsr_id":"20952","crp_id":"N00029891","google_entity_id":"/m/04f40kn","fec_candidate_id":"H8VA11062","url":"https://connolly.house.gov","rss_url":null,"contact_form":null,"in_office":true,"dw_nominate":-0.305,"ideal_point":null,"seniority":"10","next_election":"2018","total_votes":841,"missed_votes":6,"total_present":0,"ocd_id":"ocd-division/country:us/state:va/cd:11","office":"2238 Rayburn House Office Building","phone":"202-225-1492","fax":"202-225-3071","state":"VA","district":"11","at_large":false,"geoid":"5111","missed_votes_pct":0.71,"votes_with_party_pct":93.65}