{"id":"C001051","title":"Representative","short_title":"Rep.","api_uri":"https://api.propublica.org/congress/v1/members/C001051.json","first_name":"John","middle_name":null,"last_name":"Carter","suffix":null,"date_of_birth":"1941-11-06","gender":"M","party":"R","leadership_role":null,"twitter_account":"JudgeCarter","facebook_account":"judgecarter","youtube_account":"repjohncarter","govtrack_id":"400068","cspan_id":"1004257","votesmart_id":"49296","icpsr_id":"20356","crp_id":"N00025095","google_entity_id":"/m/03whyr","fec_candidate_id":"H2TX31044","url":"https://carter.house.gov","rss_url":"https://carter.house.gov/common/rss/?rss=40","contact_form":null,"in_office":true,"dw_nominate":0.467,"ideal_point":null,"seniority":"16","next_election":"2018","total_votes":841,"missed_votes":32,"total_present":0,"ocd_id":"ocd-division/country:us/state:tx/cd:31","office":"2110 Rayburn House Office Building","phone":"202-225-3864","fax":"202-225-5886","state":"TX","district":"31","at_large":false,"geoid":"4831","missed_votes_pct":3.8,"votes_with_party_pct":97.53,"response":{"industries":{"@attributes":{"cand_name":"John Carter (R)","cid":"N00025095","cycle":"2018","origin":"Center for Responsive Politics","source":"https://www.opensecrets.org/members-of-congress/industries?cid=N00025095&cycle=2018","last_updated":"03/26/2018"},"industry":[{"@attributes":{"industry_code":"D02","industry_name":"Defense Electronics","indivs":"0","pacs":"42500","total":"42500"}},{"@attributes":{"industry_code":"D01","industry_name":"Defense Aerospace","indivs":"500","pacs":"35500","total":"36000"}},{"@attributes":{"industry_code":"N12","industry_name":"Misc Business","indivs":"21600","pacs":"10000","total":"31600"}},{"@attributes":{"industry_code":"F10","industry_name":"Real Estate","indivs":"22100","pacs":"5500","total":"27600"}},{"@attributes":{"industry_code":"K01","industry_name":"Lawyers/Law Firms","indivs":"12475","pacs":"10500","total":"22975"}},{"@attributes":{"industry_code":"C01","industry_name":"General Contractors","indivs":"17000","pacs":"5000","total":"22000"}},{"@attributes":{"industry_code":"K02","industry_name":"Lobbyists","indivs":"20830","pacs":"0","total":"20830"}},{"@attributes":{"industry_code":"M02","industry_name":"Automotive","indivs":"9700","pacs":"10000","total":"19700"}},{"@attributes":{"industry_code":"M01","industry_name":"Air Transport","indivs":"0","pacs":"19500","total":"19500"}},{"@attributes":{"industry_code":"H01","industry_name":"Health Professionals","indivs":"6750","pacs":"11500","total":"18250"}}]}}}