{"id":"C001048","title":"Representative","short_title":"Rep.","api_uri":"https://api.propublica.org/congress/v1/members/C001048.json","first_name":"John","middle_name":null,"last_name":"Culberson","suffix":null,"date_of_birth":"1956-08-24","gender":"M","party":"R","leadership_role":null,"twitter_account":"CongCulberson","facebook_account":null,"youtube_account":"johnculbersontx07","govtrack_id":"400089","cspan_id":"88078","votesmart_id":"5488","icpsr_id":"20139","crp_id":"N00009738","google_entity_id":"/m/03sfhc","fec_candidate_id":"H0TX07055","url":"https://culberson.house.gov","rss_url":null,"contact_form":null,"in_office":true,"dw_nominate":0.503,"ideal_point":null,"seniority":"18","next_election":"2018","total_votes":841,"missed_votes":11,"total_present":0,"ocd_id":"ocd-division/country:us/state:tx/cd:7","office":"2161 Rayburn House Office Building","phone":"202-225-2571","fax":"202-225-4381","state":"TX","district":"7","at_large":false,"geoid":"4807","missed_votes_pct":1.31,"votes_with_party_pct":97.59,"response":{"industries":{"@attributes":{"cand_name":"John Culberson (R)","cid":"N00009738","cycle":"2014","origin":"Center for Responsive Politics","source":"https://www.opensecrets.org/members-of-congress/industries?cid=N00009738&cycle=2014","last_updated":"02/27/2017"},"industry":[{"@attributes":{"industry_code":"E01","industry_name":"Oil & Gas","indivs":"24550","pacs":"63500","total":"88050"}},{"@attributes":{"industry_code":"W06","industry_name":"Retired","indivs":"69250","pacs":"0","total":"69250"}},{"@attributes":{"industry_code":"F10","industry_name":"Real Estate","indivs":"33350","pacs":"16000","total":"49350"}},{"@attributes":{"industry_code":"D01","industry_name":"Defense Aerospace","indivs":"0","pacs":"28000","total":"28000"}},{"@attributes":{"industry_code":"N15","industry_name":"Misc Manufacturing & Distributing","indivs":"11450","pacs":"13500","total":"24950"}},{"@attributes":{"industry_code":"K01","industry_name":"Lawyers/Law Firms","indivs":"18300","pacs":"6250","total":"24550"}},{"@attributes":{"industry_code":"C04","industry_name":"Construction Services","indivs":"13650","pacs":"9000","total":"22650"}},{"@attributes":{"industry_code":"M01","industry_name":"Air Transport","indivs":"6100","pacs":"16000","total":"22100"}},{"@attributes":{"industry_code":"M02","industry_name":"Automotive","indivs":"7600","pacs":"14000","total":"21600"}},{"@attributes":{"industry_code":"D02","industry_name":"Defense Electronics","indivs":"0","pacs":"18000","total":"18000"}}]}}}