{"id":"C001048","title":"Representative","short_title":"Rep.","api_uri":"https://api.propublica.org/congress/v1/members/C001048.json","first_name":"John","middle_name":null,"last_name":"Culberson","suffix":null,"date_of_birth":"1956-08-24","gender":"M","party":"R","leadership_role":null,"twitter_account":"CongCulberson","facebook_account":null,"youtube_account":"johnculbersontx07","govtrack_id":"400089","cspan_id":"88078","votesmart_id":"5488","icpsr_id":"20139","crp_id":"N00009738","google_entity_id":"/m/03sfhc","fec_candidate_id":"H0TX07055","url":"https://culberson.house.gov","rss_url":null,"contact_form":null,"in_office":true,"dw_nominate":0.503,"ideal_point":null,"seniority":"18","next_election":"2018","total_votes":841,"missed_votes":11,"total_present":0,"ocd_id":"ocd-division/country:us/state:tx/cd:7","office":"2161 Rayburn House Office Building","phone":"202-225-2571","fax":"202-225-4381","state":"TX","district":"7","at_large":false,"geoid":"4807","missed_votes_pct":1.31,"votes_with_party_pct":97.59,"response":{"industries":{"@attributes":{"cand_name":"John Culberson (R)","cid":"N00009738","cycle":"2012","origin":"Center for Responsive Politics","source":"https://www.opensecrets.org/members-of-congress/industries?cid=N00009738&cycle=2012","last_updated":"03/25/2013"},"industry":[{"@attributes":{"industry_code":"E01","industry_name":"Oil & Gas","indivs":"28850","pacs":"71000","total":"99850"}},{"@attributes":{"industry_code":"F10","industry_name":"Real Estate","indivs":"47200","pacs":"15500","total":"62700"}},{"@attributes":{"industry_code":"W06","industry_name":"Retired","indivs":"51900","pacs":"0","total":"51900"}},{"@attributes":{"industry_code":"H01","industry_name":"Health Professionals","indivs":"22000","pacs":"21000","total":"43000"}},{"@attributes":{"industry_code":"C04","industry_name":"Construction Services","indivs":"21000","pacs":"15000","total":"36000"}},{"@attributes":{"industry_code":"K01","industry_name":"Lawyers/Law Firms","indivs":"21316","pacs":"10500","total":"31816"}},{"@attributes":{"industry_code":"M01","industry_name":"Air Transport","indivs":"2500","pacs":"25000","total":"27500"}},{"@attributes":{"industry_code":"F13","industry_name":"Misc Finance","indivs":"25200","pacs":"0","total":"25200"}},{"@attributes":{"industry_code":"N15","industry_name":"Misc Manufacturing & Distributing","indivs":"12900","pacs":"12000","total":"24900"}},{"@attributes":{"industry_code":"D01","industry_name":"Defense Aerospace","indivs":"0","pacs":"22500","total":"22500"}}]}}}