{"id":"C001070","title":"Senator, 1st Class","short_title":"Sen.","api_uri":"https://api.propublica.org/congress/v1/members/C001070.json","first_name":"Bob","middle_name":null,"last_name":"Casey","suffix":null,"date_of_birth":"1960-04-13","gender":"M","party":"D","leadership_role":null,"twitter_account":"SenBobCasey","facebook_account":"SenatorBobCasey","youtube_account":"SenatorBobCasey","govtrack_id":"412246","cspan_id":"47036","votesmart_id":"2541","icpsr_id":"40703","crp_id":"N00027503","google_entity_id":"/m/047ymw","fec_candidate_id":"S6PA00217","url":"https://www.casey.senate.gov","rss_url":"https://www.casey.senate.gov/rss/feeds/?all","contact_form":"https://www.casey.senate.gov/contact/","in_office":true,"dw_nominate":-0.295,"ideal_point":null,"seniority":"11","next_election":"2018","total_votes":388,"missed_votes":1,"total_present":1,"ocd_id":"ocd-division/country:us/state:pa","office":"393 Russell Senate Office Building","phone":"202-224-6324","fax":"202-228-0604","state":"PA","senate_class":"1","state_rank":"senior","lis_id":"S309","missed_votes_pct":0.26,"votes_with_party_pct":96.38}