{"id":"C001062","title":"Representative","short_title":"Rep.","api_uri":"https://api.propublica.org/congress/v1/members/C001062.json","first_name":"K.","middle_name":"Michael","last_name":"Conaway","suffix":null,"date_of_birth":"1948-06-11","gender":"M","party":"R","leadership_role":null,"twitter_account":"ConawayTX11","facebook_account":"mike.conaway","youtube_account":"mikeconaway11","govtrack_id":"400655","cspan_id":"1004595","votesmart_id":"49935","icpsr_id":"20531","crp_id":"N00026041","google_entity_id":"/m/04cmt7","fec_candidate_id":"H4TX19136","url":"https://conaway.house.gov","rss_url":null,"contact_form":null,"in_office":true,"dw_nominate":0.591,"ideal_point":null,"seniority":"14","next_election":"2018","total_votes":841,"missed_votes":1,"total_present":0,"ocd_id":"ocd-division/country:us/state:tx/cd:11","office":"2430 Rayburn House Office Building","phone":"202-225-3605","fax":"202-225-1783","state":"TX","district":"11","at_large":false,"geoid":"4811","missed_votes_pct":0.12,"votes_with_party_pct":95,"response":{"industries":{"@attributes":{"cand_name":"Mike Conaway (R)","cid":"N00026041","cycle":"2012","origin":"Center for Responsive Politics","source":"https://www.opensecrets.org/members-of-congress/industries?cid=N00026041&cycle=2012","last_updated":"03/25/2013"},"industry":[{"@attributes":{"industry_code":"E01","industry_name":"Oil & Gas","indivs":"107800","pacs":"49500","total":"157300"}},{"@attributes":{"industry_code":"A01","industry_name":"Crop Production & Basic Processing","indivs":"46700","pacs":"103250","total":"149950"}},{"@attributes":{"industry_code":"F07","industry_name":"Securities & Investment","indivs":"21750","pacs":"61000","total":"82750"}},{"@attributes":{"industry_code":"F11","industry_name":"Accountants","indivs":"17500","pacs":"43499","total":"60999"}},{"@attributes":{"industry_code":"A06","industry_name":"Livestock","indivs":"39950","pacs":"18500","total":"58450"}},{"@attributes":{"industry_code":"W06","industry_name":"Retired","indivs":"54175","pacs":"0","total":"54175"}},{"@attributes":{"industry_code":"A07","industry_name":"Agricultural Services/Products","indivs":"750","pacs":"49647","total":"50397"}},{"@attributes":{"industry_code":"K01","industry_name":"Lawyers/Law Firms","indivs":"22799","pacs":"15500","total":"38299"}},{"@attributes":{"industry_code":"D01","industry_name":"Defense Aerospace","indivs":"0","pacs":"37500","total":"37500"}},{"@attributes":{"industry_code":"H01","industry_name":"Health Professionals","indivs":"17850","pacs":"11500","total":"29350"}}]}}}