{"id":"C001035","title":"Senator, 2nd Class","short_title":"Sen.","api_uri":"https://api.propublica.org/congress/v1/members/C001035.json","first_name":"Susan","middle_name":null,"last_name":"Collins","suffix":null,"date_of_birth":"1952-12-07","gender":"F","party":"R","leadership_role":null,"twitter_account":"SenatorCollins","facebook_account":"susancollins","youtube_account":"SenatorSusanCollins","govtrack_id":"300025","cspan_id":"45738","votesmart_id":"379","icpsr_id":"49703","crp_id":"N00000491","google_entity_id":"/m/020y8m","fec_candidate_id":"S6ME00159","url":"https://www.collins.senate.gov","rss_url":"https://www.collins.senate.gov/?q=rss.xml","contact_form":"http://www.collins.senate.gov/contact","in_office":true,"dw_nominate":0.108,"ideal_point":null,"seniority":"21","next_election":"2020","total_votes":388,"missed_votes":0,"total_present":0,"ocd_id":"ocd-division/country:us/state:me","office":"413 Dirksen Senate Office Building","phone":"202-224-2523","fax":"202-224-2693","state":"ME","senate_class":"2","state_rank":"senior","lis_id":"S252","missed_votes_pct":0,"votes_with_party_pct":89.69}