{"id":"C001080","title":"Representative","short_title":"Rep.","api_uri":"https://api.propublica.org/congress/v1/members/C001080.json","first_name":"Judy","middle_name":null,"last_name":"Chu","suffix":null,"date_of_birth":"1953-07-07","gender":"F","party":"D","leadership_role":null,"twitter_account":"RepJudyChu","facebook_account":"RepJudyChu","youtube_account":"RepJudyChu","govtrack_id":"412379","cspan_id":"92573","votesmart_id":"16539","icpsr_id":"20955","crp_id":"N00030600","google_entity_id":"/m/0krsk2","fec_candidate_id":"H0CA32101","url":"https://chu.house.gov","rss_url":"https://chu.house.gov/rss.xml","contact_form":null,"in_office":true,"dw_nominate":-0.498,"ideal_point":null,"seniority":"12","next_election":"2018","total_votes":841,"missed_votes":22,"total_present":0,"ocd_id":"ocd-division/country:us/state:ca/cd:27","office":"2423 Rayburn House Office Building","phone":"202-225-5464","fax":"202-225-5467","state":"CA","district":"27","at_large":false,"geoid":"0627","missed_votes_pct":2.62,"votes_with_party_pct":94.26,"response":{"industries":{"@attributes":{"cand_name":"Judy Chu (D)","cid":"N00030600","cycle":"2014","origin":"Center for Responsive Politics","source":"https://www.opensecrets.org/members-of-congress/industries?cid=N00030600&cycle=2014","last_updated":"02/27/2017"},"industry":[{"@attributes":{"industry_code":"K01","industry_name":"Lawyers/Law Firms","indivs":"38040","pacs":"16000","total":"54040"}},{"@attributes":{"industry_code":"H01","industry_name":"Health Professionals","indivs":"34708","pacs":"10500","total":"45208"}},{"@attributes":{"industry_code":"P05","industry_name":"Misc Unions","indivs":"250","pacs":"44750","total":"45000"}},{"@attributes":{"industry_code":"F10","industry_name":"Real Estate","indivs":"35000","pacs":"6000","total":"41000"}},{"@attributes":{"industry_code":"B02","industry_name":"TV/Movies/Music","indivs":"8700","pacs":"32000","total":"40700"}},{"@attributes":{"industry_code":"P01","industry_name":"Building Trade Unions","indivs":"0","pacs":"38100","total":"38100"}},{"@attributes":{"industry_code":"W06","industry_name":"Retired","indivs":"36461","pacs":"0","total":"36461"}},{"@attributes":{"industry_code":"P04","industry_name":"Public Sector Unions","indivs":"0","pacs":"34750","total":"34750"}},{"@attributes":{"industry_code":"H04","industry_name":"Pharmaceuticals/Health Products","indivs":"14000","pacs":"9000","total":"23000"}},{"@attributes":{"industry_code":"F09","industry_name":"Insurance","indivs":"14450","pacs":"8000","total":"22450"}}]}}}