{"id":"C001063","title":"Representative","short_title":"Rep.","api_uri":"https://api.propublica.org/congress/v1/members/C001063.json","first_name":"Henry","middle_name":null,"last_name":"Cuellar","suffix":null,"date_of_birth":"1955-09-19","gender":"M","party":"D","leadership_role":null,"twitter_account":"RepCuellar","facebook_account":"152569121550","youtube_account":"henrycuellar","govtrack_id":"400657","cspan_id":"1013062","votesmart_id":"5486","icpsr_id":"20533","crp_id":"N00024978","google_entity_id":"/m/04clj6","fec_candidate_id":"H2TX23082","url":"https://cuellar.house.gov","rss_url":"https://cuellar.house.gov/news/rss.aspx","contact_form":null,"in_office":true,"dw_nominate":-0.227,"ideal_point":null,"seniority":"14","next_election":"2018","total_votes":841,"missed_votes":13,"total_present":0,"ocd_id":"ocd-division/country:us/state:tx/cd:28","office":"2209 Rayburn House Office Building","phone":"202-225-1640","fax":"202-225-1641","state":"TX","district":"28","at_large":false,"geoid":"4828","missed_votes_pct":1.55,"votes_with_party_pct":78.38,"response":{"industries":{"@attributes":{"cand_name":"Henry Cuellar (D)","cid":"N00024978","cycle":"2018","origin":"Center for Responsive Politics","source":"https://www.opensecrets.org/members-of-congress/industries?cid=N00024978&cycle=2018","last_updated":"03/26/2018"},"industry":[{"@attributes":{"industry_code":"E01","industry_name":"Oil & Gas","indivs":"2250","pacs":"62000","total":"64250"}},{"@attributes":{"industry_code":"F06","industry_name":"Finance/Credit Companies","indivs":"11100","pacs":"30700","total":"41800"}},{"@attributes":{"industry_code":"A01","industry_name":"Crop Production & Basic Processing","indivs":"1000","pacs":"40000","total":"41000"}},{"@attributes":{"industry_code":"N12","industry_name":"Misc Business","indivs":"23400","pacs":"15000","total":"38400"}},{"@attributes":{"industry_code":"H01","industry_name":"Health Professionals","indivs":"3950","pacs":"24500","total":"28450"}},{"@attributes":{"industry_code":"N03","industry_name":"Retail Sales","indivs":"7150","pacs":"19500","total":"26650"}},{"@attributes":{"industry_code":"N01","industry_name":"Food & Beverage","indivs":"2000","pacs":"24500","total":"26500"}},{"@attributes":{"industry_code":"M02","industry_name":"Automotive","indivs":"500","pacs":"25000","total":"25500"}},{"@attributes":{"industry_code":"K01","industry_name":"Lawyers/Law Firms","indivs":"15250","pacs":"7500","total":"22750"}},{"@attributes":{"industry_code":"D01","industry_name":"Defense Aerospace","indivs":"0","pacs":"21000","total":"21000"}}]}}}