{"id":"C001075","title":"Senator, 2nd Class","short_title":"Sen.","api_uri":"https://api.propublica.org/congress/v1/members/C001075.json","first_name":"Bill","middle_name":null,"last_name":"Cassidy","suffix":null,"date_of_birth":"1957-09-28","gender":"M","party":"R","leadership_role":null,"twitter_account":null,"facebook_account":null,"youtube_account":"SenatorBillCassidy","govtrack_id":"412269","cspan_id":"1030546","votesmart_id":"69494","icpsr_id":"20919","crp_id":"N00030245","google_entity_id":"/m/0286t7r","fec_candidate_id":"S4LA00107","url":"https://www.cassidy.senate.gov","rss_url":null,"contact_form":"https://www.cassidy.senate.gov/contact","in_office":true,"dw_nominate":0.451,"ideal_point":null,"seniority":"3","next_election":"2020","total_votes":388,"missed_votes":1,"total_present":0,"ocd_id":"ocd-division/country:us/state:la","office":"520 Hart Senate Office Building","phone":"202-224-5824","fax":"202-225-7313","state":"LA","senate_class":"2","state_rank":"senior","lis_id":"S373","missed_votes_pct":0.26,"votes_with_party_pct":97.67}