{"id":"C001061","title":"Representative","short_title":"Rep.","api_uri":"https://api.propublica.org/congress/v1/members/C001061.json","first_name":"Emanuel","middle_name":null,"last_name":"Cleaver","suffix":"II","date_of_birth":"1944-10-26","gender":"M","party":"D","leadership_role":null,"twitter_account":"RepCleaver","facebook_account":"emanuelcleaverii","youtube_account":"repcleaver","govtrack_id":"400639","cspan_id":"10933","votesmart_id":"39507","icpsr_id":"20517","crp_id":"N00026790","google_entity_id":"/m/04cbbm","fec_candidate_id":"H4MO05234","url":"https://cleaver.house.gov","rss_url":"https://cleaver.house.gov/rss.xml","contact_form":null,"in_office":true,"dw_nominate":-0.451,"ideal_point":null,"seniority":"14","next_election":"2018","total_votes":841,"missed_votes":97,"total_present":4,"ocd_id":"ocd-division/country:us/state:mo/cd:5","office":"2335 Rayburn House Office Building","phone":"202-225-4535","fax":"202-225-4403","state":"MO","district":"5","at_large":false,"geoid":"2905","missed_votes_pct":11.53,"votes_with_party_pct":95.03}