{"id":"C001067","title":"Representative","short_title":"Rep.","api_uri":"https://api.propublica.org/congress/v1/members/C001067.json","first_name":"Yvette","middle_name":"D.","last_name":"Clarke","suffix":null,"date_of_birth":"1964-11-21","gender":"F","party":"D","leadership_role":null,"twitter_account":"RepYvetteClarke","facebook_account":"repyvettedclarke","youtube_account":"repyvetteclarke","govtrack_id":"412221","cspan_id":"1022875","votesmart_id":"44741","icpsr_id":"20733","crp_id":"N00026961","google_entity_id":"/m/06h90t","fec_candidate_id":"H4NY11138","url":"https://clarke.house.gov","rss_url":"https://clarke.house.gov/category/press-releases/feed/","contact_form":null,"in_office":true,"dw_nominate":-0.609,"ideal_point":null,"seniority":"12","next_election":"2018","total_votes":841,"missed_votes":21,"total_present":0,"ocd_id":"ocd-division/country:us/state:ny/cd:9","office":"2058 Rayburn House Office Building","phone":"202-225-6231","fax":"202-226-0112","state":"NY","district":"9","at_large":false,"geoid":"3609","missed_votes_pct":2.5,"votes_with_party_pct":93.66,"response":{"industries":{"@attributes":{"cand_name":"Yvette D. Clarke (D)","cid":"N00026961","cycle":"2012","origin":"Center for Responsive Politics","source":"https://www.opensecrets.org/members-of-congress/industries?cid=N00026961&cycle=2012","last_updated":"03/25/2013"},"industry":[{"@attributes":{"industry_code":"P01","industry_name":"Building Trade Unions","indivs":"0","pacs":"53100","total":"53100"}},{"@attributes":{"industry_code":"P04","industry_name":"Public Sector Unions","indivs":"200","pacs":"41600","total":"41800"}},{"@attributes":{"industry_code":"H01","industry_name":"Health Professionals","indivs":"28022","pacs":"8500","total":"36522"}},{"@attributes":{"industry_code":"B12","industry_name":"Computers/Internet","indivs":"0","pacs":"27500","total":"27500"}},{"@attributes":{"industry_code":"F07","industry_name":"Securities & Investment","indivs":"11900","pacs":"11000","total":"22900"}},{"@attributes":{"industry_code":"P02","industry_name":"Industrial Unions","indivs":"0","pacs":"20000","total":"20000"}},{"@attributes":{"industry_code":"F09","industry_name":"Insurance","indivs":"7450","pacs":"12500","total":"19950"}},{"@attributes":{"industry_code":"P03","industry_name":"Transportation Unions","indivs":"0","pacs":"19500","total":"19500"}},{"@attributes":{"industry_code":"K01","industry_name":"Lawyers/Law Firms","indivs":"10100","pacs":"8000","total":"18100"}},{"@attributes":{"industry_code":"B08","industry_name":"Telephone Utilities","indivs":"0","pacs":"17000","total":"17000"}}]}}}