{"id":"C001038","title":"Representative","short_title":"Rep.","api_uri":"https://api.propublica.org/congress/v1/members/C001038.json","first_name":"Joseph","middle_name":null,"last_name":"Crowley","suffix":null,"date_of_birth":"1962-03-16","gender":"M","party":"D","leadership_role":"Caucus Chair","twitter_account":"RepJoeCrowley","facebook_account":"repjoecrowley","youtube_account":"RepJoeCrowley","govtrack_id":"400087","cspan_id":"57880","votesmart_id":"4295","icpsr_id":"29925","crp_id":"N00001127","google_entity_id":"/m/03v10s","fec_candidate_id":"H8NY07046","url":"https://crowley.house.gov","rss_url":"https://crowley.house.gov/rss.xml","contact_form":null,"in_office":true,"dw_nominate":-0.408,"ideal_point":null,"seniority":"20","next_election":"2018","total_votes":841,"missed_votes":25,"total_present":0,"ocd_id":"ocd-division/country:us/state:ny/cd:14","office":"1035 Longworth House Office Building","phone":"202-225-3965","fax":"202-225-1909","state":"NY","district":"14","at_large":false,"geoid":"3614","missed_votes_pct":2.97,"votes_with_party_pct":94.73,"response":{"industries":{"@attributes":{"cand_name":"Joseph Crowley (D)","cid":"N00001127","cycle":"2012","origin":"Center for Responsive Politics","source":"https://www.opensecrets.org/members-of-congress/industries?cid=N00001127&cycle=2012","last_updated":"03/25/2013"},"industry":[{"@attributes":{"industry_code":"F07","industry_name":"Securities & Investment","indivs":"113349","pacs":"166000","total":"279349"}},{"@attributes":{"industry_code":"F09","industry_name":"Insurance","indivs":"28250","pacs":"212500","total":"240750"}},{"@attributes":{"industry_code":"F10","industry_name":"Real Estate","indivs":"98100","pacs":"73096","total":"171196"}},{"@attributes":{"industry_code":"K01","industry_name":"Lawyers/Law Firms","indivs":"63650","pacs":"48750","total":"112400"}},{"@attributes":{"industry_code":"K02","industry_name":"Lobbyists","indivs":"96051","pacs":"2600","total":"98651"}},{"@attributes":{"industry_code":"H04","industry_name":"Pharmaceuticals/Health Products","indivs":"5650","pacs":"91500","total":"97150"}},{"@attributes":{"industry_code":"H01","industry_name":"Health Professionals","indivs":"10250","pacs":"70250","total":"80500"}},{"@attributes":{"industry_code":"F03","industry_name":"Commercial Banks","indivs":"8000","pacs":"68500","total":"76500"}},{"@attributes":{"industry_code":"B02","industry_name":"TV/Movies/Music","indivs":"11000","pacs":"54500","total":"65500"}},{"@attributes":{"industry_code":"F11","industry_name":"Accountants","indivs":"10000","pacs":"49000","total":"59000"}}]}}}