{"id":"C001088","title":"Senator, 2nd Class","short_title":"Sen.","api_uri":"https://api.propublica.org/congress/v1/members/C001088.json","first_name":"Christopher","middle_name":"A.","last_name":"Coons","suffix":null,"date_of_birth":"1963-09-09","gender":"M","party":"D","leadership_role":null,"twitter_account":"SenCoonsOffice","facebook_account":"senatorchriscoons","youtube_account":"senatorchriscoons","govtrack_id":"412390","cspan_id":"9269028","votesmart_id":"122834","icpsr_id":"40916","crp_id":"N00031820","google_entity_id":"/m/082d3d","fec_candidate_id":"S0DE00092","url":"https://www.coons.senate.gov","rss_url":"https://www.coons.senate.gov/rss/feeds/?type=press","contact_form":"https://www.coons.senate.gov/contact","in_office":true,"dw_nominate":-0.262,"ideal_point":null,"seniority":"9","next_election":"2020","total_votes":388,"missed_votes":10,"total_present":1,"ocd_id":"ocd-division/country:us/state:de","office":"127a Russell Senate Office Building","phone":"202-224-5042","fax":"202-228-3075","state":"DE","senate_class":"2","state_rank":"junior","lis_id":"S337","missed_votes_pct":2.58,"votes_with_party_pct":90.21}