{"id":"C001076","title":"Representative","short_title":"Rep.","api_uri":"https://api.propublica.org/congress/v1/members/C001076.json","first_name":"Jason","middle_name":null,"last_name":"Chaffetz","suffix":null,"date_of_birth":"1967-03-26","gender":"M","party":"R","leadership_role":null,"twitter_account":"JasonInTheHouse","facebook_account":"CongressmanJasonChaffetz","youtube_account":"JasonChaffetz","govtrack_id":"412270","cspan_id":"1031362","votesmart_id":"103482","icpsr_id":"20949","crp_id":"N00028958","google_entity_id":"/m/047blr4","fec_candidate_id":"H8UT03089","url":"http://clerk.house.gov/member_info/vacancies_pr.aspx?pr=house&amp;vid=111","rss_url":null,"contact_form":null,"in_office":false,"dw_nominate":0.647,"ideal_point":null,"seniority":"10","next_election":"2018","total_votes":344,"missed_votes":45,"total_present":0,"ocd_id":"ocd-division/country:us/state:ut/cd:3","office":"2236 Rayburn House Office Building","phone":"202-225-7751","fax":"202-225-5629","state":"UT","district":"3","at_large":false,"geoid":"4903","missed_votes_pct":13.08,"votes_with_party_pct":98.33,"response":{"industries":{"@attributes":{"cand_name":"Jason Chaffetz (R)","cid":"N00028958","cycle":"2014","origin":"Center for Responsive Politics","source":"https://www.opensecrets.org/members-of-congress/industries?cid=N00028958&cycle=2014","last_updated":"02/27/2017"},"industry":[{"@attributes":{"industry_code":"N03","industry_name":"Retail Sales","indivs":"8100","pacs":"62500","total":"70600"}},{"@attributes":{"industry_code":"B12","industry_name":"Electronics Mfg & Equip","indivs":"5100","pacs":"45988","total":"51088"}},{"@attributes":{"industry_code":"N15","industry_name":"Misc Manufacturing & Distributing","indivs":"25600","pacs":"20999","total":"46599"}},{"@attributes":{"industry_code":"K02","industry_name":"Lobbyists","indivs":"41796","pacs":"1000","total":"42796"}},{"@attributes":{"industry_code":"F03","industry_name":"Commercial Banks","indivs":"13650","pacs":"28000","total":"41650"}},{"@attributes":{"industry_code":"H04","industry_name":"Pharmaceuticals/Health Products","indivs":"5250","pacs":"34514","total":"39764"}},{"@attributes":{"industry_code":"E01","industry_name":"Oil & Gas","indivs":"7850","pacs":"29000","total":"36850"}},{"@attributes":{"industry_code":"F07","industry_name":"Securities & Investment","indivs":"23600","pacs":"13000","total":"36600"}},{"@attributes":{"industry_code":"K01","industry_name":"Lawyers/Law Firms","indivs":"12850","pacs":"17500","total":"30350"}},{"@attributes":{"industry_code":"H02","industry_name":"Hospitals/Nursing Homes","indivs":"26900","pacs":"2000","total":"28900"}}]}}}