{"id":"C001047","title":"Senator, 2nd Class","short_title":"Sen.","api_uri":"https://api.propublica.org/congress/v1/members/C001047.json","first_name":"Shelley","middle_name":"Moore","last_name":"Capito","suffix":null,"date_of_birth":"1953-11-26","gender":"F","party":"R","leadership_role":null,"twitter_account":"SenCapito","facebook_account":"senshelley","youtube_account":"UCbiXdR4XQ3vD9Xp5lfR9QXw","govtrack_id":"400061","cspan_id":"83737","votesmart_id":"11701","icpsr_id":"20146","crp_id":"N00009771","google_entity_id":"/m/024pwq","fec_candidate_id":"S4WV00159","url":"https://www.capito.senate.gov","rss_url":null,"contact_form":"https://www.capito.senate.gov/contact/contact-shelley","in_office":true,"dw_nominate":0.259,"ideal_point":null,"seniority":"3","next_election":"2020","total_votes":388,"missed_votes":5,"total_present":0,"ocd_id":"ocd-division/country:us/state:wv","office":"172 Russell Senate Office Building","phone":"202-224-6472","fax":"202-225-7856","state":"WV","senate_class":"2","state_rank":"junior","lis_id":"S372","missed_votes_pct":1.29,"votes_with_party_pct":97.91}