{"id":"C001077","title":"Representative","short_title":"Rep.","api_uri":"https://api.propublica.org/congress/v1/members/C001077.json","first_name":"Mike","middle_name":null,"last_name":"Coffman","suffix":null,"date_of_birth":"1955-03-19","gender":"M","party":"R","leadership_role":null,"twitter_account":"RepMikeCoffman","facebook_account":"repmikecoffman","youtube_account":"CongressmanCoffman","govtrack_id":"412271","cspan_id":"1031340","votesmart_id":"1535","icpsr_id":"20906","crp_id":"N00024753","google_entity_id":"/m/03gy95d","fec_candidate_id":"H8CO06138","url":"https://coffman.house.gov","rss_url":null,"contact_form":null,"in_office":true,"dw_nominate":0.498,"ideal_point":null,"seniority":"10","next_election":"2018","total_votes":841,"missed_votes":4,"total_present":0,"ocd_id":"ocd-division/country:us/state:co/cd:6","office":"2443 Rayburn House Office Building","phone":"202-225-7882","fax":"202-226-4623","state":"CO","district":"6","at_large":false,"geoid":"0806","missed_votes_pct":0.48,"votes_with_party_pct":92.95,"response":{"industries":{"@attributes":{"cand_name":"Mike Coffman (R)","cid":"N00024753","cycle":"2012","origin":"Center for Responsive Politics","source":"https://www.opensecrets.org/members-of-congress/industries?cid=N00024753&cycle=2012","last_updated":"03/25/2013"},"industry":[{"@attributes":{"industry_code":"Q03","industry_name":"Leadership PACs","indivs":"0","pacs":"261341","total":"261341"}},{"@attributes":{"industry_code":"W06","industry_name":"Retired","indivs":"258615","pacs":"0","total":"258615"}},{"@attributes":{"industry_code":"E01","industry_name":"Oil & Gas","indivs":"81450","pacs":"92750","total":"174200"}},{"@attributes":{"industry_code":"F10","industry_name":"Real Estate","indivs":"125575","pacs":"19000","total":"144575"}},{"@attributes":{"industry_code":"K01","industry_name":"Lawyers/Law Firms","indivs":"88203","pacs":"8250","total":"96453"}},{"@attributes":{"industry_code":"Q16","industry_name":"Candidate Committees","indivs":"0","pacs":"72250","total":"72250"}},{"@attributes":{"industry_code":"B02","industry_name":"TV/Movies/Music","indivs":"34054","pacs":"37500","total":"71554"}},{"@attributes":{"industry_code":"F03","industry_name":"Commercial Banks","indivs":"41950","pacs":"21500","total":"63450"}},{"@attributes":{"industry_code":"Q01","industry_name":"Republican/Conservative","indivs":"46735","pacs":"13000","total":"59735"}},{"@attributes":{"industry_code":"F13","industry_name":"Misc Finance","indivs":"59050","pacs":"0","total":"59050"}}]}}}