{"id":"C001051","title":"Representative","short_title":"Rep.","api_uri":"https://api.propublica.org/congress/v1/members/C001051.json","first_name":"John","middle_name":null,"last_name":"Carter","suffix":null,"date_of_birth":"1941-11-06","gender":"M","party":"R","leadership_role":null,"twitter_account":"JudgeCarter","facebook_account":"judgecarter","youtube_account":"repjohncarter","govtrack_id":"400068","cspan_id":"1004257","votesmart_id":"49296","icpsr_id":"20356","crp_id":"N00025095","google_entity_id":"/m/03whyr","fec_candidate_id":"H2TX31044","url":"https://carter.house.gov","rss_url":"https://carter.house.gov/common/rss/?rss=40","contact_form":null,"in_office":true,"dw_nominate":0.467,"ideal_point":null,"seniority":"16","next_election":"2018","total_votes":841,"missed_votes":32,"total_present":0,"ocd_id":"ocd-division/country:us/state:tx/cd:31","office":"2110 Rayburn House Office Building","phone":"202-225-3864","fax":"202-225-5886","state":"TX","district":"31","at_large":false,"geoid":"4831","missed_votes_pct":3.8,"votes_with_party_pct":97.53}