{"id":"C001037","title":"Representative","short_title":"Rep.","api_uri":"https://api.propublica.org/congress/v1/members/C001037.json","first_name":"Michael","middle_name":"E.","last_name":"Capuano","suffix":null,"date_of_birth":"1952-01-09","gender":"M","party":"D","leadership_role":null,"twitter_account":"RepMikeCapuano","facebook_account":"RepMichaelCapuano","youtube_account":"RepMikeCapuano","govtrack_id":"400063","cspan_id":"56760","votesmart_id":"18883","icpsr_id":"29919","crp_id":"N00000267","google_entity_id":"/m/028vsm","fec_candidate_id":"H8MA08071","url":"http://capuano.house.gov","rss_url":null,"contact_form":"http://capuano.house.gov/contact/email.shtml","in_office":true,"dw_nominate":-0.579,"ideal_point":null,"seniority":"20","next_election":"2018","total_votes":837,"missed_votes":10,"total_present":1,"ocd_id":"ocd-division/country:us/state:ma/cd:7","office":"1414 Longworth HOB","phone":"202-225-5111","fax":"202-225-9322","state":"MA","district":"7","at_large":false,"geoid":"2507","missed_votes_pct":1.19,"votes_with_party_pct":93.47,"response":{"industries":{"@attributes":{"cand_name":"Michael E Capuano (D)","cid":"N00000267","cycle":"2018","origin":"Center for Responsive Politics","source":"https://www.opensecrets.org/members-of-congress/industries?cid=N00000267&cycle=2018","last_updated":"03/26/2018"},"industry":[{"@attributes":{"industry_code":"P03","industry_name":"Transportation Unions","indivs":"0","pacs":"38500","total":"38500"}},{"@attributes":{"industry_code":"F09","industry_name":"Insurance","indivs":"0","pacs":"32300","total":"32300"}},{"@attributes":{"industry_code":"F10","industry_name":"Real Estate","indivs":"1759","pacs":"24250","total":"26009"}},{"@attributes":{"industry_code":"P01","industry_name":"Building Trade Unions","indivs":"0","pacs":"25000","total":"25000"}},{"@attributes":{"industry_code":"M04","industry_name":"Railroads","indivs":"0","pacs":"21000","total":"21000"}},{"@attributes":{"industry_code":"K01","industry_name":"Lawyers/Law Firms","indivs":"11125","pacs":"7750","total":"18875"}},{"@attributes":{"industry_code":"F07","industry_name":"Securities & Investment","indivs":"3500","pacs":"14500","total":"18000"}},{"@attributes":{"industry_code":"Q03","industry_name":"Leadership PACs","indivs":"0","pacs":"15000","total":"15000"}},{"@attributes":{"industry_code":"H04","industry_name":"Pharmaceuticals/Health Products","indivs":"500","pacs":"14500","total":"15000"}},{"@attributes":{"industry_code":"P04","industry_name":"Public Sector Unions","indivs":"0","pacs":"13500","total":"13500"}}]}}}