{"id":"C001061","title":"Representative","short_title":"Rep.","api_uri":"https://api.propublica.org/congress/v1/members/C001061.json","first_name":"Emanuel","middle_name":null,"last_name":"Cleaver","suffix":"II","date_of_birth":"1944-10-26","gender":"M","party":"D","leadership_role":null,"twitter_account":"RepCleaver","facebook_account":"emanuelcleaverii","youtube_account":"repcleaver","govtrack_id":"400639","cspan_id":"10933","votesmart_id":"39507","icpsr_id":"20517","crp_id":"N00026790","google_entity_id":"/m/04cbbm","fec_candidate_id":"H4MO05234","url":"https://cleaver.house.gov","rss_url":"https://cleaver.house.gov/rss.xml","contact_form":null,"in_office":true,"dw_nominate":-0.451,"ideal_point":null,"seniority":"14","next_election":"2018","total_votes":841,"missed_votes":97,"total_present":4,"ocd_id":"ocd-division/country:us/state:mo/cd:5","office":"2335 Rayburn House Office Building","phone":"202-225-4535","fax":"202-225-4403","state":"MO","district":"5","at_large":false,"geoid":"2905","missed_votes_pct":11.53,"votes_with_party_pct":95.03,"response":{"industries":{"@attributes":{"cand_name":"Emanuel Cleaver (D)","cid":"N00026790","cycle":"2018","origin":"Center for Responsive Politics","source":"https://www.opensecrets.org/members-of-congress/industries?cid=N00026790&cycle=2018","last_updated":"03/26/2018"},"industry":[{"@attributes":{"industry_code":"F09","industry_name":"Insurance","indivs":"5400","pacs":"94500","total":"99900"}},{"@attributes":{"industry_code":"K01","industry_name":"Lawyers/Law Firms","indivs":"14750","pacs":"15000","total":"29750"}},{"@attributes":{"industry_code":"F10","industry_name":"Real Estate","indivs":"2200","pacs":"26500","total":"28700"}},{"@attributes":{"industry_code":"F07","industry_name":"Securities & Investment","indivs":"1750","pacs":"24500","total":"26250"}},{"@attributes":{"industry_code":"P04","industry_name":"Public Sector Unions","indivs":"0","pacs":"25000","total":"25000"}},{"@attributes":{"industry_code":"P01","industry_name":"Building Trade Unions","indivs":"0","pacs":"17700","total":"17700"}},{"@attributes":{"industry_code":"P02","industry_name":"Industrial Unions","indivs":"0","pacs":"17000","total":"17000"}},{"@attributes":{"industry_code":"Q03","industry_name":"Leadership PACs","indivs":"0","pacs":"16000","total":"16000"}},{"@attributes":{"industry_code":"N01","industry_name":"Food & Beverage","indivs":"0","pacs":"13500","total":"13500"}},{"@attributes":{"industry_code":"F11","industry_name":"Accountants","indivs":"200","pacs":"12000","total":"12200"}}]}}}