{"id":"C001067","title":"Representative","short_title":"Rep.","api_uri":"https://api.propublica.org/congress/v1/members/C001067.json","first_name":"Yvette","middle_name":"D.","last_name":"Clarke","suffix":null,"date_of_birth":"1964-11-21","gender":"F","party":"D","leadership_role":null,"twitter_account":"RepYvetteClarke","facebook_account":"repyvettedclarke","youtube_account":"repyvetteclarke","govtrack_id":"412221","cspan_id":"1022875","votesmart_id":"44741","icpsr_id":"20733","crp_id":"N00026961","google_entity_id":"/m/06h90t","fec_candidate_id":"H4NY11138","url":"https://clarke.house.gov","rss_url":"https://clarke.house.gov/category/press-releases/feed/","contact_form":null,"in_office":true,"dw_nominate":-0.609,"ideal_point":null,"seniority":"12","next_election":"2018","total_votes":841,"missed_votes":21,"total_present":0,"ocd_id":"ocd-division/country:us/state:ny/cd:9","office":"2058 Rayburn House Office Building","phone":"202-225-6231","fax":"202-226-0112","state":"NY","district":"9","at_large":false,"geoid":"3609","missed_votes_pct":2.5,"votes_with_party_pct":93.66}