{"id":"C001076","title":"Representative","short_title":"Rep.","api_uri":"https://api.propublica.org/congress/v1/members/C001076.json","first_name":"Jason","middle_name":null,"last_name":"Chaffetz","suffix":null,"date_of_birth":"1967-03-26","gender":"M","party":"R","leadership_role":null,"twitter_account":"JasonInTheHouse","facebook_account":"CongressmanJasonChaffetz","youtube_account":"JasonChaffetz","govtrack_id":"412270","cspan_id":"1031362","votesmart_id":"103482","icpsr_id":"20949","crp_id":"N00028958","google_entity_id":"/m/047blr4","fec_candidate_id":"H8UT03089","url":"http://clerk.house.gov/member_info/vacancies_pr.aspx?pr=house&amp;vid=111","rss_url":null,"contact_form":null,"in_office":false,"dw_nominate":0.647,"ideal_point":null,"seniority":"10","next_election":"2018","total_votes":344,"missed_votes":45,"total_present":0,"ocd_id":"ocd-division/country:us/state:ut/cd:3","office":"2236 Rayburn House Office Building","phone":"202-225-7751","fax":"202-225-5629","state":"UT","district":"3","at_large":false,"geoid":"4903","missed_votes_pct":13.08,"votes_with_party_pct":98.33}