{"id":"C001069","title":"Representative","short_title":"Rep.","api_uri":"https://api.propublica.org/congress/v1/members/C001069.json","first_name":"Joe","middle_name":null,"last_name":"Courtney","suffix":null,"date_of_birth":"1953-04-06","gender":"M","party":"D","leadership_role":null,"twitter_account":"RepJoeCourtney","facebook_account":"joecourtney","youtube_account":"repcourtney","govtrack_id":"412193","cspan_id":"1021284","votesmart_id":"30333","icpsr_id":"20706","crp_id":"N00024842","google_entity_id":"/m/0700nd","fec_candidate_id":"H2CT02112","url":"https://courtney.house.gov","rss_url":"https://courtney.house.gov/rss.xml","contact_form":null,"in_office":true,"dw_nominate":-0.34,"ideal_point":null,"seniority":"12","next_election":"2018","total_votes":841,"missed_votes":14,"total_present":0,"ocd_id":"ocd-division/country:us/state:ct/cd:2","office":"2348 Rayburn House Office Building","phone":"202-225-2076","fax":"202-225-4977","state":"CT","district":"2","at_large":false,"geoid":"0902","missed_votes_pct":1.66,"votes_with_party_pct":93.95,"response":{"industries":{"@attributes":{"cand_name":"Joe Courtney (D)","cid":"N00024842","cycle":"2016","origin":"Center for Responsive Politics","source":"https://www.opensecrets.org/members-of-congress/industries?cid=N00024842&cycle=2016","last_updated":"11/27/2017"},"industry":[{"@attributes":{"industry_code":"F09","industry_name":"Insurance","indivs":"2150","pacs":"85000","total":"87150"}},{"@attributes":{"industry_code":"H01","industry_name":"Health Professionals","indivs":"12125","pacs":"61250","total":"73375"}},{"@attributes":{"industry_code":"D01","industry_name":"Defense Aerospace","indivs":"150","pacs":"56500","total":"56650"}},{"@attributes":{"industry_code":"P01","industry_name":"Building Trade Unions","indivs":"0","pacs":"55500","total":"55500"}},{"@attributes":{"industry_code":"K01","industry_name":"Lawyers/Law Firms","indivs":"32600","pacs":"18000","total":"50600"}},{"@attributes":{"industry_code":"P04","industry_name":"Public Sector Unions","indivs":"0","pacs":"50500","total":"50500"}},{"@attributes":{"industry_code":"W06","industry_name":"Retired","indivs":"44475","pacs":"0","total":"44475"}},{"@attributes":{"industry_code":"P02","industry_name":"Industrial Unions","indivs":"0","pacs":"41000","total":"41000"}},{"@attributes":{"industry_code":"D02","industry_name":"Defense Electronics","indivs":"9850","pacs":"31000","total":"40850"}},{"@attributes":{"industry_code":"H04","industry_name":"Pharmaceuticals/Health Products","indivs":"8000","pacs":"28900","total":"36900"}}]}}}