{"id":"C001084","title":"Representative","short_title":"Rep.","api_uri":"https://api.propublica.org/congress/v1/members/C001084.json","first_name":"David","middle_name":null,"last_name":"Cicilline","suffix":null,"date_of_birth":"1961-07-15","gender":"M","party":"D","leadership_role":null,"twitter_account":"RepCicilline","facebook_account":"CongressmanDavidCicilline","youtube_account":"RepDavidCicilline","govtrack_id":"412470","cspan_id":"1033865","votesmart_id":"7349","icpsr_id":"21172","crp_id":"N00032019","google_entity_id":"/m/04t97v","fec_candidate_id":"H0RI01073","url":"https://cicilline.house.gov","rss_url":"https://cicilline.house.gov/rss.xml","contact_form":null,"in_office":true,"dw_nominate":-0.394,"ideal_point":null,"seniority":"8","next_election":"2018","total_votes":841,"missed_votes":12,"total_present":0,"ocd_id":"ocd-division/country:us/state:ri/cd:1","office":"2244 Rayburn House Office Building","phone":"202-225-4911","fax":"202-225-3290","state":"RI","district":"1","at_large":false,"geoid":"4401","missed_votes_pct":1.43,"votes_with_party_pct":95.05,"response":{"industries":{"@attributes":{"cand_name":"David Cicilline (D)","cid":"N00032019","cycle":"2014","origin":"Center for Responsive Politics","source":"https://www.opensecrets.org/members-of-congress/industries?cid=N00032019&cycle=2014","last_updated":"02/27/2017"},"industry":[{"@attributes":{"industry_code":"K01","industry_name":"Lawyers/Law Firms","indivs":"112000","pacs":"13000","total":"125000"}},{"@attributes":{"industry_code":"W06","industry_name":"Retired","indivs":"107050","pacs":"0","total":"107050"}},{"@attributes":{"industry_code":"F10","industry_name":"Real Estate","indivs":"59700","pacs":"10500","total":"70200"}},{"@attributes":{"industry_code":"F07","industry_name":"Securities & Investment","indivs":"48600","pacs":"1000","total":"49600"}},{"@attributes":{"industry_code":"P01","industry_name":"Building Trade Unions","indivs":"0","pacs":"45500","total":"45500"}},{"@attributes":{"industry_code":"B02","industry_name":"TV/Movies/Music","indivs":"30600","pacs":"7000","total":"37600"}},{"@attributes":{"industry_code":"K02","industry_name":"Lobbyists","indivs":"34250","pacs":"0","total":"34250"}},{"@attributes":{"industry_code":"N05","industry_name":"Business Services","indivs":"29800","pacs":"2500","total":"32300"}},{"@attributes":{"industry_code":"P04","industry_name":"Public Sector Unions","indivs":"1500","pacs":"29000","total":"30500"}},{"@attributes":{"industry_code":"N15","industry_name":"Misc Manufacturing & Distributing","indivs":"18400","pacs":"12000","total":"30400"}}]}}}