{"id":"C001072","title":"Representative","short_title":"Rep.","api_uri":"https://api.propublica.org/congress/v1/members/C001072.json","first_name":"André","middle_name":null,"last_name":"Carson","suffix":null,"date_of_birth":"1974-10-16","gender":"M","party":"D","leadership_role":null,"twitter_account":"RepAndreCarson","facebook_account":"CongressmanAndreCarson","youtube_account":"repandrecarson","govtrack_id":"412258","cspan_id":"1027364","votesmart_id":"84917","icpsr_id":"20757","crp_id":"N00029513","google_entity_id":"/m/03qcvz1","fec_candidate_id":"H8IN07184","url":"https://carson.house.gov","rss_url":"https://carson.house.gov/rss.xml","contact_form":null,"in_office":true,"dw_nominate":-0.431,"ideal_point":null,"seniority":"12","next_election":"2018","total_votes":841,"missed_votes":20,"total_present":0,"ocd_id":"ocd-division/country:us/state:in/cd:7","office":"2135 Rayburn House Office Building","phone":"202-225-4011","fax":"202-225-5633","state":"IN","district":"7","at_large":false,"geoid":"1807","missed_votes_pct":2.38,"votes_with_party_pct":93.54}