{"id":"C001077","title":"Representative","short_title":"Rep.","api_uri":"https://api.propublica.org/congress/v1/members/C001077.json","first_name":"Mike","middle_name":null,"last_name":"Coffman","suffix":null,"date_of_birth":"1955-03-19","gender":"M","party":"R","leadership_role":null,"twitter_account":"RepMikeCoffman","facebook_account":"repmikecoffman","youtube_account":"CongressmanCoffman","govtrack_id":"412271","cspan_id":"1031340","votesmart_id":"1535","icpsr_id":"20906","crp_id":"N00024753","google_entity_id":"/m/03gy95d","fec_candidate_id":"H8CO06138","url":"https://coffman.house.gov","rss_url":null,"contact_form":null,"in_office":true,"dw_nominate":0.498,"ideal_point":null,"seniority":"10","next_election":"2018","total_votes":841,"missed_votes":4,"total_present":0,"ocd_id":"ocd-division/country:us/state:co/cd:6","office":"2443 Rayburn House Office Building","phone":"202-225-7882","fax":"202-226-4623","state":"CO","district":"6","at_large":false,"geoid":"0806","missed_votes_pct":0.48,"votes_with_party_pct":92.95,"response":{"industries":{"@attributes":{"cand_name":"Mike Coffman (R)","cid":"N00024753","cycle":"2014","origin":"Center for Responsive Politics","source":"https://www.opensecrets.org/members-of-congress/industries?cid=N00024753&cycle=2014","last_updated":"02/27/2017"},"industry":[{"@attributes":{"industry_code":"W06","industry_name":"Retired","indivs":"515142","pacs":"0","total":"515142"}},{"@attributes":{"industry_code":"Q03","industry_name":"Leadership PACs","indivs":"0","pacs":"394430","total":"394430"}},{"@attributes":{"industry_code":"E01","industry_name":"Oil & Gas","indivs":"190400","pacs":"116600","total":"307000"}},{"@attributes":{"industry_code":"F10","industry_name":"Real Estate","indivs":"227246","pacs":"26000","total":"253246"}},{"@attributes":{"industry_code":"F07","industry_name":"Securities & Investment","indivs":"148872","pacs":"16500","total":"165372"}},{"@attributes":{"industry_code":"K01","industry_name":"Lawyers/Law Firms","indivs":"127511","pacs":"13680","total":"141191"}},{"@attributes":{"industry_code":"H01","industry_name":"Health Professionals","indivs":"34300","pacs":"76500","total":"110800"}},{"@attributes":{"industry_code":"Q16","industry_name":"Candidate Committees","indivs":"0","pacs":"104619","total":"104619"}},{"@attributes":{"industry_code":"Q01","industry_name":"Republican/Conservative","indivs":"66518","pacs":"27100","total":"93618"}},{"@attributes":{"industry_code":"F03","industry_name":"Commercial Banks","indivs":"59882","pacs":"23500","total":"83382"}}]}}}