{"id":"C001049","title":"Representative","short_title":"Rep.","api_uri":"https://api.propublica.org/congress/v1/members/C001049.json","first_name":"William","middle_name":"Lacy","last_name":"Clay","suffix":null,"date_of_birth":"1956-07-27","gender":"M","party":"D","leadership_role":null,"twitter_account":null,"facebook_account":"109135405838588","youtube_account":"WilliamLacyClay","govtrack_id":"400074","cspan_id":"88332","votesmart_id":"8967","icpsr_id":"20147","crp_id":"N00012460","google_entity_id":"/m/024vjr","fec_candidate_id":"H0MO01066","url":"https://lacyclay.house.gov","rss_url":null,"contact_form":null,"in_office":true,"dw_nominate":-0.485,"ideal_point":null,"seniority":"18","next_election":"2018","total_votes":841,"missed_votes":34,"total_present":0,"ocd_id":"ocd-division/country:us/state:mo/cd:1","office":"2428 Rayburn House Office Building","phone":"202-225-2406","fax":"202-226-3717","state":"MO","district":"1","at_large":false,"geoid":"2901","missed_votes_pct":4.04,"votes_with_party_pct":93.93}