{"id":"C001068","title":"Representative","short_title":"Rep.","api_uri":"https://api.propublica.org/congress/v1/members/C001068.json","first_name":"Steve","middle_name":null,"last_name":"Cohen","suffix":null,"date_of_birth":"1949-05-24","gender":"M","party":"D","leadership_role":null,"twitter_account":"RepCohen","facebook_account":"CongressmanSteveCohen","youtube_account":"repcohen","govtrack_id":"412236","cspan_id":"1022876","votesmart_id":"24340","icpsr_id":"20748","crp_id":"N00003225","google_entity_id":"/m/04l8cr","fec_candidate_id":"H6TN09068","url":"https://cohen.house.gov","rss_url":"https://cohen.house.gov/rss.xml","contact_form":null,"in_office":true,"dw_nominate":-0.402,"ideal_point":null,"seniority":"12","next_election":"2018","total_votes":841,"missed_votes":3,"total_present":2,"ocd_id":"ocd-division/country:us/state:tn/cd:9","office":"2404 Rayburn House Office Building","phone":"202-225-3265","fax":"202-225-5663","state":"TN","district":"9","at_large":false,"geoid":"4709","missed_votes_pct":0.36,"votes_with_party_pct":93.56,"response":{"industries":{"@attributes":{"cand_name":"Steve Cohen (D)","cid":"N00003225","cycle":"2014","origin":"Center for Responsive Politics","source":"https://www.opensecrets.org/members-of-congress/industries?cid=N00003225&cycle=2014","last_updated":"02/27/2017"},"industry":[{"@attributes":{"industry_code":"P03","industry_name":"Transportation Unions","indivs":"0","pacs":"50000","total":"50000"}},{"@attributes":{"industry_code":"P02","industry_name":"Industrial Unions","indivs":"0","pacs":"42000","total":"42000"}},{"@attributes":{"industry_code":"F10","industry_name":"Real Estate","indivs":"30050","pacs":"6000","total":"36050"}},{"@attributes":{"industry_code":"K01","industry_name":"Lawyers/Law Firms","indivs":"12050","pacs":"23500","total":"35550"}},{"@attributes":{"industry_code":"M04","industry_name":"Railroads","indivs":"0","pacs":"29000","total":"29000"}},{"@attributes":{"industry_code":"P04","industry_name":"Public Sector Unions","indivs":"0","pacs":"27500","total":"27500"}},{"@attributes":{"industry_code":"B09","industry_name":"Telecom Services","indivs":"0","pacs":"26000","total":"26000"}},{"@attributes":{"industry_code":"W06","industry_name":"Retired","indivs":"24650","pacs":"0","total":"24650"}},{"@attributes":{"industry_code":"H01","industry_name":"Health Professionals","indivs":"11250","pacs":"13000","total":"24250"}},{"@attributes":{"industry_code":"M02","industry_name":"Automotive","indivs":"2000","pacs":"19000","total":"21000"}},{"@attributes":{"industry_code":"P05","industry_name":"Misc Unions","indivs":"0","pacs":"21000","total":"21000"}}]}}}