{"id":"C001071","title":"Senator, 1st Class","short_title":"Sen.","api_uri":"https://api.propublica.org/congress/v1/members/C001071.json","first_name":"Bob","middle_name":null,"last_name":"Corker","suffix":null,"date_of_birth":"1952-08-24","gender":"M","party":"R","leadership_role":"","twitter_account":"SenBobCorker","facebook_account":"bobcorker","youtube_account":"senatorcorker","govtrack_id":"412248","cspan_id":"1021114","votesmart_id":"65905","icpsr_id":"40705","crp_id":"N00027441","google_entity_id":"/m/0d9fz3","fec_candidate_id":"S6TN00216","url":"https://www.corker.senate.gov","rss_url":"https://www.corker.senate.gov/public/index.cfm/rss/feed","contact_form":"https://www.corker.senate.gov/public/index.cfm/emailme","in_office":true,"dw_nominate":0.393,"ideal_point":null,"seniority":"11","next_election":"2018","total_votes":388,"missed_votes":13,"total_present":0,"ocd_id":"ocd-division/country:us/state:tn","office":"425 Dirksen Senate Office Building","phone":"202-224-3344","fax":"202-228-0566","state":"TN","senate_class":"1","state_rank":"junior","lis_id":"S310","missed_votes_pct":3.35,"votes_with_party_pct":94.67}