{"id":"C001080","title":"Representative","short_title":"Rep.","api_uri":"https://api.propublica.org/congress/v1/members/C001080.json","first_name":"Judy","middle_name":null,"last_name":"Chu","suffix":null,"date_of_birth":"1953-07-07","gender":"F","party":"D","leadership_role":null,"twitter_account":"RepJudyChu","facebook_account":"RepJudyChu","youtube_account":"RepJudyChu","govtrack_id":"412379","cspan_id":"92573","votesmart_id":"16539","icpsr_id":"20955","crp_id":"N00030600","google_entity_id":"/m/0krsk2","fec_candidate_id":"H0CA32101","url":"https://chu.house.gov","rss_url":"https://chu.house.gov/rss.xml","contact_form":null,"in_office":true,"dw_nominate":-0.498,"ideal_point":null,"seniority":"12","next_election":"2018","total_votes":841,"missed_votes":22,"total_present":0,"ocd_id":"ocd-division/country:us/state:ca/cd:27","office":"2423 Rayburn House Office Building","phone":"202-225-5464","fax":"202-225-5467","state":"CA","district":"27","at_large":false,"geoid":"0627","missed_votes_pct":2.62,"votes_with_party_pct":94.26,"response":{"industries":{"@attributes":{"cand_name":"Judy Chu (D)","cid":"N00030600","cycle":"2018","origin":"Center for Responsive Politics","source":"https://www.opensecrets.org/members-of-congress/industries?cid=N00030600&cycle=2018","last_updated":"03/26/2018"},"industry":[{"@attributes":{"industry_code":"F10","industry_name":"Real Estate","indivs":"63207","pacs":"16000","total":"79207"}},{"@attributes":{"industry_code":"Q10","industry_name":"Misc Issues","indivs":"51000","pacs":"0","total":"51000"}},{"@attributes":{"industry_code":"H01","industry_name":"Health Professionals","indivs":"5160","pacs":"26650","total":"31810"}},{"@attributes":{"industry_code":"K01","industry_name":"Lawyers/Law Firms","indivs":"20518","pacs":"8000","total":"28518"}},{"@attributes":{"industry_code":"Q09","industry_name":"Human Rights","indivs":"13373","pacs":"11025","total":"24398"}},{"@attributes":{"industry_code":"F09","industry_name":"Insurance","indivs":"4503","pacs":"18000","total":"22503"}},{"@attributes":{"industry_code":"P04","industry_name":"Public Sector Unions","indivs":"0","pacs":"20000","total":"20000"}},{"@attributes":{"industry_code":"P01","industry_name":"Building Trade Unions","indivs":"0","pacs":"16500","total":"16500"}},{"@attributes":{"industry_code":"P03","industry_name":"Transportation Unions","indivs":"0","pacs":"14700","total":"14700"}},{"@attributes":{"industry_code":"P05","industry_name":"Misc Unions","indivs":"0","pacs":"13000","total":"13000"}}]}}}