{"id":"C001066","title":"Representative","short_title":"Rep.","api_uri":"https://api.propublica.org/congress/v1/members/C001066.json","first_name":"Kathy","middle_name":null,"last_name":"Castor","suffix":null,"date_of_birth":"1966-08-20","gender":"F","party":"D","leadership_role":null,"twitter_account":"USRepKCastor","facebook_account":"USRepKathyCastor","youtube_account":"RepKathyCastor","govtrack_id":"412195","cspan_id":"1022874","votesmart_id":"53825","icpsr_id":"20708","crp_id":"N00027514","google_entity_id":"/m/0dq1v6","fec_candidate_id":"H6FL11126","url":"https://castor.house.gov","rss_url":"https://castor.house.gov/news/rss.aspx","contact_form":null,"in_office":true,"dw_nominate":-0.434,"ideal_point":null,"seniority":"12","next_election":"2018","total_votes":841,"missed_votes":20,"total_present":0,"ocd_id":"ocd-division/country:us/state:fl/cd:14","office":"2052 Rayburn House Office Building","phone":"202-225-3376","fax":"202-225-5652","state":"FL","district":"14","at_large":false,"geoid":"1214","missed_votes_pct":2.38,"votes_with_party_pct":94.64,"response":{"industries":{"@attributes":{"cand_name":"Kathy Castor (D)","cid":"N00027514","cycle":"2014","origin":"Center for Responsive Politics","source":"https://www.opensecrets.org/members-of-congress/industries?cid=N00027514&cycle=2014","last_updated":"02/27/2017"},"industry":[{"@attributes":{"industry_code":"H01","industry_name":"Health Professionals","indivs":"9950","pacs":"64000","total":"73950"}},{"@attributes":{"industry_code":"K01","industry_name":"Lawyers/Law Firms","indivs":"23450","pacs":"17000","total":"40450"}},{"@attributes":{"industry_code":"B09","industry_name":"Telecom Services","indivs":"500","pacs":"37500","total":"38000"}},{"@attributes":{"industry_code":"F09","industry_name":"Insurance","indivs":"9250","pacs":"18000","total":"27250"}},{"@attributes":{"industry_code":"H02","industry_name":"Hospitals/Nursing Homes","indivs":"10000","pacs":"14000","total":"24000"}},{"@attributes":{"industry_code":"W06","industry_name":"Retired","indivs":"20800","pacs":"0","total":"20800"}},{"@attributes":{"industry_code":"P03","industry_name":"Transportation Unions","indivs":"0","pacs":"20500","total":"20500"}},{"@attributes":{"industry_code":"F10","industry_name":"Real Estate","indivs":"11200","pacs":"8000","total":"19200"}},{"@attributes":{"industry_code":"P04","industry_name":"Public Sector Unions","indivs":"0","pacs":"15500","total":"15500"}},{"@attributes":{"industry_code":"P01","industry_name":"Building Trade Unions","indivs":"500","pacs":"15000","total":"15500"}}]}}}