{"id":"C001062","title":"Representative","short_title":"Rep.","api_uri":"https://api.propublica.org/congress/v1/members/C001062.json","first_name":"K.","middle_name":"Michael","last_name":"Conaway","suffix":null,"date_of_birth":"1948-06-11","gender":"M","party":"R","leadership_role":null,"twitter_account":"ConawayTX11","facebook_account":"mike.conaway","youtube_account":"mikeconaway11","govtrack_id":"400655","cspan_id":"1004595","votesmart_id":"49935","icpsr_id":"20531","crp_id":"N00026041","google_entity_id":"/m/04cmt7","fec_candidate_id":"H4TX19136","url":"https://conaway.house.gov","rss_url":null,"contact_form":null,"in_office":true,"dw_nominate":0.591,"ideal_point":null,"seniority":"14","next_election":"2018","total_votes":841,"missed_votes":1,"total_present":0,"ocd_id":"ocd-division/country:us/state:tx/cd:11","office":"2430 Rayburn House Office Building","phone":"202-225-3605","fax":"202-225-1783","state":"TX","district":"11","at_large":false,"geoid":"4811","missed_votes_pct":0.12,"votes_with_party_pct":95,"response":{"industries":{"@attributes":{"cand_name":"Mike Conaway (R)","cid":"N00026041","cycle":"2014","origin":"Center for Responsive Politics","source":"https://www.opensecrets.org/members-of-congress/industries?cid=N00026041&cycle=2014","last_updated":"02/27/2017"},"industry":[{"@attributes":{"industry_code":"A01","industry_name":"Crop Production & Basic Processing","indivs":"112350","pacs":"173750","total":"286100"}},{"@attributes":{"industry_code":"E01","industry_name":"Oil & Gas","indivs":"177250","pacs":"62500","total":"239750"}},{"@attributes":{"industry_code":"A07","industry_name":"Agricultural Services/Products","indivs":"2700","pacs":"125132","total":"127832"}},{"@attributes":{"industry_code":"F07","industry_name":"Securities & Investment","indivs":"20450","pacs":"80500","total":"100950"}},{"@attributes":{"industry_code":"A06","industry_name":"Livestock","indivs":"58600","pacs":"29500","total":"88100"}},{"@attributes":{"industry_code":"F11","industry_name":"Accountants","indivs":"22750","pacs":"45000","total":"67750"}},{"@attributes":{"industry_code":"W06","industry_name":"Retired","indivs":"59650","pacs":"0","total":"59650"}},{"@attributes":{"industry_code":"F03","industry_name":"Commercial Banks","indivs":"18650","pacs":"39000","total":"57650"}},{"@attributes":{"industry_code":"K01","industry_name":"Lawyers/Law Firms","indivs":"35750","pacs":"17500","total":"53250"}},{"@attributes":{"industry_code":"D01","industry_name":"Defense Aerospace","indivs":"0","pacs":"44000","total":"44000"}}]}}}