{"id":"C001087","title":"Representative","short_title":"Rep.","api_uri":"https://api.propublica.org/congress/v1/members/C001087.json","first_name":"Rick","middle_name":null,"last_name":"Crawford","suffix":null,"date_of_birth":"1966-01-22","gender":"M","party":"R","leadership_role":null,"twitter_account":"RepRickCrawford","facebook_account":"RepRickCrawford","youtube_account":"RepRickCrawford","govtrack_id":"412400","cspan_id":"623259","votesmart_id":"119208","icpsr_id":"21106","crp_id":"N00030770","google_entity_id":"/m/0czb3pp","fec_candidate_id":"H0AR01083","url":"https://crawford.house.gov","rss_url":"https://crawford.house.gov/news/rss.aspx","contact_form":null,"in_office":true,"dw_nominate":0.378,"ideal_point":null,"seniority":"8","next_election":"2018","total_votes":841,"missed_votes":23,"total_present":0,"ocd_id":"ocd-division/country:us/state:ar/cd:1","office":"2422 Rayburn House Office Building","phone":"202-225-4076","fax":"202-225-5602","state":"AR","district":"1","at_large":false,"geoid":"0501","missed_votes_pct":2.73,"votes_with_party_pct":98.04}