{"id":"C001088","title":"Senator, 2nd Class","short_title":"Sen.","api_uri":"https://api.propublica.org/congress/v1/members/C001088.json","first_name":"Christopher","middle_name":"A.","last_name":"Coons","suffix":null,"date_of_birth":"1963-09-09","gender":"M","party":"D","leadership_role":null,"twitter_account":"SenCoonsOffice","facebook_account":"senatorchriscoons","youtube_account":"senatorchriscoons","govtrack_id":"412390","cspan_id":"9269028","votesmart_id":"122834","icpsr_id":"40916","crp_id":"N00031820","google_entity_id":"/m/082d3d","fec_candidate_id":"S0DE00092","url":"https://www.coons.senate.gov","rss_url":"https://www.coons.senate.gov/rss/feeds/?type=press","contact_form":"https://www.coons.senate.gov/contact","in_office":true,"dw_nominate":-0.262,"ideal_point":null,"seniority":"9","next_election":"2020","total_votes":388,"missed_votes":10,"total_present":1,"ocd_id":"ocd-division/country:us/state:de","office":"127a Russell Senate Office Building","phone":"202-224-5042","fax":"202-228-3075","state":"DE","senate_class":"2","state_rank":"junior","lis_id":"S337","missed_votes_pct":2.58,"votes_with_party_pct":90.21,"response":{"industries":{"@attributes":{"cand_name":"Chris Coons (D)","cid":"N00031820","cycle":"2014","origin":"Center for Responsive Politics","source":"https://www.opensecrets.org/members-of-congress/industries?cid=N00031820&cycle=2014","last_updated":"02/27/2017"},"industry":[{"@attributes":{"industry_code":"K01","industry_name":"Lawyers/Law Firms","indivs":"1571690","pacs":"188390","total":"1760080"}},{"@attributes":{"industry_code":"Q03","industry_name":"Leadership PACs","indivs":"0","pacs":"587900","total":"587900"}},{"@attributes":{"industry_code":"F07","industry_name":"Securities & Investment","indivs":"394199","pacs":"88000","total":"482199"}},{"@attributes":{"industry_code":"K02","industry_name":"Lobbyists","indivs":"366847","pacs":"24330","total":"391177"}},{"@attributes":{"industry_code":"F10","industry_name":"Real Estate","indivs":"211100","pacs":"62500","total":"273600"}},{"@attributes":{"industry_code":"H04","industry_name":"Pharmaceuticals/Health Products","indivs":"75200","pacs":"189000","total":"264200"}},{"@attributes":{"industry_code":"F03","industry_name":"Commercial Banks","indivs":"103200","pacs":"122050","total":"225250"}},{"@attributes":{"industry_code":"W06","industry_name":"Retired","indivs":"219749","pacs":"0","total":"219749"}},{"@attributes":{"industry_code":"H01","industry_name":"Health Professionals","indivs":"134000","pacs":"78000","total":"212000"}},{"@attributes":{"industry_code":"F09","industry_name":"Insurance","indivs":"42477","pacs":"169000","total":"211477"}}]}}}