{"id":"C001080","title":"Representative","short_title":"Rep.","api_uri":"https://api.propublica.org/congress/v1/members/C001080.json","first_name":"Judy","middle_name":null,"last_name":"Chu","suffix":null,"date_of_birth":"1953-07-07","gender":"F","party":"D","leadership_role":null,"twitter_account":"RepJudyChu","facebook_account":"RepJudyChu","youtube_account":"RepJudyChu","govtrack_id":"412379","cspan_id":"92573","votesmart_id":"16539","icpsr_id":"20955","crp_id":"N00030600","google_entity_id":"/m/0krsk2","fec_candidate_id":"H0CA32101","url":"https://chu.house.gov","rss_url":"https://chu.house.gov/rss.xml","contact_form":null,"in_office":true,"dw_nominate":-0.498,"ideal_point":null,"seniority":"12","next_election":"2018","total_votes":841,"missed_votes":22,"total_present":0,"ocd_id":"ocd-division/country:us/state:ca/cd:27","office":"2423 Rayburn House Office Building","phone":"202-225-5464","fax":"202-225-5467","state":"CA","district":"27","at_large":false,"geoid":"0627","missed_votes_pct":2.62,"votes_with_party_pct":94.26}