{"id":"C001077","title":"Representative","short_title":"Rep.","api_uri":"https://api.propublica.org/congress/v1/members/C001077.json","first_name":"Mike","middle_name":null,"last_name":"Coffman","suffix":null,"date_of_birth":"1955-03-19","gender":"M","party":"R","leadership_role":null,"twitter_account":"RepMikeCoffman","facebook_account":"repmikecoffman","youtube_account":"CongressmanCoffman","govtrack_id":"412271","cspan_id":"1031340","votesmart_id":"1535","icpsr_id":"20906","crp_id":"N00024753","google_entity_id":"/m/03gy95d","fec_candidate_id":"H8CO06138","url":"https://coffman.house.gov","rss_url":null,"contact_form":null,"in_office":true,"dw_nominate":0.498,"ideal_point":null,"seniority":"10","next_election":"2018","total_votes":841,"missed_votes":4,"total_present":0,"ocd_id":"ocd-division/country:us/state:co/cd:6","office":"2443 Rayburn House Office Building","phone":"202-225-7882","fax":"202-226-4623","state":"CO","district":"6","at_large":false,"geoid":"0806","missed_votes_pct":0.48,"votes_with_party_pct":92.95}