{"id":"C001068","title":"Representative","short_title":"Rep.","api_uri":"https://api.propublica.org/congress/v1/members/C001068.json","first_name":"Steve","middle_name":null,"last_name":"Cohen","suffix":null,"date_of_birth":"1949-05-24","gender":"M","party":"D","leadership_role":null,"twitter_account":"RepCohen","facebook_account":"CongressmanSteveCohen","youtube_account":"repcohen","govtrack_id":"412236","cspan_id":"1022876","votesmart_id":"24340","icpsr_id":"20748","crp_id":"N00003225","google_entity_id":"/m/04l8cr","fec_candidate_id":"H6TN09068","url":"https://cohen.house.gov","rss_url":"https://cohen.house.gov/rss.xml","contact_form":null,"in_office":true,"dw_nominate":-0.402,"ideal_point":null,"seniority":"12","next_election":"2018","total_votes":841,"missed_votes":3,"total_present":2,"ocd_id":"ocd-division/country:us/state:tn/cd:9","office":"2404 Rayburn House Office Building","phone":"202-225-3265","fax":"202-225-5663","state":"TN","district":"9","at_large":false,"geoid":"4709","missed_votes_pct":0.36,"votes_with_party_pct":93.56}