{"id":"C001051","title":"Representative","short_title":"Rep.","api_uri":"https://api.propublica.org/congress/v1/members/C001051.json","first_name":"John","middle_name":null,"last_name":"Carter","suffix":null,"date_of_birth":"1941-11-06","gender":"M","party":"R","leadership_role":null,"twitter_account":"JudgeCarter","facebook_account":"judgecarter","youtube_account":"repjohncarter","govtrack_id":"400068","cspan_id":"1004257","votesmart_id":"49296","icpsr_id":"20356","crp_id":"N00025095","google_entity_id":"/m/03whyr","fec_candidate_id":"H2TX31044","url":"https://carter.house.gov","rss_url":"https://carter.house.gov/common/rss/?rss=40","contact_form":null,"in_office":true,"dw_nominate":0.467,"ideal_point":null,"seniority":"16","next_election":"2018","total_votes":841,"missed_votes":32,"total_present":0,"ocd_id":"ocd-division/country:us/state:tx/cd:31","office":"2110 Rayburn House Office Building","phone":"202-225-3864","fax":"202-225-5886","state":"TX","district":"31","at_large":false,"geoid":"4831","missed_votes_pct":3.8,"votes_with_party_pct":97.53,"response":{"industries":{"@attributes":{"cand_name":"John Carter (R)","cid":"N00025095","cycle":"2014","origin":"Center for Responsive Politics","source":"https://www.opensecrets.org/members-of-congress/industries?cid=N00025095&cycle=2014","last_updated":"02/27/2017"},"industry":[{"@attributes":{"industry_code":"D01","industry_name":"Defense Aerospace","indivs":"0","pacs":"50500","total":"50500"}},{"@attributes":{"industry_code":"E01","industry_name":"Oil & Gas","indivs":"10600","pacs":"36000","total":"46600"}},{"@attributes":{"industry_code":"F10","industry_name":"Real Estate","indivs":"37600","pacs":"9000","total":"46600"}},{"@attributes":{"industry_code":"K01","industry_name":"Lawyers/Law Firms","indivs":"32350","pacs":"13250","total":"45600"}},{"@attributes":{"industry_code":"M01","industry_name":"Air Transport","indivs":"250","pacs":"41000","total":"41250"}},{"@attributes":{"industry_code":"H01","industry_name":"Health Professionals","indivs":"28965","pacs":"12000","total":"40965"}},{"@attributes":{"industry_code":"F03","industry_name":"Commercial Banks","indivs":"18000","pacs":"15500","total":"33500"}},{"@attributes":{"industry_code":"K02","industry_name":"Lobbyists","indivs":"31950","pacs":"1000","total":"32950"}},{"@attributes":{"industry_code":"W06","industry_name":"Retired","indivs":"28600","pacs":"0","total":"28600"}},{"@attributes":{"industry_code":"C04","industry_name":"Construction Services","indivs":"15200","pacs":"12500","total":"27700"}}]}}}