{"id":"C001056","title":"Senator, 2nd Class","short_title":"Sen.","api_uri":"https://api.propublica.org/congress/v1/members/C001056.json","first_name":"John","middle_name":null,"last_name":"Cornyn","suffix":null,"date_of_birth":"1952-02-02","gender":"M","party":"R","leadership_role":"Assistant Leader","twitter_account":"JohnCornyn","facebook_account":"sen.johncornyn","youtube_account":"senjohncornyn","govtrack_id":"300027","cspan_id":"93131","votesmart_id":"15375","icpsr_id":"40305","crp_id":"N00024852","google_entity_id":"/m/01xcqs","fec_candidate_id":"S2TX00106","url":"https://www.cornyn.senate.gov","rss_url":null,"contact_form":"https://www.cornyn.senate.gov/contact","in_office":true,"dw_nominate":0.496,"ideal_point":null,"seniority":"15","next_election":"2020","total_votes":388,"missed_votes":0,"total_present":0,"ocd_id":"ocd-division/country:us/state:tx","office":"517 Hart Senate Office Building","phone":"202-224-2934","fax":"202-228-2856","state":"TX","senate_class":"2","state_rank":"senior","lis_id":"S287","missed_votes_pct":0,"votes_with_party_pct":98.97}