{"id":"C001063","title":"Representative","short_title":"Rep.","api_uri":"https://api.propublica.org/congress/v1/members/C001063.json","first_name":"Henry","middle_name":null,"last_name":"Cuellar","suffix":null,"date_of_birth":"1955-09-19","gender":"M","party":"D","leadership_role":null,"twitter_account":"RepCuellar","facebook_account":"152569121550","youtube_account":"henrycuellar","govtrack_id":"400657","cspan_id":"1013062","votesmart_id":"5486","icpsr_id":"20533","crp_id":"N00024978","google_entity_id":"/m/04clj6","fec_candidate_id":"H2TX23082","url":"https://cuellar.house.gov","rss_url":"https://cuellar.house.gov/news/rss.aspx","contact_form":null,"in_office":true,"dw_nominate":-0.227,"ideal_point":null,"seniority":"14","next_election":"2018","total_votes":841,"missed_votes":13,"total_present":0,"ocd_id":"ocd-division/country:us/state:tx/cd:28","office":"2209 Rayburn House Office Building","phone":"202-225-1640","fax":"202-225-1641","state":"TX","district":"28","at_large":false,"geoid":"4828","missed_votes_pct":1.55,"votes_with_party_pct":78.38,"response":{"industries":{"@attributes":{"cand_name":"Henry Cuellar (D)","cid":"N00024978","cycle":"2012","origin":"Center for Responsive Politics","source":"https://www.opensecrets.org/members-of-congress/industries?cid=N00024978&cycle=2012","last_updated":"03/25/2013"},"industry":[{"@attributes":{"industry_code":"E01","industry_name":"Oil & Gas","indivs":"18375","pacs":"78000","total":"96375"}},{"@attributes":{"industry_code":"H01","industry_name":"Health Professionals","indivs":"45700","pacs":"45500","total":"91200"}},{"@attributes":{"industry_code":"K01","industry_name":"Lawyers/Law Firms","indivs":"58542","pacs":"19000","total":"77542"}},{"@attributes":{"industry_code":"C04","industry_name":"Construction Services","indivs":"48600","pacs":"16250","total":"64850"}},{"@attributes":{"industry_code":"N05","industry_name":"Business Services","indivs":"48900","pacs":"6500","total":"55400"}},{"@attributes":{"industry_code":"A01","industry_name":"Crop Production & Basic Processing","indivs":"9250","pacs":"38000","total":"47250"}},{"@attributes":{"industry_code":"F03","industry_name":"Commercial Banks","indivs":"15500","pacs":"25000","total":"40500"}},{"@attributes":{"industry_code":"N03","industry_name":"Retail Sales","indivs":"14200","pacs":"25499","total":"39699"}},{"@attributes":{"industry_code":"A07","industry_name":"Agricultural Services/Products","indivs":"0","pacs":"37647","total":"37647"}},{"@attributes":{"industry_code":"F09","industry_name":"Insurance","indivs":"11000","pacs":"24500","total":"35500"}}]}}}