{"id":"C001076","title":"Representative","short_title":"Rep.","api_uri":"https://api.propublica.org/congress/v1/members/C001076.json","first_name":"Jason","middle_name":null,"last_name":"Chaffetz","suffix":null,"date_of_birth":"1967-03-26","gender":"M","party":"R","leadership_role":null,"twitter_account":"JasonInTheHouse","facebook_account":"CongressmanJasonChaffetz","youtube_account":"JasonChaffetz","govtrack_id":"412270","cspan_id":"1031362","votesmart_id":"103482","icpsr_id":"20949","crp_id":"N00028958","google_entity_id":"/m/047blr4","fec_candidate_id":"H8UT03089","url":"http://clerk.house.gov/member_info/vacancies_pr.aspx?pr=house&amp;vid=111","rss_url":null,"contact_form":null,"in_office":false,"dw_nominate":0.647,"ideal_point":null,"seniority":"10","next_election":"2018","total_votes":344,"missed_votes":45,"total_present":0,"ocd_id":"ocd-division/country:us/state:ut/cd:3","office":"2236 Rayburn House Office Building","phone":"202-225-7751","fax":"202-225-5629","state":"UT","district":"3","at_large":false,"geoid":"4903","missed_votes_pct":13.08,"votes_with_party_pct":98.33,"response":{"industries":{"@attributes":{"cand_name":"Jason Chaffetz (R)","cid":"N00028958","cycle":"2012","origin":"Center for Responsive Politics","source":"https://www.opensecrets.org/members-of-congress/industries?cid=N00028958&cycle=2012","last_updated":"03/25/2013"},"industry":[{"@attributes":{"industry_code":"B12","industry_name":"Computers/Internet","indivs":"18750","pacs":"46093","total":"64843"}},{"@attributes":{"industry_code":"N05","industry_name":"Business Services","indivs":"50180","pacs":"2500","total":"52680"}},{"@attributes":{"industry_code":"N15","industry_name":"Misc Manufacturing & Distributing","indivs":"24900","pacs":"19500","total":"44400"}},{"@attributes":{"industry_code":"H04","industry_name":"Pharmaceuticals/Health Products","indivs":"16250","pacs":"23345","total":"39595"}},{"@attributes":{"industry_code":"F03","industry_name":"Commercial Banks","indivs":"10700","pacs":"26000","total":"36700"}},{"@attributes":{"industry_code":"E01","industry_name":"Oil & Gas","indivs":"5000","pacs":"25000","total":"30000"}},{"@attributes":{"industry_code":"H01","industry_name":"Health Professionals","indivs":"11900","pacs":"16500","total":"28400"}},{"@attributes":{"industry_code":"K02","industry_name":"Lobbyists","indivs":"25348","pacs":"1500","total":"26848"}},{"@attributes":{"industry_code":"F07","industry_name":"Securities & Investment","indivs":"14700","pacs":"9500","total":"24200"}},{"@attributes":{"industry_code":"F06","industry_name":"Finance/Credit Companies","indivs":"3400","pacs":"19800","total":"23200"}}]}}}