{"id":"C001072","title":"Representative","short_title":"Rep.","api_uri":"https://api.propublica.org/congress/v1/members/C001072.json","first_name":"André","middle_name":null,"last_name":"Carson","suffix":null,"date_of_birth":"1974-10-16","gender":"M","party":"D","leadership_role":null,"twitter_account":"RepAndreCarson","facebook_account":"CongressmanAndreCarson","youtube_account":"repandrecarson","govtrack_id":"412258","cspan_id":"1027364","votesmart_id":"84917","icpsr_id":"20757","crp_id":"N00029513","google_entity_id":"/m/03qcvz1","fec_candidate_id":"H8IN07184","url":"https://carson.house.gov","rss_url":"https://carson.house.gov/rss.xml","contact_form":null,"in_office":true,"dw_nominate":-0.431,"ideal_point":null,"seniority":"12","next_election":"2018","total_votes":841,"missed_votes":20,"total_present":0,"ocd_id":"ocd-division/country:us/state:in/cd:7","office":"2135 Rayburn House Office Building","phone":"202-225-4011","fax":"202-225-5633","state":"IN","district":"7","at_large":false,"geoid":"1807","missed_votes_pct":2.38,"votes_with_party_pct":93.54,"response":{"industries":{"@attributes":{"cand_name":"Andre Carson (D)","cid":"N00029513","cycle":"2012","origin":"Center for Responsive Politics","source":"https://www.opensecrets.org/members-of-congress/industries?cid=N00029513&cycle=2012","last_updated":"03/25/2013"},"industry":[{"@attributes":{"industry_code":"K01","industry_name":"Lawyers/Law Firms","indivs":"70406","pacs":"11500","total":"81906"}},{"@attributes":{"industry_code":"H01","industry_name":"Health Professionals","indivs":"58050","pacs":"21500","total":"79550"}},{"@attributes":{"industry_code":"F07","industry_name":"Securities & Investment","indivs":"18500","pacs":"30500","total":"49000"}},{"@attributes":{"industry_code":"P02","industry_name":"Industrial Unions","indivs":"0","pacs":"46000","total":"46000"}},{"@attributes":{"industry_code":"P01","industry_name":"Building Trade Unions","indivs":"500","pacs":"44250","total":"44750"}},{"@attributes":{"industry_code":"F10","industry_name":"Real Estate","indivs":"18000","pacs":"23750","total":"41750"}},{"@attributes":{"industry_code":"P04","industry_name":"Public Sector Unions","indivs":"0","pacs":"37000","total":"37000"}},{"@attributes":{"industry_code":"F11","industry_name":"Accountants","indivs":"8000","pacs":"29000","total":"37000"}},{"@attributes":{"industry_code":"F09","industry_name":"Insurance","indivs":"5558","pacs":"29000","total":"34558"}},{"@attributes":{"industry_code":"C04","industry_name":"Construction Services","indivs":"30700","pacs":"2000","total":"32700"}}]}}}