{"id":"C001066","title":"Representative","short_title":"Rep.","api_uri":"https://api.propublica.org/congress/v1/members/C001066.json","first_name":"Kathy","middle_name":null,"last_name":"Castor","suffix":null,"date_of_birth":"1966-08-20","gender":"F","party":"D","leadership_role":null,"twitter_account":"USRepKCastor","facebook_account":"USRepKathyCastor","youtube_account":"RepKathyCastor","govtrack_id":"412195","cspan_id":"1022874","votesmart_id":"53825","icpsr_id":"20708","crp_id":"N00027514","google_entity_id":"/m/0dq1v6","fec_candidate_id":"H6FL11126","url":"https://castor.house.gov","rss_url":"https://castor.house.gov/news/rss.aspx","contact_form":null,"in_office":true,"dw_nominate":-0.434,"ideal_point":null,"seniority":"12","next_election":"2018","total_votes":841,"missed_votes":20,"total_present":0,"ocd_id":"ocd-division/country:us/state:fl/cd:14","office":"2052 Rayburn House Office Building","phone":"202-225-3376","fax":"202-225-5652","state":"FL","district":"14","at_large":false,"geoid":"1214","missed_votes_pct":2.38,"votes_with_party_pct":94.64}