{"id":"C001059","title":"Representative","short_title":"Rep.","api_uri":"https://api.propublica.org/congress/v1/members/C001059.json","first_name":"Jim","middle_name":null,"last_name":"Costa","suffix":null,"date_of_birth":"1952-04-13","gender":"M","party":"D","leadership_role":null,"twitter_account":"RepJimCosta","facebook_account":"RepJimCosta","youtube_account":"RepJimCostaCA20","govtrack_id":"400618","cspan_id":"19599","votesmart_id":"3577","icpsr_id":"20501","crp_id":"N00026341","google_entity_id":"/m/04chm2","fec_candidate_id":"H4CA20082","url":"https://costa.house.gov","rss_url":"https://costa.house.gov/rss.xml","contact_form":null,"in_office":true,"dw_nominate":-0.186,"ideal_point":null,"seniority":"14","next_election":"2018","total_votes":841,"missed_votes":131,"total_present":0,"ocd_id":"ocd-division/country:us/state:ca/cd:16","office":"2081 Rayburn House Office Building","phone":"202-225-3341","fax":"202-225-9308","state":"CA","district":"16","at_large":false,"geoid":"0616","missed_votes_pct":15.58,"votes_with_party_pct":80.99}