{"id":"C001069","title":"Representative","short_title":"Rep.","api_uri":"https://api.propublica.org/congress/v1/members/C001069.json","first_name":"Joe","middle_name":null,"last_name":"Courtney","suffix":null,"date_of_birth":"1953-04-06","gender":"M","party":"D","leadership_role":null,"twitter_account":"RepJoeCourtney","facebook_account":"joecourtney","youtube_account":"repcourtney","govtrack_id":"412193","cspan_id":"1021284","votesmart_id":"30333","icpsr_id":"20706","crp_id":"N00024842","google_entity_id":"/m/0700nd","fec_candidate_id":"H2CT02112","url":"https://courtney.house.gov","rss_url":"https://courtney.house.gov/rss.xml","contact_form":null,"in_office":true,"dw_nominate":-0.34,"ideal_point":null,"seniority":"12","next_election":"2018","total_votes":841,"missed_votes":14,"total_present":0,"ocd_id":"ocd-division/country:us/state:ct/cd:2","office":"2348 Rayburn House Office Building","phone":"202-225-2076","fax":"202-225-4977","state":"CT","district":"2","at_large":false,"geoid":"0902","missed_votes_pct":1.66,"votes_with_party_pct":93.95}