{"id":"C001049","title":"Representative","short_title":"Rep.","api_uri":"https://api.propublica.org/congress/v1/members/C001049.json","first_name":"William","middle_name":"Lacy","last_name":"Clay","suffix":null,"date_of_birth":"1956-07-27","gender":"M","party":"D","leadership_role":null,"twitter_account":null,"facebook_account":"109135405838588","youtube_account":"WilliamLacyClay","govtrack_id":"400074","cspan_id":"88332","votesmart_id":"8967","icpsr_id":"20147","crp_id":"N00012460","google_entity_id":"/m/024vjr","fec_candidate_id":"H0MO01066","url":"https://lacyclay.house.gov","rss_url":null,"contact_form":null,"in_office":true,"dw_nominate":-0.485,"ideal_point":null,"seniority":"18","next_election":"2018","total_votes":841,"missed_votes":34,"total_present":0,"ocd_id":"ocd-division/country:us/state:mo/cd:1","office":"2428 Rayburn House Office Building","phone":"202-225-2406","fax":"202-226-3717","state":"MO","district":"1","at_large":false,"geoid":"2901","missed_votes_pct":4.04,"votes_with_party_pct":93.93,"response":{"industries":{"@attributes":{"cand_name":"William L Clay Jr (D)","cid":"N00012460","cycle":"2014","origin":"Center for Responsive Politics","source":"https://www.opensecrets.org/members-of-congress/industries?cid=N00012460&cycle=2014","last_updated":"02/27/2017"},"industry":[{"@attributes":{"industry_code":"P04","industry_name":"Public Sector Unions","indivs":"0","pacs":"40500","total":"40500"}},{"@attributes":{"industry_code":"P02","industry_name":"Industrial Unions","indivs":"0","pacs":"35500","total":"35500"}},{"@attributes":{"industry_code":"K01","industry_name":"Lawyers/Law Firms","indivs":"13330","pacs":"17000","total":"30330"}},{"@attributes":{"industry_code":"F09","industry_name":"Insurance","indivs":"0","pacs":"30000","total":"30000"}},{"@attributes":{"industry_code":"F10","industry_name":"Real Estate","indivs":"2000","pacs":"27500","total":"29500"}},{"@attributes":{"industry_code":"P01","industry_name":"Building Trade Unions","indivs":"0","pacs":"29000","total":"29000"}},{"@attributes":{"industry_code":"F07","industry_name":"Securities & Investment","indivs":"2000","pacs":"21500","total":"23500"}},{"@attributes":{"industry_code":"H01","industry_name":"Health Professionals","indivs":"5750","pacs":"13500","total":"19250"}},{"@attributes":{"industry_code":"M02","industry_name":"Automotive","indivs":"0","pacs":"16500","total":"16500"}},{"@attributes":{"industry_code":"P03","industry_name":"Transportation Unions","indivs":"0","pacs":"16000","total":"16000"}},{"@attributes":{"industry_code":"F06","industry_name":"Finance/Credit Companies","indivs":"0","pacs":"16000","total":"16000"}}]}}}